   0	9.172445e-01	2.617743e+12	6.981832e+13
   1	nan	nan	nan
   2	nan	nan	nan
   3	nan	nan	nan
   0	5.466903e-02	1.113490e+01	1.142673e+01
   1	5.466903e-02	inf	nan
   2	5.466903e-02	inf	nan
   3	5.466903e-02	inf	nan
   4	5.466903e-02	inf	nan
   5	nan	nan	nan
   0	5.549157e-17	4.582066e-02	3.547473e-02
   1	5.549157e-17	2.061903e-02	2.720735e-02
   2	5.549157e-17	1.560722e-02	2.876969e-02
   3	5.549157e-17	1.513044e-02	2.926268e-02
   0	5.466903e-02	1.938399e+00	1.974168e+00
   1	5.466903e-02	1.637264e+00	8.929544e+00
   2	5.063605e-02	3.511191e+00	4.796865e+01
   3	5.063605e-02	4.580791e+00	1.042114e+02
   4	5.063605e-02	4.739841e+00	9.037521e+01
   5	4.830412e-02	4.386704e+00	8.465110e+01
   6	4.830412e-02	1.140616e+00	4.449199e+00
   7	2.633301e-02	2.013560e+00	1.836100e+01
   8	2.633301e-02	1.263820e+00	1.131750e+01
   9	2.633301e-02	7.021501e+00	1.645161e+02
  10	2.633301e-02	5.178818e+00	9.599557e+01
  11	2.633301e-02	2.756283e+00	4.745085e+01
  12	2.633301e-02	1.330916e+00	9.920523e+00
  13	2.633301e-02	1.447131e+00	6.427170e+00
  14	2.633301e-02	1.683381e+00	7.205175e+00
  15	2.633301e-02	3.264594e+00	4.098498e+01
  16	2.633301e-02	1.888012e+00	1.739072e+01
  17	2.633301e-02	2.253875e+00	1.811787e+01
  18	2.633301e-02	8.290388e+00	2.154675e+02
  19	2.633301e-02	1.565754e+00	1.062730e+01
  20	2.633301e-02	4.285037e+00	9.494533e+01
  21	2.145471e-02	1.845787e+00	1.821463e+01
  22	2.145471e-02	9.303369e+00	2.478897e+02
  23	2.145471e-02	1.720790e+00	1.318384e+01
  24	2.145471e-02	4.228649e+00	5.866761e+01
  25	2.145471e-02	1.456597e+00	8.033725e+00
  26	2.145471e-02	3.396590e+02	1.065909e+04
  27	2.145471e-02	1.609961e+01	4.291091e+02
  28	2.145471e-02	5.505820e+00	1.419210e+02
  29	2.145471e-02	2.240206e+00	2.172870e+01
  30	2.145471e-02	1.195896e+01	3.454175e+02
  31	2.145471e-02	2.332919e+00	3.036337e+01
  32	2.145471e-02	1.420518e+00	1.223706e+01
  33	2.145471e-02	8.090435e+00	1.659061e+02
  34	2.145471e-02	1.378695e+00	1.546537e+01
  35	2.145471e-02	8.945509e-01	3.217449e+00
  36	2.145471e-02	7.067645e-01	1.941015e+00
  37	2.145471e-02	9.599780e+00	2.202128e+02
  38	2.145471e-02	3.295160e+00	8.280575e+01
  39	2.145471e-02	2.110344e+00	4.693716e+01
  40	2.145471e-02	2.918473e+02	9.200916e+03
  41	2.145471e-02	6.283447e-01	2.971780e+00
  42	2.145471e-02	7.484939e-01	7.276176e+00
  43	2.145471e-02	6.188188e-01	3.102876e+00
  44	2.145471e-02	4.661807e-01	1.699276e+00
  45	2.145471e-02	5.174583e-01	1.755534e+00
  46	2.018913e-02	5.007490e-01	3.000001e+00
  47	2.018913e-02	5.549858e-01	1.903788e+00
  48	2.018913e-02	1.248407e+01	3.805255e+02
  49	2.018913e-02	4.457836e-01	1.080443e+00
  50	2.018913e-02	4.605870e-01	1.206266e+00
  51	2.018913e-02	5.186133e-01	1.392059e+00
  52	2.018913e-02	6.882413e-01	5.813817e+00
  53	2.018913e-02	5.761318e-01	2.748598e+00
  54	2.018913e-02	4.526715e-01	1.002946e+00
  55	2.018913e-02	4.869574e-01	1.175214e+00
  56	2.018913e-02	5.211876e-01	1.757579e+00
  57	2.018913e-02	5.222332e-01	2.522063e+00
  58	2.018913e-02	4.977650e-01	1.352483e+00
  59	2.018913e-02	5.013475e-01	1.977982e+00
  60	2.018913e-02	8.473862e+00	2.466291e+02
  61	2.018913e-02	8.106715e-01	8.333051e+00
  62	2.018913e-02	4.782001e+01	1.491079e+03
  63	1.407364e-02	4.962908e-01	1.564777e+00
  64	1.407364e-02	8.703994e-01	8.722693e+00
  65	1.407364e-02	5.584295e-01	2.117788e+00
  66	1.407364e-02	2.018190e+01	6.120443e+02
  67	1.407364e-02	4.580065e-01	8.584844e-01
  68	1.407364e-02	1.025862e+00	1.243696e+01
  69	1.407364e-02	1.572429e+00	2.849722e+01
  70	1.407364e-02	6.785844e-01	3.548209e+00
  71	1.407364e-02	9.274806e-01	1.085994e+01
  72	1.407364e-02	8.718210e-01	5.487511e+00
  73	1.407364e-02	7.097856e-01	4.868459e+00
  74	1.407364e-02	5.536789e-01	1.869264e+00
  75	1.407364e-02	5.705335e-01	1.922126e+00
  76	1.407364e-02	5.525462e-01	2.285053e+00
  77	1.407364e-02	6.327700e-01	2.339653e+00
  78	1.407364e-02	5.153095e-01	1.756905e+00
  79	1.407364e-02	6.086169e-01	2.049243e+00
  80	1.407364e-02	1.072677e+00	1.193139e+01
  81	1.407364e-02	7.757496e-01	4.314387e+00
  82	1.407364e-02	1.763823e+00	3.351194e+01
  83	1.407364e-02	1.273854e+00	1.424843e+01
  84	1.407364e-02	7.052349e-01	3.677591e+00
  85	1.407364e-02	6.089538e-01	2.530078e+00
  86	1.407364e-02	6.380478e-01	2.739692e+00
  87	1.407364e-02	7.680602e-01	6.882223e+00
  88	1.407364e-02	2.446716e+00	5.911378e+01
  89	1.407364e-02	8.212140e-01	7.015415e+00
  90	1.407364e-02	6.425343e-01	2.462188e+00
  91	1.407364e-02	1.287747e+00	1.680474e+01
  92	1.407364e-02	5.736455e-01	1.745150e+00
  93	1.407364e-02	5.467194e-01	1.921138e+00
  94	1.407364e-02	5.684580e-01	1.819393e+00
  95	1.407364e-02	1.276734e+00	1.995159e+01
  96	1.407364e-02	8.570122e-01	7.335008e+00
  97	1.407364e-02	6.182797e-01	2.196143e+00
  98	1.407364e-02	4.236178e+00	1.141386e+02
  99	1.407364e-02	9.793566e-01	1.217815e+01
 100	1.407364e-02	7.567862e-01	4.742889e+00
 101	1.407364e-02	5.549767e-01	1.296366e+00
 102	1.407364e-02	6.430629e-01	2.067590e+00
 103	1.407364e-02	1.055983e+00	1.053946e+01
 104	1.407364e-02	6.369128e-01	2.103177e+00
 105	1.407364e-02	8.099679e-01	4.612109e+00
 106	1.407364e-02	5.702428e-01	1.955033e+00
 107	1.407364e-02	3.776324e+00	9.108557e+01
 108	1.407364e-02	1.029983e+00	9.532202e+00
 109	1.407364e-02	1.247085e+00	2.390186e+01
 110	1.407364e-02	7.200663e-01	3.476071e+00
 111	1.407364e-02	6.919089e+01	1.866735e+03
 112	1.407364e-02	5.382830e-01	1.279341e+00
 113	1.407364e-02	6.653349e-01	3.913380e+00
 114	1.407364e-02	5.857126e-01	1.820927e+00
 115	1.407364e-02	6.329532e-01	2.718281e+00
 116	1.407364e-02	5.604874e-01	1.568037e+00
 117	1.407364e-02	7.446384e+00	1.821191e+02
 118	1.407364e-02	1.588452e+00	1.582754e+01
 119	1.407364e-02	4.837149e-01	9.737953e-01
 120	1.407364e-02	5.832461e-01	2.294625e+00
 121	1.407364e-02	5.685742e-01	2.002896e+00
 122	1.407364e-02	5.843743e-01	1.604532e+00
 123	1.407364e-02	7.501212e-01	7.216946e+00
 124	1.407364e-02	9.693950e-01	8.399024e+00
 125	1.407364e-02	5.662764e-01	2.158693e+00
 126	1.407364e-02	7.745103e-01	6.040357e+00
 127	1.407364e-02	5.452495e-01	1.833106e+00
 128	1.407364e-02	6.564760e-01	2.664337e+00
 129	1.407364e-02	3.559956e+00	6.096145e+01
 130	1.407364e-02	6.391322e-01	2.698156e+00
 131	1.407364e-02	5.580569e-01	2.002524e+00
 132	1.407364e-02	6.780281e-01	3.896534e+00
 133	1.407364e-02	9.762971e-01	1.040107e+01
 134	1.407364e-02	5.997389e-01	2.409424e+00
 135	1.407364e-02	1.489709e+00	2.946072e+01
 136	1.407364e-02	1.207412e+00	1.784390e+01
 137	1.407364e-02	6.273033e-01	2.249818e+00
 138	1.407364e-02	7.442993e-01	3.661816e+00
 139	1.407364e-02	5.679263e-01	2.211863e+00
 140	1.407364e-02	5.081611e-01	9.350303e-01
 141	1.407364e-02	7.022311e-01	3.696339e+00
 142	1.407364e-02	6.987299e-01	4.033038e+00
 143	1.324374e-02	9.991924e-01	8.872456e+00
 144	1.324374e-02	8.138178e-01	5.977211e+00
 145	1.324374e-02	7.288069e-01	2.865488e+00
 146	1.324374e-02	6.572308e-01	2.517664e+00
 147	1.324374e-02	1.828574e+02	5.740406e+03
 148	1.324374e-02	8.473306e-01	8.917960e+00
 149	1.324374e-02	6.536533e-01	2.846857e+00
 150	1.324374e-02	1.019204e+00	8.831945e+00
 151	1.324374e-02	8.803918e-01	4.446508e+00
 152	1.324374e-02	5.852076e-01	3.156966e+00
 153	1.324374e-02	6.314466e-01	2.596626e+00
 154	1.324374e-02	1.902877e+00	3.385833e+01
 155	1.324374e-02	6.916796e-01	6.097033e+00
 156	1.324374e-02	6.128858e-01	1.663277e+00
 157	1.324374e-02	9.356499e-01	1.036815e+01
 158	1.324374e-02	2.709460e+05	8.563762e+06
 159	1.115479e-02	1.945225e+00	3.992796e+01
 160	1.115479e-02	6.633842e-01	2.265863e+00
 161	1.115479e-02	8.127404e+00	2.335997e+02
 162	1.115479e-02	1.899067e+00	2.768998e+01
 163	1.115479e-02	1.062745e+00	9.395499e+00
 164	1.115479e-02	8.863667e-01	8.791080e+00
 165	1.115479e-02	1.048191e+00	7.643579e+00
 166	1.115479e-02	6.368564e-01	2.263562e+00
 167	1.115479e-02	5.997657e-01	2.850607e+00
 168	1.115479e-02	1.683315e+00	1.978691e+01
 169	1.115479e-02	6.758846e+00	1.709810e+02
 170	1.115479e-02	4.118491e+01	1.275047e+03
 171	1.115479e-02	3.900347e+00	1.023419e+02
 172	1.115479e-02	4.873059e-01	1.734068e+00
 173	1.115479e-02	8.929378e-01	9.986916e+00
 174	1.115479e-02	1.198063e+02	3.648875e+03
 175	1.115479e-02	1.240600e+00	1.069298e+01
 176	1.115479e-02	9.518406e-01	9.237344e+00
 177	1.115479e-02	1.240998e+01	3.614691e+02
 178	1.115479e-02	9.054130e-01	8.612029e+00
 179	1.115479e-02	2.267148e+00	4.782914e+01
 180	1.115479e-02	3.412674e+01	1.057170e+03
 181	1.115479e-02	1.521034e+00	1.557954e+01
 182	1.115479e-02	2.046149e+00	4.693778e+01
 183	1.115479e-02	7.513610e-01	7.122596e+00
 184	1.115479e-02	7.813731e-01	5.123319e+00
 185	1.115479e-02	5.307618e-01	1.904047e+00
 186	1.115479e-02	8.360067e-01	8.409442e+00
 187	1.115479e-02	7.158685e-01	6.334062e+00
 188	1.115479e-02	5.169334e-01	1.804179e+00
 189	1.115479e-02	7.637389e-01	3.431369e+00
 190	1.115479e-02	3.891108e+02	1.227704e+04
 191	1.115479e-02	6.785328e-01	3.183265e+00
 192	1.115479e-02	9.771472e-01	8.809556e+00
 193	1.115479e-02	7.577463e-01	3.330426e+00
 194	1.115479e-02	1.572653e+00	1.626982e+01
 195	1.115479e-02	1.108089e+00	1.069048e+01
 196	1.115479e-02	2.006894e+00	4.313355e+01
 197	1.115479e-02	6.602515e-01	3.222986e+00
 198	1.115479e-02	7.175006e-01	2.866334e+00
 199	1.115479e-02	8.397147e+00	2.235942e+02
 200	1.115479e-02	1.696062e+00	2.920422e+01
 201	1.115479e-02	7.356665e-01	3.546329e+00
 202	1.115479e-02	6.702014e-01	3.052863e+00
 203	1.115479e-02	5.996557e-01	1.476654e+00
 204	1.115479e-02	8.240412e-01	5.411886e+00
 205	1.115479e-02	8.025251e-01	4.342265e+00
 206	1.115479e-02	9.013568e-01	7.592400e+00
 207	1.115479e-02	8.556345e+00	2.396525e+02
 208	1.115479e-02	1.343827e+00	1.222700e+01
 209	1.115479e-02	9.441170e-01	8.055037e+00
 210	1.115479e-02	5.563911e-01	2.008391e+00
 211	1.115479e-02	8.537449e-01	4.059602e+00
 212	1.115479e-02	5.608598e-01	1.805761e+00
 213	1.115479e-02	5.204965e+00	8.663814e+01
 214	1.115479e-02	1.092222e+00	1.081940e+01
 215	1.115479e-02	1.056652e+00	9.357218e+00
 216	1.115479e-02	6.604608e-01	2.699064e+00
 217	1.115479e-02	6.218489e-01	2.250323e+00
 218	1.115479e-02	6.227010e-01	2.335695e+00
 219	1.115479e-02	4.690379e+01	1.457951e+03
 220	1.115479e-02	8.368410e-01	3.347580e+00
 221	1.115479e-02	2.551397e+00	4.484677e+01
 222	1.115479e-02	1.939723e+00	3.189469e+01
 223	1.115479e-02	1.432761e+00	1.265196e+01
 224	1.115479e-02	1.283465e+00	1.065688e+01
 225	1.115479e-02	1.364651e+00	1.528184e+01
 226	1.115479e-02	3.425493e+00	5.997848e+01
 227	1.115479e-02	1.291317e+00	1.565272e+01
 228	1.115479e-02	8.265076e-01	3.883361e+00
 229	1.115479e-02	6.847064e-01	2.759825e+00
 230	1.115479e-02	6.869633e-01	2.061765e+00
 231	1.115479e-02	1.032258e+00	8.528436e+00
 232	1.115479e-02	7.404386e-01	2.874512e+00
 233	1.115479e-02	6.230907e-01	2.733289e+00
 234	1.115479e-02	8.049471e-01	3.094121e+00
 235	1.115479e-02	7.924582e-01	3.492311e+00
 236	1.115479e-02	2.879356e+00	7.408721e+01
 237	1.115479e-02	2.638624e+00	4.233057e+01
 238	1.115479e-02	2.827738e+00	4.810474e+01
 239	1.115479e-02	1.072448e+00	1.063801e+01
 240	1.115479e-02	8.417675e-01	8.391642e+00
 241	1.115479e-02	1.015991e+00	8.786163e+00
 242	1.115479e-02	9.761220e-01	7.443119e+00
 243	1.115479e-02	4.092450e+01	1.268119e+03
 244	1.115479e-02	7.337316e-01	3.090604e+00
 245	1.115479e-02	4.477632e+00	1.021751e+02
 246	1.115479e-02	1.317347e+00	1.128373e+01
 247	1.115479e-02	8.502498e+00	2.272600e+02
 248	1.115479e-02	4.276266e+01	1.326365e+03
 249	1.115479e-02	7.046656e-01	4.606653e+00
 250	1.115479e-02	1.216200e+00	1.152842e+01
 251	1.115479e-02	2.467587e+01	5.381408e+02
 252	1.115479e-02	3.616131e+00	6.788012e+01
 253	1.115479e-02	1.749656e+00	3.248346e+01
 254	1.115479e-02	1.536651e+00	1.668486e+01
 255	1.115479e-02	5.207761e+01	1.579796e+03
 256	1.115479e-02	1.942196e+00	2.461408e+01
 257	1.115479e-02	3.733870e+00	6.961124e+01
 258	1.115479e-02	8.836321e-01	7.766013e+00
 259	1.115479e-02	8.741575e-01	3.769488e+00
 260	1.115479e-02	3.908563e+00	8.567193e+01
 261	1.115479e-02	4.123723e+01	1.252173e+03
 262	1.115479e-02	2.124583e+00	3.082137e+01
 263	1.115479e-02	2.650790e+00	5.299444e+01
 264	1.115479e-02	6.069568e-01	2.369182e+00
 265	1.115479e-02	3.230720e+00	6.140671e+01
 266	1.059286e-02	2.043173e+01	6.008324e+02
 267	1.059286e-02	1.164888e+00	1.195752e+01
 268	1.059286e-02	8.712330e-01	4.417119e+00
 269	1.059286e-02	1.454592e+00	1.936827e+01
 270	1.059286e-02	1.252618e+00	1.211677e+01
 271	1.059286e-02	8.392658e-01	3.884804e+00
 272	1.059286e-02	6.944716e-01	3.116170e+00
 273	1.059286e-02	7.702491e-01	3.116371e+00
 274	1.059286e-02	7.716551e-01	2.939838e+00
 275	1.059286e-02	2.631457e+00	5.064297e+01
 276	1.059286e-02	1.251759e+00	1.155593e+01
 277	1.059286e-02	1.311163e+00	1.257540e+01
 278	1.059286e-02	1.067245e+01	3.147638e+02
 279	1.059286e-02	9.548508e-01	5.399947e+00
 280	1.059286e-02	6.421391e-01	2.085318e+00
 281	1.059286e-02	2.914011e+00	5.011366e+01
 282	1.059286e-02	1.080521e+00	8.928258e+00
 283	1.059286e-02	1.164038e+00	1.002910e+01
 284	1.059286e-02	2.162161e+00	4.659594e+01
 285	1.059286e-02	3.415463e+00	7.537196e+01
 286	1.059286e-02	8.282497e+00	2.161371e+02
 287	1.059286e-02	2.296772e+00	4.627420e+01
 288	1.059286e-02	1.869031e+00	2.672551e+01
 289	1.059286e-02	1.264636e+00	1.098886e+01
 290	1.059286e-02	1.258001e+01	3.385187e+02
 291	1.059286e-02	4.824440e+00	6.798550e+01
 292	1.059286e-02	1.090186e+00	8.982629e+00
 293	1.059286e-02	5.573652e+00	1.260398e+02
 294	1.059286e-02	9.892516e-01	9.475338e+00
 295	1.059286e-02	1.075217e+00	8.784653e+00
 296	1.059286e-02	2.011295e+00	3.153101e+01
 297	1.059286e-02	7.802848e-01	3.266705e+00
 298	1.059286e-02	8.008263e-01	3.521184e+00
 299	1.059286e-02	2.871697e+01	8.793028e+02
 300	1.059286e-02	6.044164e-01	2.319666e+00
 301	1.059286e-02	1.300178e+01	3.790128e+02
 302	1.059286e-02	1.118373e+00	1.180437e+01
 303	1.059286e-02	7.279927e+00	1.468744e+02
 304	1.059286e-02	2.394388e+00	4.702849e+01
 305	1.059286e-02	3.334846e+00	5.398994e+01
 306	1.059286e-02	2.219321e+00	3.353003e+01
 307	1.059286e-02	1.130348e+00	8.702168e+00
 308	1.059286e-02	7.502570e-01	3.231348e+00
 309	1.059286e-02	2.422660e+00	5.359207e+01
 310	1.059286e-02	1.520639e+00	1.300771e+01
 311	1.059286e-02	2.058866e+01	4.502331e+02
 312	1.059286e-02	1.031552e+00	5.969254e+00
 313	1.059286e-02	1.200597e+00	1.220910e+01
 314	1.059286e-02	6.714528e-01	2.384171e+00
 315	1.059286e-02	2.099720e+00	4.516156e+01
 316	1.059286e-02	8.969251e-01	6.983883e+00
 317	1.059286e-02	1.013657e+00	8.700623e+00
 318	1.059286e-02	2.390864e+00	4.823410e+01
 319	1.059286e-02	1.236159e+00	1.129050e+01
 320	1.059286e-02	1.809341e+00	2.121354e+01
 321	1.059286e-02	1.185427e+00	1.064194e+01
 322	1.059286e-02	1.375568e+00	1.266525e+01
 323	1.059286e-02	7.999027e-01	3.715346e+00
 324	1.059286e-02	1.195201e+00	1.238907e+01
 325	1.059286e-02	7.861703e-01	4.931969e+00
 326	1.059286e-02	8.053295e-01	3.556248e+00
 327	1.059286e-02	1.061763e+00	7.555941e+00
 328	1.059286e-02	1.849073e+00	3.841284e+01
 329	1.059286e-02	5.408811e-01	1.300358e+00
 330	1.059286e-02	9.770260e+00	2.285912e+02
 331	1.059286e-02	6.926335e-01	3.280175e+00
 332	1.059286e-02	1.069009e+01	3.084067e+02
 333	1.059286e-02	1.304594e+00	1.273662e+01
 334	1.059286e-02	8.040621e-01	5.703931e+00
 335	1.059286e-02	5.728272e-01	2.071055e+00
 336	1.059286e-02	1.014563e+00	8.894253e+00
 337	1.059286e-02	2.169584e+00	3.859357e+01
 338	1.059286e-02	3.126591e+00	5.553724e+01
 339	1.059286e-02	7.813919e+00	2.228393e+02
 340	1.059286e-02	1.966356e+00	2.294199e+01
 341	1.059286e-02	8.349558e+00	2.159681e+02
 342	1.059286e-02	5.294272e+00	1.291603e+02
 343	1.059286e-02	1.753719e+00	1.821649e+01
 344	1.059286e-02	2.717650e+00	5.781848e+01
 345	1.059286e-02	1.549951e+00	1.431926e+01
 346	1.059286e-02	7.648232e-01	3.262795e+00
 347	1.059286e-02	9.238794e-01	1.067153e+01
 348	1.059286e-02	2.426254e+00	4.753435e+01
 349	1.059286e-02	2.132317e+00	4.655007e+01
 350	1.059286e-02	3.205490e+00	5.043245e+01
 351	1.059286e-02	1.099226e+00	9.983498e+00
 352	1.059286e-02	2.218621e+00	4.661106e+01
 353	1.059286e-02	5.493355e+00	1.467544e+02
 354	1.059286e-02	1.060189e+01	2.352801e+02
 355	1.059286e-02	9.196883e-01	8.886864e+00
 356	1.059286e-02	2.128978e+00	3.568403e+01
 357	1.059286e-02	4.662871e+00	9.069597e+01
 358	1.059286e-02	9.308661e+00	2.681493e+02
 359	1.059286e-02	8.537822e-01	5.722025e+00
 360	1.059286e-02	1.121466e+00	1.125381e+01
 361	1.059286e-02	9.034715e+00	2.615612e+02
 362	1.059286e-02	8.312823e-01	7.297065e+00
 363	1.059286e-02	1.449415e+01	3.883588e+02
 364	1.059286e-02	2.021096e+00	4.585479e+01
 365	1.059286e-02	1.718573e+00	1.563384e+01
 366	1.059286e-02	8.084931e-01	6.122227e+00
 367	1.059286e-02	1.401187e+00	1.187717e+01
 368	1.059286e-02	1.239422e+00	1.224651e+01
 369	1.059286e-02	6.725258e-01	2.647189e+00
 370	1.059286e-02	7.181198e-01	4.904055e+00
 371	1.059286e-02	1.352850e+00	1.540320e+01
 372	1.059286e-02	1.065293e+00	8.995962e+00
 373	1.059286e-02	6.685401e-01	2.277687e+00
 374	1.059286e-02	9.348272e-01	7.560689e+00
 375	1.059286e-02	7.315640e-01	2.970965e+00
 376	1.059286e-02	1.570039e+00	1.771485e+01
 377	1.059286e-02	1.146907e+01	3.142596e+02
 378	1.059286e-02	7.541263e-01	4.953572e+00
 379	1.059286e-02	2.039893e+00	4.374210e+01
 380	1.059286e-02	7.711411e+00	1.842642e+02
 381	1.059286e-02	1.391580e+00	2.210956e+01
 382	1.059286e-02	5.647559e-01	1.745254e+00
 383	1.059286e-02	3.134132e+00	8.101667e+01
 384	1.059286e-02	8.711229e-01	7.621071e+00
 385	1.059286e-02	5.102979e+01	1.583796e+03
 386	1.059286e-02	5.974134e-01	2.366495e+00
 387	1.059286e-02	5.440470e-01	2.113913e+00
 388	1.059286e-02	1.447334e+00	2.361075e+01
 389	1.059286e-02	5.796686e+00	1.526480e+02
 390	1.059286e-02	1.044804e+00	1.596289e+01
 391	1.059286e-02	1.146946e+00	1.303431e+01
 392	1.059286e-02	7.816461e-01	3.294929e+00
 393	1.059286e-02	6.131710e-01	2.147406e+00
 394	1.059286e-02	1.004378e+00	1.081187e+01
 395	1.059286e-02	5.449311e-01	1.833519e+00
 396	1.059286e-02	5.748372e-01	1.992308e+00
 397	1.059286e-02	1.818340e+00	3.597803e+01
 398	1.059286e-02	5.371898e-01	1.598164e+00
 399	1.059286e-02	2.225494e+00	4.690368e+01
 400	1.059286e-02	6.615706e-01	2.791081e+00
 401	1.059286e-02	2.551916e+00	4.629891e+01
 402	1.059286e-02	1.305071e+01	3.761471e+02
 403	1.059286e-02	7.063052e-01	5.040635e+00
 404	1.059286e-02	2.462276e+00	4.250511e+01
 405	1.059286e-02	2.918133e+00	5.233940e+01
 406	1.059286e-02	9.333688e-01	6.770937e+00
 407	1.059286e-02	2.666835e+00	3.705697e+01
 408	1.059286e-02	9.602815e-01	5.733812e+00
 409	1.059286e-02	1.642930e+00	2.115586e+01
 410	1.059286e-02	6.701406e-01	2.277853e+00
 411	1.059286e-02	5.272684e+00	9.725494e+01
 412	1.059286e-02	1.168730e+00	1.649261e+01
 413	1.059286e-02	1.098170e+00	1.000633e+01
 414	1.059286e-02	5.632673e-01	1.355821e+00
 415	1.059286e-02	2.755789e+00	5.095004e+01
 416	1.059286e-02	9.437911e-01	8.672502e+00
 417	1.059286e-02	8.508974e-01	6.097125e+00
 418	1.059286e-02	2.344564e+00	4.469512e+01
 419	1.059286e-02	7.480338e-01	3.231746e+00
 420	1.059286e-02	1.015139e+00	9.296624e+00
 421	1.059286e-02	5.334919e+00	1.262809e+02
 422	1.059286e-02	7.261836e-01	3.440995e+00
 423	1.059286e-02	6.074862e-01	1.721713e+00
 424	1.059286e-02	6.255574e-01	2.724960e+00
 425	1.059286e-02	7.766469e-01	6.622899e+00
 426	1.059286e-02	1.966807e+00	4.227374e+01
 427	1.059286e-02	7.905949e-01	5.847776e+00
 428	1.059286e-02	2.561834e+00	4.728867e+01
 429	1.059286e-02	6.148362e-01	2.763751e+00
 430	1.059286e-02	5.621791e-01	1.316724e+00
 431	1.059286e-02	1.160610e+00	1.361089e+01
 432	1.059286e-02	1.645243e+01	4.923283e+02
 433	1.059286e-02	5.635328e-01	1.971249e+00
 434	1.059286e-02	1.266074e+00	1.775363e+01
 435	1.059286e-02	5.352699e-01	1.815344e+00
 436	1.059286e-02	8.921624e-01	8.471302e+00
 437	1.059286e-02	1.235249e+00	1.200557e+01
 438	1.059286e-02	1.716133e+00	2.346927e+01
 439	1.059286e-02	1.535002e+00	2.549457e+01
 440	1.059286e-02	9.210911e-01	8.784451e+00
 441	1.059286e-02	8.844920e-01	7.417650e+00
 442	1.059286e-02	1.256532e+00	1.893121e+01
 443	1.059286e-02	2.509130e+00	4.371773e+01
 444	1.059286e-02	7.082915e-01	3.260882e+00
 445	1.059286e-02	1.784490e+00	2.244659e+01
 446	1.059286e-02	6.124829e-01	2.103351e+00
 447	1.059286e-02	1.227084e+00	1.405611e+01
 448	1.059286e-02	1.028518e+00	9.591170e+00
 449	1.059286e-02	1.370927e+00	1.417506e+01
 450	1.059286e-02	1.114918e+00	1.344843e+01
 451	1.059286e-02	3.464726e+00	8.252027e+01
 452	1.059286e-02	1.263087e+00	1.217305e+01
 453	1.059286e-02	7.665678e-01	5.869170e+00
 454	1.059286e-02	1.093144e+00	1.607292e+01
 455	1.059286e-02	1.164949e+00	1.020225e+01
 456	1.059286e-02	6.054758e-01	2.060247e+00
 457	1.059286e-02	5.434020e-01	1.665227e+00
 458	1.059286e-02	2.041186e+00	3.926051e+01
 459	1.059286e-02	7.117610e-01	3.052085e+00
 460	1.059286e-02	5.615646e-01	1.846082e+00
 461	1.059286e-02	1.708157e+01	5.190050e+02
 462	1.059286e-02	8.386676e-01	5.381481e+00
 463	1.059286e-02	6.048622e-01	2.099133e+00
 464	1.059286e-02	5.410134e-01	1.530371e+00
 465	1.059286e-02	1.026322e+00	1.000602e+01
 466	1.059286e-02	6.819983e-01	2.580610e+00
 467	1.059286e-02	5.942826e-01	2.698329e+00
 468	1.059286e-02	1.029160e+00	9.024158e+00
 469	1.059286e-02	1.002052e+00	8.550491e+00
 470	1.059286e-02	7.099817e-01	3.596740e+00
 471	1.059286e-02	2.143268e+00	4.654269e+01
 472	1.059286e-02	6.993055e-01	3.520914e+00
 473	1.059286e-02	6.301445e-01	2.850861e+00
 474	1.059286e-02	6.806023e-01	2.984721e+00
 475	1.059286e-02	8.716938e-01	8.552535e+00
 476	1.059286e-02	2.307232e+00	3.743959e+01
 477	1.059286e-02	1.329820e+00	1.297063e+01
 478	1.059286e-02	8.943905e+00	2.522694e+02
 479	1.059286e-02	6.261888e-01	2.431826e+00
 480	1.059286e-02	1.204834e+00	1.133688e+01
 481	1.059286e-02	2.555063e+00	4.911718e+01
 482	1.059286e-02	1.268845e+00	1.411445e+01
 483	1.059286e-02	5.272511e-01	1.192491e+00
 484	1.059286e-02	6.100404e-01	2.683409e+00
 485	1.059286e-02	1.385823e+00	2.303863e+01
 486	1.059286e-02	7.114986e+01	2.197377e+03
 487	1.059286e-02	6.144131e-01	2.226316e+00
 488	1.059286e-02	7.648922e-01	3.429466e+00
 489	1.059286e-02	1.155257e+00	9.822908e+00
 490	1.059286e-02	9.307453e-01	7.623775e+00
 491	1.059286e-02	2.397753e+00	4.157023e+01
 492	1.059286e-02	6.002936e-01	1.992918e+00
 493	1.059286e-02	9.834900e-01	9.427081e+00
 494	1.059286e-02	2.192207e+00	4.786599e+01
 495	1.059286e-02	1.129559e+00	1.470295e+01
 496	1.059286e-02	1.080432e+00	1.051224e+01
 497	1.059286e-02	8.815567e-01	5.601564e+00
 498	1.059286e-02	7.101179e-01	2.977929e+00
 499	1.059286e-02	2.450147e+00	5.419277e+01
 500	1.059286e-02	5.937388e-01	2.183857e+00
 501	1.059286e-02	1.875128e+00	3.942847e+01
 502	1.059286e-02	2.176216e+00	3.888905e+01
 503	1.059286e-02	9.949001e+00	2.761054e+02
 504	1.059286e-02	1.094962e+01	2.241094e+02
 505	1.059286e-02	1.698394e+00	2.112864e+01
 506	1.059286e-02	9.468631e-01	7.043643e+00
 507	1.059286e-02	1.024296e+00	1.011034e+01
 508	1.059286e-02	1.631732e+00	1.674251e+01
 509	1.059286e-02	7.706831e-01	3.387346e+00
 510	1.059286e-02	1.175437e+00	9.662567e+00
 511	1.059286e-02	6.663699e-01	3.614420e+00
 512	1.059286e-02	1.535822e+00	1.903407e+01
 513	1.059286e-02	1.050754e+00	1.020319e+01
 514	1.059286e-02	9.377781e-01	8.774318e+00
 515	1.059286e-02	4.500494e+00	1.205371e+02
 516	1.059286e-02	7.403904e-01	2.691636e+00
 517	1.059286e-02	1.559189e+00	3.050087e+01
 518	1.059286e-02	1.192152e+00	1.115970e+01
 519	1.059286e-02	1.879548e+00	3.621457e+01
 520	1.059286e-02	1.106667e+00	1.166846e+01
 521	1.059286e-02	7.488517e-01	3.371737e+00
 522	1.059286e-02	2.907556e+00	5.469819e+01
 523	1.059286e-02	6.800103e-01	4.024529e+00
 524	1.059286e-02	9.400510e-01	9.069055e+00
 525	1.059286e-02	5.532773e-01	1.355133e+00
 526	1.059286e-02	1.410282e+00	2.796438e+01
 527	1.059286e-02	9.747333e-01	9.656265e+00
 528	1.059286e-02	4.593775e+00	1.257669e+02
 529	1.059286e-02	6.369613e-01	2.427953e+00
 530	1.059286e-02	7.771427e-01	4.140411e+00
 531	1.059286e-02	9.078056e-01	5.622486e+00
 532	1.059286e-02	5.601104e-01	1.938634e+00
 533	1.059286e-02	7.810067e+00	2.269094e+02
 534	1.059286e-02	9.877227e-01	1.307919e+01
 535	1.059286e-02	8.636179e-01	8.489365e+00
 536	1.059286e-02	8.436730e-01	4.936908e+00
 537	1.059286e-02	1.129055e+01	3.278011e+02
 538	1.059286e-02	7.508779e-01	4.785475e+00
 539	1.059286e-02	8.007337e-01	6.749253e+00
 540	1.059286e-02	8.239877e-01	4.265740e+00
 541	1.059286e-02	6.008181e+00	9.106197e+01
 542	1.059286e-02	7.878607e-01	5.052391e+00
 543	1.059286e-02	4.412870e+01	1.369442e+03
 544	1.059286e-02	8.530343e-01	6.471337e+00
 545	1.059286e-02	7.772446e-01	3.587405e+00
 546	1.059286e-02	7.318292e-01	3.877477e+00
 547	1.059286e-02	3.036719e+00	6.387766e+01
 548	1.059286e-02	1.974792e+01	4.281649e+02
 549	1.059286e-02	5.518358e-01	1.416036e+00
 550	1.059286e-02	8.050413e+00	2.041397e+02
 551	1.059286e-02	1.124684e+00	1.015283e+01
 552	1.059286e-02	9.827918e-01	8.787824e+00
 553	1.059286e-02	1.423087e+00	2.771313e+01
 554	1.059286e-02	3.679241e+00	7.221028e+01
 555	1.059286e-02	1.775610e+00	3.699202e+01
 556	1.059286e-02	7.780535e-01	8.311571e+00
 557	1.059286e-02	7.149534e-01	3.283157e+00
 558	1.059286e-02	9.086785e-01	6.449427e+00
 559	1.059286e-02	5.566663e-01	1.546137e+00
 560	1.059286e-02	1.167123e+00	1.669967e+01
 561	1.059286e-02	1.138170e+00	1.634865e+01
 562	1.059286e-02	7.771238e-01	7.244693e+00
 563	1.059286e-02	8.328001e-01	4.812755e+00
 564	1.059286e-02	6.007107e-01	2.006229e+00
 565	1.059286e-02	1.302330e+00	1.091649e+01
 566	1.059286e-02	6.031283e-01	2.372580e+00
 567	1.059286e-02	6.512443e-01	2.248351e+00
 568	1.059286e-02	1.002942e+00	1.008164e+01
 569	1.059286e-02	7.908738e-01	7.138306e+00
 570	1.059286e-02	8.261859e-01	8.481297e+00
 571	1.059286e-02	7.203823e-01	2.818513e+00
 572	1.059286e-02	1.173941e+00	1.217263e+01
 573	1.059286e-02	1.474692e+00	1.738696e+01
 574	1.059286e-02	5.788568e-01	1.511301e+00
 575	1.059286e-02	2.242939e+00	4.414735e+01
 576	1.059286e-02	4.196133e+00	8.405992e+01
 577	1.059286e-02	1.256391e+00	1.138273e+01
 578	1.059286e-02	6.305424e-01	2.211292e+00
 579	1.059286e-02	6.376267e-01	2.339778e+00
 580	1.059286e-02	1.556112e+00	2.910393e+01
 581	1.059286e-02	6.442690e-01	2.792895e+00
 582	1.059286e-02	2.715104e+00	5.015791e+01
 583	1.059286e-02	6.270768e-01	2.263729e+00
 584	1.059286e-02	7.086136e-01	3.112112e+00
 585	1.059286e-02	1.154549e+00	9.768847e+00
 586	1.059286e-02	5.858118e-01	1.879709e+00
 587	1.059286e-02	8.678652e-01	7.624947e+00
 588	1.059286e-02	5.688194e-01	2.497061e+00
 589	1.059286e-02	2.019123e+00	4.654680e+01
 590	1.059286e-02	1.120863e+00	9.230845e+00
 591	1.059286e-02	6.306881e-01	2.072805e+00
 592	1.059286e-02	1.203562e+00	1.323474e+01
 593	1.059286e-02	6.635013e-01	2.610742e+00
 594	1.059286e-02	1.048808e+00	9.907195e+00
 595	1.059286e-02	7.175846e-01	2.978144e+00
 596	1.059286e-02	1.296821e+01	2.206580e+02
 597	1.059286e-02	6.501796e-01	2.598629e+00
 598	1.059286e-02	2.212358e+00	4.660958e+01
 599	1.059286e-02	7.253642e-01	3.111606e+00
 600	1.059286e-02	7.050613e-01	4.912214e+00
 601	1.059286e-02	8.363414e-01	7.546636e+00
 602	1.059286e-02	5.794747e-01	1.999252e+00
 603	1.059286e-02	9.662450e-01	8.750067e+00
 604	1.059286e-02	7.667381e-01	4.481784e+00
 605	1.059286e-02	8.721144e-01	8.214538e+00
 606	1.059286e-02	9.035986e-01	7.726324e+00
 607	1.059286e-02	8.506829e-01	6.194549e+00
 608	1.059286e-02	2.352560e+00	4.008329e+01
 609	1.059286e-02	4.961452e-01	1.060628e+00
 610	1.059286e-02	2.777822e+00	5.893899e+01
 611	1.059286e-02	6.580576e+00	1.833571e+02
 612	1.059286e-02	8.242318e-01	6.674567e+00
 613	1.059286e-02	4.967735e-01	1.269961e+00
 614	1.059286e-02	7.723638e-01	5.615468e+00
 615	1.059286e-02	1.453020e+00	1.844297e+01
 616	1.059286e-02	3.860411e+00	1.016135e+02
 617	1.059286e-02	6.165924e-01	2.771723e+00
 618	1.059286e-02	7.008325e-01	2.988733e+00
 619	1.059286e-02	5.634592e-01	1.822085e+00
 620	1.059286e-02	1.139488e+00	1.168192e+01
 621	1.059286e-02	1.021975e+00	1.036737e+01
 622	1.059286e-02	5.861240e-01	2.708513e+00
 623	1.059286e-02	8.929862e-01	7.564835e+00
 624	1.059286e-02	8.987841e-01	9.980179e+00
 625	1.059286e-02	2.676251e+00	5.957752e+01
 626	1.059286e-02	5.699807e-01	2.368114e+00
 627	1.059286e-02	5.507086e-01	1.290279e+00
 628	1.059286e-02	3.249487e+01	1.003640e+03
 629	1.059286e-02	9.797980e-01	7.666175e+00
 630	1.059286e-02	1.747466e+00	3.237161e+01
 631	1.059286e-02	8.516595e-01	1.084198e+01
 632	1.059286e-02	8.680077e-01	8.770969e+00
 633	1.059286e-02	6.239214e-01	3.465830e+00
 634	1.059286e-02	1.511963e+00	1.323481e+01
 635	1.059286e-02	1.706697e+00	2.739788e+01
 636	1.059286e-02	7.278598e-01	2.929653e+00
 637	1.059286e-02	6.569763e-01	3.299359e+00
 638	1.059286e-02	7.780844e-01	5.969274e+00
 639	1.059286e-02	7.962685e-01	6.241937e+00
 640	1.059286e-02	5.924291e-01	2.070507e+00
 641	1.059286e-02	6.112879e-01	2.592078e+00
 642	1.059286e-02	2.307528e+00	3.865805e+01
 643	1.059286e-02	7.392043e-01	5.060911e+00
 644	1.059286e-02	9.832713e-01	6.024369e+00
 645	1.059286e-02	1.725422e+00	2.791502e+01
 646	1.059286e-02	8.229311e-01	5.909095e+00
 647	1.059286e-02	7.443502e-01	5.487634e+00
 648	1.059286e-02	6.093984e-01	4.860702e+00
 649	1.059286e-02	8.460947e-01	5.482557e+00
 650	1.059286e-02	8.668656e-01	6.193058e+00
 651	1.059286e-02	1.436816e+00	1.557006e+01
 652	1.059286e-02	5.862772e+00	1.633507e+02
 653	1.059286e-02	8.248396e-01	7.117785e+00
 654	1.059286e-02	9.605260e-01	1.290211e+01
 655	1.059286e-02	6.217265e-01	2.695200e+00
 656	1.059286e-02	8.793430e-01	8.518706e+00
 657	1.059286e-02	1.058647e+00	8.885622e+00
 658	1.059286e-02	6.104166e-01	2.480784e+00
 659	1.059286e-02	1.080400e+00	1.278748e+01
 660	1.059286e-02	6.698976e-01	3.124195e+00
 661	1.059286e-02	7.905703e-01	3.829572e+00
 662	1.059286e-02	9.411154e-01	9.050267e+00
 663	1.059286e-02	8.809383e-01	5.586685e+00
 664	1.059286e-02	2.603821e+00	4.825591e+01
 665	1.059286e-02	7.203378e-01	3.508045e+00
 666	1.059286e-02	1.719603e+00	3.099555e+01
 667	1.059286e-02	5.758880e-01	2.166369e+00
 668	1.059286e-02	1.067981e+00	1.060183e+01
 669	1.059286e-02	9.015069e+00	2.680054e+02
 670	1.059286e-02	7.233700e-01	2.746930e+00
 671	1.059286e-02	6.070003e-01	2.437244e+00
 672	1.059286e-02	9.730777e-01	9.147767e+00
 673	1.059286e-02	8.916439e-01	5.991248e+00
 674	1.059286e-02	3.560977e+00	9.171304e+01
 675	1.059286e-02	1.105520e+00	1.116325e+01
 676	1.059286e-02	1.420000e+00	1.838627e+01
 677	1.059286e-02	2.536168e+00	5.374157e+01
 678	1.059286e-02	6.035771e-01	1.820886e+00
 679	1.059286e-02	1.965248e+00	3.995216e+01
 680	1.059286e-02	7.534443e-01	3.910971e+00
 681	1.059286e-02	6.852264e-01	3.164225e+00
 682	1.059286e-02	5.652137e-01	2.148745e+00
 683	1.059286e-02	7.199425e-01	5.398379e+00
 684	1.059286e-02	1.354648e+00	2.591092e+01
 685	1.059286e-02	2.019427e+00	3.809264e+01
 686	1.059286e-02	3.919963e+01	1.152592e+03
 687	1.059286e-02	6.574372e-01	2.525955e+00
 688	1.059286e-02	5.328036e-01	1.391556e+00
 689	1.059286e-02	1.521198e+01	4.631555e+02
 690	1.059286e-02	6.749583e-01	2.775807e+00
 691	1.059286e-02	7.798127e-01	6.457866e+00
 692	1.059286e-02	6.228031e-01	1.932241e+00
 693	1.059286e-02	7.916827e-01	6.415051e+00
 694	1.059286e-02	1.006012e+00	7.330309e+00
 695	1.059286e-02	2.282887e+00	4.016326e+01
 696	1.059286e-02	6.672426e-01	2.894075e+00
 697	1.059286e-02	7.374681e-01	4.053136e+00
 698	1.059286e-02	1.232114e+00	1.848398e+01
 699	1.059286e-02	8.472165e-01	7.370092e+00
 700	1.059286e-02	1.707676e+00	2.555131e+01
 701	1.059286e-02	1.276275e+00	2.027888e+01
 702	1.059286e-02	3.114084e+00	6.787075e+01
 703	1.059286e-02	5.279941e-01	1.282534e+00
 704	1.059286e-02	5.767868e-01	1.922808e+00
 705	1.059286e-02	7.788433e+00	2.213958e+02
 706	1.059286e-02	6.873858e+02	2.169439e+04
 707	1.059286e-02	6.152497e-01	1.869461e+00
 708	1.059286e-02	1.000381e+00	8.806362e+00
 709	1.059286e-02	8.866823e-01	6.010239e+00
 710	1.059286e-02	8.211993e-01	8.204055e+00
 711	1.059286e-02	6.087512e-01	2.077592e+00
 712	1.059286e-02	3.517539e+00	8.570557e+01
 713	1.059286e-02	7.341874e-01	4.749683e+00
 714	1.059286e-02	8.555854e-01	8.667827e+00
 715	1.059286e-02	5.381360e-01	1.165013e+00
 716	1.059286e-02	3.975965e+00	8.521802e+01
 717	1.059286e-02	6.203523e-01	3.132306e+00
 718	1.059286e-02	7.864779e-01	7.124605e+00
 719	1.059286e-02	1.775477e+00	4.045445e+01
 720	1.059286e-02	8.360023e-01	4.584023e+00
 721	1.059286e-02	1.153495e+00	1.561705e+01
 722	1.059286e-02	8.407417e-01	4.894343e+00
 723	1.059286e-02	2.763538e+00	6.239734e+01
 724	1.059286e-02	3.142011e+00	5.607718e+01
 725	1.059286e-02	9.612422e-01	7.881218e+00
 726	1.059286e-02	1.045168e+00	8.966166e+00
 727	1.059286e-02	9.128591e-01	9.079529e+00
 728	1.059286e-02	7.304645e-01	4.040042e+00
 729	1.059286e-02	5.979143e-01	2.071130e+00
 730	1.059286e-02	8.346219e-01	6.621956e+00
 731	1.059286e-02	1.731790e+00	2.984429e+01
 732	1.059286e-02	7.060074e-01	2.726835e+00
 733	1.059286e-02	6.063151e-01	2.304571e+00
 734	1.059286e-02	8.169291e-01	3.525332e+00
 735	1.059286e-02	5.897935e-01	1.581340e+00
 736	1.059286e-02	5.338119e-01	1.263615e+00
 737	1.059286e-02	8.853120e-01	9.791882e+00
 738	1.059286e-02	2.169018e+00	4.149885e+01
 739	1.059286e-02	5.212873e-01	1.472421e+00
 740	1.059286e-02	3.572261e+01	1.111026e+03
 741	1.059286e-02	8.333795e-01	7.335698e+00
 742	1.059286e-02	5.324905e-01	1.329661e+00
 743	1.059286e-02	8.059200e-01	6.384327e+00
 744	1.059286e-02	9.724174e-01	7.824492e+00
 745	1.059286e-02	8.445432e-01	6.017315e+00
 746	1.059286e-02	1.238765e+00	1.742807e+01
 747	1.059286e-02	8.835303e-01	7.912666e+00
 748	1.059286e-02	1.139012e+01	3.179044e+02
 749	1.059286e-02	7.026311e-01	3.954839e+00
 750	1.059286e-02	5.001598e-01	1.131028e+00
 751	1.059286e-02	1.743555e+03	5.506916e+04
 752	1.059286e-02	1.179082e+00	1.016836e+01
 753	1.059286e-02	1.510471e+00	1.996046e+01
 754	1.059286e-02	3.385152e+00	7.372489e+01
 755	1.059286e-02	1.754091e+01	5.359121e+02
 756	1.059286e-02	6.485428e-01	2.319959e+00
 757	1.059286e-02	1.975344e+00	2.736397e+01
 758	1.059286e-02	9.576921e-01	7.340156e+00
 759	1.059286e-02	7.677757e-01	6.434693e+00
 760	1.059286e-02	4.979929e-01	1.024824e+00
 761	1.059286e-02	6.824180e-01	2.978546e+00
 762	1.059286e-02	4.188344e+00	1.015761e+02
 763	1.059286e-02	9.316703e-01	6.576966e+00
 764	1.059286e-02	9.043776e-01	8.838453e+00
 765	1.059286e-02	7.644235e-01	5.237838e+00
 766	1.059286e-02	6.578622e-01	2.199992e+00
 767	1.059286e-02	5.976931e-01	1.993301e+00
 768	1.059286e-02	8.229738e-01	8.330603e+00
 769	1.059286e-02	1.450708e+00	1.697845e+01
 770	1.059286e-02	1.581346e+00	3.326335e+01
 771	1.059286e-02	6.473530e-01	3.304076e+00
 772	1.059286e-02	2.596640e+00	5.334606e+01
 773	1.059286e-02	1.126443e+00	1.194704e+01
 774	1.059286e-02	5.125237e-01	1.029213e+00
 775	1.059286e-02	2.437519e+00	4.310093e+01
 776	1.059286e-02	7.206271e+00	1.512431e+02
 777	1.059286e-02	2.212619e+01	6.522336e+02
 778	1.059286e-02	1.067082e+01	2.698383e+02
 779	1.059286e-02	6.201947e-01	2.441549e+00
 780	1.059286e-02	9.320855e-01	1.016576e+01
 781	1.059286e-02	7.128178e-01	2.629161e+00
 782	1.059286e-02	1.105199e+00	9.955862e+00
 783	1.059286e-02	9.829566e-01	1.537611e+01
 784	1.059286e-02	6.654386e+00	1.745601e+02
 785	1.059286e-02	9.553509e-01	8.683020e+00
 786	1.059286e-02	7.787407e-01	6.457924e+00
 787	1.059286e-02	2.810779e+00	4.967435e+01
 788	1.059286e-02	7.007767e-01	2.849657e+00
 789	1.059286e-02	4.346496e+00	1.046228e+02
 790	1.059286e-02	2.150949e+00	4.431869e+01
 791	1.059286e-02	6.599148e-01	2.617978e+00
 792	1.059286e-02	6.952885e-01	3.750472e+00
 793	1.059286e-02	9.991720e-01	8.742704e+00
 794	1.059286e-02	9.694581e+01	2.645207e+03
 795	1.059286e-02	8.350896e-01	7.585343e+00
 796	1.059286e-02	7.770704e-01	4.850575e+00
 797	1.059286e-02	7.267111e-01	3.255099e+00
 798	1.059286e-02	6.206948e-01	1.998401e+00
 799	1.059286e-02	7.170705e-01	3.277651e+00
 800	1.059286e-02	5.846072e-01	1.825006e+00
 801	1.059286e-02	1.051363e+00	1.070950e+01
 802	1.059286e-02	6.585674e-01	3.600178e+00
 803	1.059286e-02	1.135225e+00	9.514156e+00
 804	1.059286e-02	8.219073e-01	9.747421e+00
 805	1.059286e-02	6.635843e-01	3.045597e+00
 806	1.059286e-02	7.220325e-01	3.692233e+00
 807	1.059286e-02	1.450197e+00	2.684565e+01
 808	1.059286e-02	4.464642e+00	1.162910e+02
 809	1.059286e-02	6.432663e-01	2.600745e+00
 810	1.059286e-02	2.911415e+00	7.201030e+01
 811	1.059286e-02	1.939254e+00	4.045442e+01
 812	1.059286e-02	2.076804e+00	4.887860e+01
 813	1.059286e-02	1.401876e+00	1.610352e+01
 814	1.059286e-02	7.482077e-01	4.147211e+00
 815	1.059286e-02	7.282642e-01	3.426224e+00
 816	1.059286e-02	4.345875e+00	8.047652e+01
 817	1.059286e-02	1.020830e+00	6.997154e+00
 818	1.059286e-02	4.912669e+01	1.530966e+03
 819	1.059286e-02	6.980983e-01	2.854563e+00
 820	1.059286e-02	2.859710e+00	5.104164e+01
 821	1.059286e-02	9.046479e+00	2.683305e+02
 822	1.059286e-02	8.202168e-01	4.692609e+00
 823	1.059286e-02	8.710821e-01	8.410393e+00
 824	1.059286e-02	6.974448e-01	2.927323e+00
 825	1.059286e-02	2.028245e+00	1.817123e+01
 826	1.059286e-02	8.988110e-01	7.095566e+00
 827	1.059286e-02	2.360146e+00	4.651332e+01
 828	1.059286e-02	6.252637e-01	3.248543e+00
 829	1.059286e-02	2.615570e+00	5.808329e+01
 830	1.059286e-02	7.913986e-01	3.883955e+00
 831	1.059286e-02	1.791981e+00	3.846909e+01
 832	1.059286e-02	1.688315e+00	3.403613e+01
 833	1.059286e-02	6.511509e-01	2.575219e+00
 834	1.059286e-02	7.581940e-01	3.509273e+00
 835	1.059286e-02	7.060961e-01	2.875594e+00
 836	1.059286e-02	2.675602e+00	5.761330e+01
 837	1.059286e-02	2.822195e+00	5.039283e+01
 838	1.059286e-02	8.382722e+00	2.295052e+02
 839	1.059286e-02	6.046823e-01	2.140268e+00
 840	1.059286e-02	5.907731e-01	2.184121e+00
 841	1.059286e-02	1.831851e+00	3.988674e+01
 842	1.059286e-02	1.495214e+00	2.018375e+01
 843	1.059286e-02	7.934462e-01	4.843000e+00
 844	1.059286e-02	6.182154e+04	1.953963e+06
 845	1.059286e-02	9.307847e-01	8.544776e+00
 846	1.059286e-02	5.835929e-01	2.158211e+00
 847	1.059286e-02	5.363703e-01	1.276030e+00
 848	1.059286e-02	8.739995e-01	8.757639e+00
 849	1.059286e-02	6.320791e-01	2.706476e+00
 850	1.059286e-02	5.835312e+01	1.803004e+03
 851	1.059286e-02	6.704431e-01	3.102671e+00
 852	1.059286e-02	6.434943e-01	2.295156e+00
 853	1.059286e-02	9.795625e-01	9.344315e+00
 854	1.059286e-02	1.176252e+00	1.093459e+01
 855	1.059286e-02	8.973994e-01	9.196074e+00
 856	1.059286e-02	8.313955e-01	8.468431e+00
 857	1.059286e-02	1.856243e+02	5.836908e+03
 858	1.059286e-02	1.209439e+00	1.127721e+01
 859	1.059286e-02	6.926888e-01	2.590308e+00
 860	1.059286e-02	1.411555e+00	1.878109e+01
 861	1.059286e-02	1.085356e+00	1.039831e+01
 862	1.059286e-02	7.375748e-01	2.293848e+00
 863	1.059286e-02	3.139279e+00	7.831053e+01
 864	1.059286e-02	6.940124e-01	2.593565e+00
 865	1.059286e-02	6.005418e-01	2.429097e+00
 866	1.059286e-02	9.474601e+00	2.764736e+02
 867	1.059286e-02	6.434788e-01	2.314122e+00
 868	1.059286e-02	5.070647e-01	1.093024e+00
 869	1.059286e-02	2.765051e+00	4.371804e+01
 870	1.059286e-02	7.006071e-01	3.122090e+00
 871	1.059286e-02	1.467161e+00	1.464765e+01
 872	1.059286e-02	9.886758e-01	1.090536e+01
 873	1.059286e-02	5.573217e-01	1.672556e+00
 874	1.059286e-02	8.779551e-01	7.483967e+00
 875	1.059286e-02	1.938569e+00	3.524342e+01
 876	1.059286e-02	1.235331e+00	1.137653e+01
 877	1.059286e-02	6.731141e-01	2.695905e+00
 878	1.059286e-02	9.790053e-01	8.851363e+00
 879	1.059286e-02	7.016851e+00	1.924477e+02
 880	1.059286e-02	2.071167e+00	4.656430e+01
 881	1.059286e-02	5.523494e-01	2.131084e+00
 882	1.059286e-02	3.068126e+00	7.320771e+01
 883	1.059286e-02	6.850235e-01	3.712604e+00
 884	1.059286e-02	9.170772e+00	2.183092e+02
 885	1.059286e-02	1.015700e+00	7.834510e+00
 886	1.059286e-02	3.110728e+00	5.528987e+01
 887	1.059286e-02	2.582252e+00	6.254376e+01
 888	1.059286e-02	8.800200e-01	1.043518e+01
 889	1.059286e-02	7.958946e-01	4.457137e+00
 890	1.059286e-02	1.036409e+00	9.102850e+00
 891	1.059286e-02	6.225854e-01	2.618267e+00
 892	1.059286e-02	1.166174e+00	1.287256e+01
 893	1.059286e-02	1.337919e+00	1.228132e+01
 894	1.059286e-02	8.372629e-01	6.734010e+00
 895	1.059286e-02	9.230143e-01	9.372224e+00
 896	1.059286e-02	9.009576e-01	8.969362e+00
 897	1.059286e-02	1.100032e+00	1.189143e+01
 898	1.059286e-02	1.040497e+00	9.210838e+00
 899	1.059286e-02	6.089317e-01	2.836603e+00
 900	1.059286e-02	8.184885e-01	4.093804e+00
 901	1.059286e-02	8.575967e-01	8.338853e+00
 902	1.059286e-02	1.052923e+00	7.289739e+00
 903	1.059286e-02	6.286153e-01	2.639068e+00
 904	1.059286e-02	6.076148e-01	2.142358e+00
 905	1.059286e-02	7.545472e-01	3.407983e+00
 906	1.059286e-02	6.428591e-01	3.125518e+00
 907	1.059286e-02	6.452252e-01	3.513788e+00
 908	1.059286e-02	1.139079e+00	9.271432e+00
 909	1.059286e-02	2.269705e+00	4.417821e+01
 910	1.059286e-02	1.959875e+00	4.342563e+01
 911	1.059286e-02	1.043296e+00	8.949748e+00
 912	1.059286e-02	1.354398e+00	2.045300e+01
 913	1.059286e-02	1.455959e+00	2.043029e+01
 914	1.059286e-02	9.231144e-01	1.123361e+01
 915	1.059286e-02	6.247378e-01	2.070660e+00
 916	1.059286e-02	1.028487e+00	7.914610e+00
 917	1.059286e-02	7.040975e-01	3.245535e+00
 918	1.059286e-02	1.843351e+00	2.394331e+01
 919	1.059286e-02	9.252244e+00	2.606663e+02
 920	1.059286e-02	1.316991e+01	2.834999e+02
 921	1.059286e-02	2.728074e+00	5.373393e+01
 922	1.059286e-02	2.996835e+00	6.511489e+01
 923	1.059286e-02	8.722872e-01	8.986340e+00
 924	1.059286e-02	6.240661e-01	1.979996e+00
 925	1.059286e-02	1.227585e+01	3.567445e+02
 926	1.059286e-02	5.547898e-01	1.286133e+00
 927	1.059286e-02	1.584891e+00	1.712799e+01
 928	1.059286e-02	1.007246e+00	8.632733e+00
 929	1.059286e-02	7.280875e-01	2.950956e+00
 930	1.059286e-02	8.577606e-01	6.470813e+00
 931	1.059286e-02	7.597761e-01	3.799531e+00
 932	1.059286e-02	6.999361e-01	3.677070e+00
 933	1.059286e-02	8.354874e-01	6.523828e+00
 934	1.059286e-02	6.508296e-01	2.676348e+00
 935	1.059286e-02	7.379313e+01	1.898849e+03
 936	1.059286e-02	9.194270e-01	6.786333e+00
 937	1.059286e-02	7.231595e-01	4.951539e+00
 938	1.059286e-02	5.853008e-01	2.097093e+00
 939	1.059286e-02	2.028361e+00	4.463991e+01
 940	1.059286e-02	1.514334e+00	2.030488e+01
 941	1.059286e-02	6.208034e-01	2.958851e+00
 942	1.059286e-02	1.188838e+00	1.203016e+01
 943	1.059286e-02	8.295118e-01	8.289792e+00
 944	1.059286e-02	9.012913e-01	8.242520e+00
 945	1.059286e-02	1.699620e+02	5.351934e+03
 946	1.059286e-02	8.539778e-01	8.509421e+00
 947	1.059286e-02	4.757083e+00	1.269329e+02
 948	1.059286e-02	6.917517e-01	3.158070e+00
 949	1.059286e-02	8.507850e+00	2.458755e+02
 950	1.059286e-02	1.232133e+00	1.248492e+01
 951	1.059286e-02	2.342240e+00	4.775011e+01
 952	1.059286e-02	4.718159e-01	1.104830e+00
 953	1.059286e-02	9.029758e-01	9.549256e+00
 954	1.059286e-02	1.023731e+00	9.737368e+00
 955	1.059286e-02	7.756575e+00	2.256765e+02
 956	1.059286e-02	1.108574e+00	1.171202e+01
 957	1.059286e-02	6.304354e-01	2.714443e+00
 958	1.059286e-02	6.400757e-01	2.531809e+00
 959	1.059286e-02	5.989078e-01	1.561022e+00
 960	1.059286e-02	1.175761e+00	9.854064e+00
 961	1.059286e-02	8.945764e-01	5.780266e+00
 962	1.059286e-02	6.764982e-01	2.832248e+00
 963	1.059286e-02	3.349294e+01	9.751688e+02
 964	1.059286e-02	7.350228e-01	3.980618e+00
 965	1.059286e-02	6.720785e-01	3.431020e+00
 966	1.059286e-02	5.823775e-01	2.565411e+00
 967	1.059286e-02	2.457174e+00	2.622920e+01
 968	1.059286e-02	6.549106e-01	2.530334e+00
 969	1.059286e-02	7.922720e-01	3.664649e+00
 970	1.059286e-02	9.751093e-01	7.333154e+00
 971	1.059286e-02	6.177420e-01	2.018832e+00
 972	1.059286e-02	3.434864e+02	1.082923e+04
 973	1.059286e-02	1.293686e+00	1.974266e+01
 974	1.059286e-02	1.884056e+00	3.809946e+01
 975	1.059286e-02	1.548666e+00	1.465435e+01
 976	1.059286e-02	2.193579e+00	3.217189e+01
 977	1.059286e-02	8.020479e-01	4.837976e+00
 978	1.059286e-02	2.264687e+00	4.700608e+01
 979	1.059286e-02	2.897221e+02	9.137781e+03
 980	1.059286e-02	7.120582e-01	2.719509e+00
 981	1.059286e-02	1.656245e+03	5.232501e+04
 982	1.059286e-02	5.520561e+00	1.501848e+02
 983	1.059286e-02	5.052271e-01	1.694364e+00
 984	1.059286e-02	7.042311e-01	3.176738e+00
 985	1.059286e-02	1.044175e+02	3.268760e+03
 986	1.059286e-02	6.485327e+00	1.734054e+02
 987	1.059286e-02	9.341161e-01	8.630767e+00
 988	1.059286e-02	9.998762e-01	8.889045e+00
 989	1.059286e-02	5.277609e-01	1.230934e+00
 990	1.059286e-02	7.030605e-01	2.809687e+00
 991	1.059286e-02	7.359853e-01	3.166422e+00
 992	1.059286e-02	6.985082e-01	3.342829e+00
 993	1.059286e-02	9.110997e-01	8.486478e+00
 994	1.059286e-02	6.255042e-01	2.304171e+00
 995	1.059286e-02	8.639905e-01	3.906357e+00
 996	1.059286e-02	7.309230e+01	2.270679e+03
 997	1.059286e-02	7.653507e-01	6.175658e+00
 998	1.059286e-02	6.915816e-01	3.941515e+00
 999	1.059286e-02	9.475722e-01	9.911790e+00
1000	1.059286e-02	1.000408e+00	8.011062e+00
1001	1.059286e-02	3.685866e+00	5.967826e+01
1002	1.059286e-02	9.019876e-01	7.150086e+00
1003	1.059286e-02	3.173669e+00	5.078424e+01
1004	1.059286e-02	3.010648e+02	9.414294e+03
1005	1.059286e-02	1.412844e+00	1.678654e+01
1006	1.059286e-02	1.683979e+03	5.318687e+04
1007	1.059286e-02	6.100736e-01	2.027688e+00
1008	1.059286e-02	5.904300e-01	2.070895e+00
1009	1.059286e-02	3.096954e+00	7.024217e+01
1010	1.059286e-02	1.204321e+00	1.084428e+01
1011	1.059286e-02	6.249846e-01	2.015323e+00
1012	1.059286e-02	2.065233e+00	4.488224e+01
1013	1.059286e-02	9.046031e-01	9.027431e+00
1014	1.059286e-02	8.978278e-01	4.470621e+00
1015	1.059286e-02	8.658495e-01	8.322252e+00
1016	1.059286e-02	1.231430e+00	1.237599e+01
1017	1.059286e-02	5.984066e-01	2.415271e+00
1018	1.059286e-02	1.429773e+00	2.504460e+01
1019	1.059286e-02	8.048557e-01	4.391237e+00
1020	1.059286e-02	6.934116e-01	3.696818e+00
1021	1.059286e-02	6.221501e-01	2.006623e+00
1022	1.059286e-02	6.386996e-01	3.726736e+00
1023	1.059286e-02	6.977826e-01	2.873126e+00
1024	1.059286e-02	9.505029e-01	7.459481e+00
1025	1.059286e-02	8.978450e-01	7.264432e+00
1026	1.059286e-02	1.176860e+00	1.176037e+01
1027	1.059286e-02	1.895314e+00	3.950368e+01
1028	1.059286e-02	8.212935e-01	8.138968e+00
1029	1.059286e-02	1.278675e+00	1.221394e+01
1030	1.059286e-02	1.102249e+00	1.602102e+01
1031	1.059286e-02	5.777783e-01	2.023605e+00
1032	1.059286e-02	7.103959e-01	4.733136e+00
1033	1.059286e-02	2.424157e+00	4.895380e+01
1034	1.059286e-02	1.127320e+00	1.000142e+01
1035	1.059286e-02	7.314725e-01	5.416367e+00
1036	1.059286e-02	1.682786e+00	1.596405e+01
1037	1.059286e-02	7.238471e-01	3.537064e+00
1038	1.059286e-02	1.038470e+01	3.098654e+02
1039	1.059286e-02	7.925473e-01	3.787948e+00
1040	1.059286e-02	1.727766e+00	2.090546e+01
1041	1.059286e-02	3.348058e+03	1.057986e+05
1042	1.059286e-02	6.958902e-01	2.881826e+00
1043	1.059286e-02	1.460425e+00	1.510805e+01
1044	1.059286e-02	1.362372e+00	2.136995e+01
1045	1.059286e-02	1.365664e+00	1.544750e+01
1046	1.059286e-02	1.021807e+00	1.019385e+01
1047	1.059286e-02	9.576576e+00	2.763900e+02
1048	1.059286e-02	9.942490e-01	1.058641e+01
1049	1.059286e-02	7.533598e-01	6.089765e+00
1050	1.059286e-02	1.598464e+00	2.637413e+01
1051	1.059286e-02	6.225324e-01	2.542081e+00
1052	1.059286e-02	2.181782e+00	4.685055e+01
1053	1.059286e-02	7.713044e-01	4.145205e+00
1054	1.059286e-02	2.405187e+00	3.783117e+01
1055	1.059286e-02	7.388404e-01	3.497772e+00
1056	1.059286e-02	1.581024e+00	1.828112e+01
1057	1.059286e-02	5.672852e-01	1.900101e+00
1058	1.059286e-02	7.182116e-01	3.141043e+00
1059	1.059286e-02	9.277176e-01	9.880504e+00
1060	1.059286e-02	6.991029e-01	3.205737e+00
1061	1.059286e-02	7.681225e-01	3.066177e+00
1062	1.059286e-02	2.129965e+01	6.510331e+02
1063	1.059286e-02	1.375493e+00	2.293375e+01
1064	1.059286e-02	9.102544e-01	1.153682e+01
1065	1.059286e-02	6.254326e-01	2.069317e+00
1066	1.059286e-02	1.061471e+00	1.081966e+01
1067	1.059286e-02	2.343474e+00	4.612873e+01
1068	1.059286e-02	6.961402e-01	3.516015e+00
1069	1.059286e-02	1.097820e+00	8.379080e+00
1070	1.059286e-02	1.892348e+00	2.549825e+01
1071	1.059286e-02	8.327687e-01	6.979316e+00
1072	1.059286e-02	1.401222e+00	2.373142e+01
1073	1.059286e-02	1.126195e+00	1.022498e+01
1074	1.059286e-02	1.086991e+00	7.719884e+00
1075	1.059286e-02	5.872726e-01	1.956743e+00
1076	1.059286e-02	8.290614e-01	4.047715e+00
1077	1.059286e-02	5.954098e-01	1.462812e+00
1078	1.059286e-02	1.005884e+00	8.582091e+00
1079	1.059286e-02	5.371349e+00	1.385199e+02
1080	1.059286e-02	3.990675e+01	1.219841e+03
1081	1.059286e-02	9.734325e-01	9.008343e+00
1082	1.059286e-02	1.014076e+00	6.215052e+00
1083	1.059286e-02	7.721272e-01	3.267793e+00
1084	1.059286e-02	1.028777e+01	2.591373e+02
1085	1.059286e-02	9.182709e-01	8.507138e+00
1086	1.059286e-02	1.016286e+00	9.212961e+00
1087	1.059286e-02	6.270962e-01	1.991357e+00
1088	1.059286e-02	1.092654e+00	1.089866e+01
1089	1.059286e-02	8.809278e-01	7.863419e+00
1090	1.059286e-02	2.410047e+00	4.944905e+01
1091	1.059286e-02	7.611006e-01	3.789818e+00
1092	1.059286e-02	1.655464e+00	3.028463e+01
1093	1.059286e-02	6.200031e-01	2.199185e+00
1094	1.059286e-02	2.223968e+00	2.373577e+01
1095	1.059286e-02	4.904429e+00	1.339010e+02
1096	1.059286e-02	2.399257e+00	4.542776e+01
1097	1.059286e-02	1.148926e+00	8.055827e+00
1098	1.059286e-02	6.234272e-01	1.899617e+00
1099	1.059286e-02	3.337961e+01	1.035281e+03
1100	1.059286e-02	1.570092e+00	2.213130e+01
1101	1.059286e-02	1.213284e+00	1.838573e+01
1102	1.059286e-02	3.435368e+02	1.083116e+04
1103	1.059286e-02	9.477364e+02	2.993088e+04
1104	1.059286e-02	2.290418e+00	4.665689e+01
1105	1.059286e-02	5.844291e-01	1.943695e+00
1106	1.059286e-02	2.923446e+02	9.212125e+03
1107	1.059286e-02	1.147269e+00	1.270936e+01
1108	1.059286e-02	6.909559e-01	2.769775e+00
1109	1.059286e-02	9.785033e-01	8.465546e+00
1110	1.059286e-02	8.237478e-01	3.535213e+00
1111	1.059286e-02	6.971002e-01	3.122108e+00
1112	1.059286e-02	8.787537e-01	8.580799e+00
1113	1.059286e-02	1.317573e+00	1.613523e+01
1114	1.059286e-02	8.640969e-01	8.434976e+00
1115	1.059286e-02	1.278480e+00	1.200998e+01
1116	1.059286e-02	8.709102e+00	1.651139e+02
1117	1.059286e-02	1.120332e+00	1.147457e+01
1118	1.059286e-02	2.676184e+00	6.497433e+01
1119	1.059286e-02	7.550993e-01	3.704585e+00
1120	1.059286e-02	1.105801e+00	1.081893e+01
1121	1.059286e-02	7.342602e-01	2.531865e+00
1122	1.059286e-02	6.468033e-01	2.672246e+00
1123	1.059286e-02	6.475121e+00	1.720653e+02
1124	1.059286e-02	1.285234e+05	4.062215e+06
1125	1.059286e-02	6.137195e-01	2.325484e+00
1126	1.059286e-02	9.765274e-01	1.049191e+01
1127	1.059286e-02	3.381493e+00	7.884259e+01
1128	1.059286e-02	8.701447e+00	2.267498e+02
1129	1.059286e-02	6.274037e-01	2.148173e+00
1130	1.059286e-02	9.593133e-01	9.131566e+00
1131	1.059286e-02	7.265150e-01	4.234904e+00
1132	1.059286e-02	8.302983e+01	2.598208e+03
1133	1.059286e-02	3.204342e+00	8.008056e+01
1134	1.059286e-02	1.647677e+00	1.635491e+01
1135	1.059286e-02	2.138907e+00	4.299422e+01
1136	1.059286e-02	5.484799e-01	1.252447e+00
1137	1.059286e-02	2.908564e+00	6.919557e+01
1138	1.059286e-02	7.718533e-01	4.379446e+00
1139	6.625506e-03	6.359794e-01	2.343414e+00
1140	6.625506e-03	7.565089e-01	3.391178e+00
1141	6.625506e-03	6.085297e-01	2.567789e+00
1142	6.625506e-03	1.194311e+00	1.568614e+01
1143	6.625506e-03	6.671214e-01	2.473476e+00
1144	6.625506e-03	1.660795e+00	2.410327e+01
1145	6.625506e-03	9.056037e-01	8.666751e+00
1146	6.625506e-03	7.143712e-01	2.661091e+00
1147	6.625506e-03	8.360524e-01	3.625086e+00
1148	6.625506e-03	9.228938e-01	9.579624e+00
1149	6.625506e-03	1.022050e+00	9.679089e+00
1150	6.625506e-03	2.660381e+01	8.078662e+02
1151	6.625506e-03	6.806018e-01	2.420565e+00
1152	6.625506e-03	1.150044e+01	3.350781e+02
1153	6.625506e-03	1.053395e+00	8.958166e+00
1154	6.625506e-03	6.788905e-01	2.742704e+00
1155	6.625506e-03	1.113278e+01	2.376395e+02
1156	6.625506e-03	5.349222e-01	1.201040e+00
1157	6.625506e-03	8.820859e-01	8.666946e+00
1158	6.625506e-03	5.879147e-01	1.669574e+00
1159	6.625506e-03	4.179394e+01	1.293841e+03
1160	6.625506e-03	7.586411e-01	4.812606e+00
1161	6.625506e-03	3.230285e+01	9.903273e+02
1162	6.625506e-03	5.808733e-01	1.452171e+00
1163	6.625506e-03	1.847952e+00	3.136336e+01
1164	6.625506e-03	7.029654e-01	2.866247e+00
1165	6.625506e-03	8.359081e-01	4.098401e+00
1166	6.625506e-03	7.539117e-01	4.308192e+00
1167	6.625506e-03	6.785831e-01	2.477377e+00
1168	6.625506e-03	1.311125e+00	2.046504e+01
1169	6.625506e-03	6.073016e-01	2.656614e+00
1170	6.625506e-03	6.120214e+02	1.932126e+04
1171	6.625506e-03	1.210557e+00	1.983815e+01
1172	6.625506e-03	6.236323e-01	2.303206e+00
1173	6.625506e-03	5.812240e+01	1.812872e+03
1174	6.625506e-03	1.196354e+00	1.071388e+01
1175	6.625506e-03	1.529097e+00	2.493759e+01
1176	6.625506e-03	8.643437e-01	8.561583e+00
1177	6.625506e-03	8.536986e-01	7.965933e+00
1178	6.625506e-03	6.458386e-01	2.112113e+00
1179	6.625506e-03	1.979873e+00	3.505068e+01
1180	6.625506e-03	2.399506e+00	4.627525e+01
1181	6.625506e-03	6.584811e-01	2.184324e+00
1182	6.625506e-03	6.514760e-01	2.404726e+00
1183	6.625506e-03	8.011697e-01	6.874572e+00
1184	6.625506e-03	1.706783e+00	3.376979e+01
1185	6.625506e-03	6.360213e-01	1.825363e+00
1186	6.625506e-03	2.637940e+00	4.669774e+01
1187	6.625506e-03	4.181527e+01	1.301444e+03
1188	6.625506e-03	3.571205e+00	9.324929e+01
1189	6.625506e-03	6.257179e-01	2.337863e+00
1190	6.625506e-03	7.384954e-01	6.852933e+00
1191	6.625506e-03	1.278930e+00	1.013487e+01
1192	6.625506e-03	1.042988e+00	8.245294e+00
1193	6.625506e-03	1.438180e+00	1.357375e+01
1194	6.625506e-03	1.135533e+00	9.281544e+00
1195	6.625506e-03	1.862079e+00	3.385336e+01
1196	6.625506e-03	1.009996e+00	9.060056e+00
1197	6.625506e-03	2.505822e+00	4.696998e+01
1198	6.625506e-03	1.224663e+00	1.789128e+01
1199	6.625506e-03	2.170063e+00	4.651798e+01
1200	6.625506e-03	2.318619e+00	5.766619e+01
1201	6.625506e-03	1.229970e+00	1.188779e+01
1202	6.625506e-03	8.585833e-01	4.883005e+00
1203	6.625506e-03	2.360337e+01	7.039492e+02
1204	6.625506e-03	1.067655e+00	1.063624e+01
1205	6.625506e-03	1.069628e+00	1.001004e+01
1206	6.625506e-03	1.160572e+00	9.587008e+00
1207	6.625506e-03	7.960854e-01	5.355691e+00
1208	6.625506e-03	9.664852e-01	7.779639e+00
1209	6.625506e-03	2.522233e+00	5.436017e+01
1210	6.625506e-03	6.110753e-01	1.638549e+00
1211	6.625506e-03	6.169219e-01	1.936089e+00
1212	6.625506e-03	1.410790e+00	1.260607e+01
1213	6.625506e-03	9.592660e-01	8.906675e+00
1214	6.625506e-03	1.082796e+00	1.006707e+01
1215	6.625506e-03	1.078774e+00	8.887442e+00
1216	6.625506e-03	1.229356e+00	1.127704e+01
1217	6.625506e-03	6.816036e+00	1.948159e+02
1218	6.625506e-03	3.734257e+00	6.342853e+01
1219	6.625506e-03	8.448397e-01	6.431844e+00
1220	6.625506e-03	4.070957e+01	1.266152e+03
1221	6.625506e-03	3.216364e+00	6.940112e+01
1222	6.625506e-03	9.215894e-01	6.999448e+00
1223	6.625506e-03	2.742314e+00	5.669588e+01
1224	6.625506e-03	6.490059e-01	2.480932e+00
1225	6.625506e-03	2.171488e+00	3.521092e+01
1226	6.625506e-03	2.162184e+00	4.101917e+01
1227	6.625506e-03	1.049586e+00	6.241288e+00
1228	6.625506e-03	6.746802e-01	5.067385e+00
1229	6.625506e-03	8.109485e-01	6.628855e+00
1230	6.625506e-03	1.049997e+00	9.237608e+00
1231	6.625506e-03	6.285673e-01	2.416476e+00
1232	6.625506e-03	3.056835e+00	6.482736e+01
1233	6.625506e-03	6.508841e-01	2.733848e+00
1234	6.625506e-03	2.120313e+00	3.896164e+01
1235	6.625506e-03	2.270346e+00	4.764379e+01
1236	6.625506e-03	9.616819e-01	8.611563e+00
1237	6.625506e-03	9.815601e-01	1.104085e+01
1238	6.625506e-03	8.917120e-01	4.721966e+00
1239	6.625506e-03	6.908446e-01	2.585490e+00
1240	6.625506e-03	1.109410e+00	1.290971e+01
1241	6.625506e-03	1.203178e+02	3.766011e+03
1242	6.625506e-03	1.350380e+00	1.617948e+01
1243	6.625506e-03	7.086405e-01	5.297196e+00
1244	6.625506e-03	9.112991e+00	2.683539e+02
1245	6.625506e-03	8.278608e-01	4.915495e+00
1246	6.625506e-03	8.397619e-01	3.687203e+00
1247	6.625506e-03	2.114074e+00	3.434594e+01
1248	6.625506e-03	1.098647e+01	3.147852e+02
1249	6.625506e-03	7.299281e-01	2.864303e+00
1250	6.625506e-03	2.805227e+00	4.827628e+01
1251	6.625506e-03	6.061137e-01	2.004770e+00
1252	6.625506e-03	1.465595e+01	3.134114e+02
1253	6.625506e-03	2.467683e+00	3.524100e+01
1254	6.625506e-03	5.995101e-01	1.650418e+00
1255	6.625506e-03	3.962336e+00	8.752005e+01
1256	6.625506e-03	1.310731e+00	1.520002e+01
1257	6.625506e-03	3.913307e+00	6.036094e+01
1258	6.625506e-03	5.865453e-01	1.649709e+00
1259	6.625506e-03	1.701881e+01	5.173247e+02
1260	6.625506e-03	1.100620e+00	9.403116e+00
1261	6.625506e-03	1.682454e+00	2.446345e+01
1262	6.625506e-03	9.648034e-01	7.354747e+00
1263	6.625506e-03	6.041205e-01	1.904741e+00
1264	6.625506e-03	7.834378e-01	3.602978e+00
1265	6.625506e-03	1.016993e+00	1.317553e+01
1266	6.625506e-03	6.703899e-01	3.009277e+00
1267	6.625506e-03	6.964829e-01	4.512515e+00
1268	6.625506e-03	3.266432e+00	5.483362e+01
1269	6.625506e-03	1.371982e+00	2.330806e+01
1270	6.625506e-03	2.807460e+00	5.290101e+01
1271	6.625506e-03	6.431753e-01	3.419797e+00
1272	6.625506e-03	5.546932e-01	2.103329e+00
1273	6.625506e-03	7.772773e-01	3.222477e+00
1274	6.625506e-03	8.058378e-01	3.645635e+00
1275	6.625506e-03	1.225354e+00	1.547771e+01
1276	6.625506e-03	6.177816e-01	2.500756e+00
1277	6.625506e-03	1.166202e+00	1.384793e+01
1278	6.625506e-03	8.933017e-01	4.816270e+00
1279	6.625506e-03	1.858594e+00	2.134260e+01
1280	6.625506e-03	1.250975e+00	1.515728e+01
1281	6.625506e-03	1.637329e+00	2.469158e+01
1282	6.625506e-03	9.463654e-01	8.734190e+00
1283	6.625506e-03	7.773588e-01	3.723228e+00
1284	6.625506e-03	8.566422e-01	7.971546e+00
1285	6.625506e-03	7.320232e-01	3.377374e+00
1286	6.625506e-03	1.298459e+00	1.634179e+01
1287	6.625506e-03	8.004096e-01	6.379378e+00
1288	6.625506e-03	1.015288e+00	7.334365e+00
1289	6.625506e-03	1.558066e+00	1.996172e+01
1290	6.625506e-03	2.331271e+00	2.593843e+01
1291	6.625506e-03	5.778540e-01	1.950657e+00
1292	6.625506e-03	5.500046e-01	1.223284e+00
1293	6.625506e-03	1.833622e+00	3.889435e+01
1294	6.625506e-03	5.651876e-01	2.057577e+00
1295	6.625506e-03	6.855078e-01	2.839709e+00
1296	6.625506e-03	1.406479e+00	1.249724e+01
1297	6.625506e-03	6.699130e-01	2.460655e+00
1298	6.625506e-03	8.248692e-01	8.492582e+00
1299	6.625506e-03	2.152077e+00	4.468427e+01
1300	6.625506e-03	8.329822e-01	8.306704e+00
1301	6.625506e-03	6.538851e-01	2.264257e+00
1302	6.625506e-03	5.810583e-01	1.901090e+00
1303	6.625506e-03	1.120760e+00	1.126464e+01
1304	6.625506e-03	1.489588e+00	2.769580e+01
1305	6.625506e-03	5.604955e-01	1.953002e+00
1306	6.625506e-03	1.036534e+00	9.657778e+00
1307	6.625506e-03	8.475446e-01	7.172738e+00
1308	6.625506e-03	2.956449e+00	6.251702e+01
1309	6.625506e-03	1.049913e+00	1.580705e+01
1310	6.625506e-03	8.556832e-01	6.576372e+00
1311	6.625506e-03	7.963165e-01	3.956710e+00
1312	6.625506e-03	6.895588e-01	2.614509e+00
1313	6.625506e-03	5.255841e+00	1.455245e+02
1314	6.625506e-03	9.522059e-01	4.430182e+00
1315	6.625506e-03	5.771043e-01	1.520568e+00
1316	6.625506e-03	6.127901e-01	1.929042e+00
1317	6.625506e-03	1.147539e+00	1.421634e+01
1318	6.625506e-03	6.899479e-01	3.699705e+00
1319	6.625506e-03	9.097451e-01	8.735146e+00
1320	6.625506e-03	2.360740e+00	5.241707e+01
1321	6.625506e-03	5.962934e-01	2.212593e+00
1322	6.625506e-03	8.277868e-01	5.101032e+00
1323	6.625506e-03	1.550104e+00	1.520997e+01
1324	6.625506e-03	8.952442e-01	8.685236e+00
1325	6.625506e-03	1.060683e+00	9.602090e+00
1326	6.625506e-03	5.896661e-01	1.732734e+00
1327	6.625506e-03	8.032711e-01	4.422027e+00
1328	6.625506e-03	2.570879e+00	4.507786e+01
1329	6.625506e-03	1.013666e+00	9.405377e+00
1330	6.625506e-03	7.386831e-01	3.283842e+00
1331	6.625506e-03	6.377967e-01	1.864287e+00
1332	6.625506e-03	7.748405e-01	4.852948e+00
1333	6.625506e-03	6.893616e-01	2.552342e+00
1334	6.625506e-03	7.037431e-01	2.927904e+00
1335	6.625506e-03	6.602580e+00	1.639772e+02
1336	6.625506e-03	6.525921e-01	2.594824e+00
1337	6.625506e-03	7.906888e-01	7.130078e+00
1338	6.625506e-03	3.137640e+00	5.687504e+01
1339	6.625506e-03	6.791240e-01	3.743415e+00
1340	6.625506e-03	1.014953e+00	7.690483e+00
1341	6.625506e-03	9.861152e-01	8.537305e+00
1342	6.625506e-03	6.808436e-01	4.098528e+00
1343	6.625506e-03	2.117585e+00	4.255495e+01
1344	6.625506e-03	6.114722e+00	1.663853e+02
1345	6.625506e-03	1.115277e+01	3.284816e+02
1346	6.625506e-03	7.807222e-01	4.298908e+00
1347	6.625506e-03	2.179100e+00	3.527258e+01
1348	6.625506e-03	7.610676e-01	4.347890e+00
1349	6.625506e-03	9.841534e-01	9.181680e+00
1350	6.625506e-03	9.963343e-01	9.123239e+00
1351	6.625506e-03	6.809307e-01	3.408061e+00
1352	6.625506e-03	9.253526e-01	6.183082e+00
1353	6.625506e-03	1.129115e+00	1.184897e+01
1354	6.625506e-03	9.913410e-01	8.827554e+00
1355	6.499947e-03	6.249988e-01	2.144063e+00
1356	6.499947e-03	1.017098e+00	1.336550e+01
1357	6.499947e-03	6.480693e-01	2.662801e+00
1358	6.499947e-03	1.134770e+00	1.283470e+01
1359	6.499947e-03	8.343733e-01	8.382947e+00
1360	6.499947e-03	2.665562e+00	5.443562e+01
1361	6.499947e-03	2.105508e+00	4.750430e+01
1362	6.499947e-03	2.323248e+00	2.679532e+01
1363	6.499947e-03	1.080007e+00	1.184961e+01
1364	6.499947e-03	5.866097e-01	2.104559e+00
1365	6.499947e-03	6.250933e-01	1.542679e+00
1366	6.499947e-03	6.322434e-01	1.892403e+00
1367	6.499947e-03	7.364509e-01	3.410490e+00
1368	6.499947e-03	1.393396e+00	1.342709e+01
1369	6.499947e-03	1.040190e+00	1.030896e+01
1370	6.499947e-03	6.661526e+00	1.870529e+02
1371	6.499947e-03	8.668786e-01	8.450536e+00
1372	6.499947e-03	8.097769e-01	7.985627e+00
1373	6.499947e-03	2.292816e+00	4.200003e+01
1374	6.499947e-03	5.277953e-01	1.260951e+00
1375	6.499947e-03	9.855804e-01	1.045769e+01
1376	6.499947e-03	1.063128e+00	8.989837e+00
1377	6.499947e-03	1.423222e+00	1.870716e+01
1378	6.499947e-03	6.561694e-01	2.436364e+00
1379	6.499947e-03	2.204819e+00	4.714576e+01
1380	6.499947e-03	1.822521e+00	3.055880e+01
1381	6.499947e-03	2.627297e+00	5.783663e+01
1382	6.499947e-03	6.978098e-01	2.813296e+00
1383	6.499947e-03	9.496527e-01	3.989837e+00
1384	6.499947e-03	2.633276e+00	6.467603e+01
1385	6.499947e-03	8.799197e-01	6.740059e+00
1386	6.499947e-03	1.344236e+00	1.938482e+01
1387	6.499947e-03	5.535778e-01	1.294588e+00
1388	6.499947e-03	1.070657e+00	8.477774e+00
1389	6.499947e-03	1.544758e+01	4.588239e+02
1390	6.499947e-03	3.372097e+00	5.441774e+01
1391	6.499947e-03	6.535941e-01	2.423655e+00
1392	6.499947e-03	8.599201e-01	8.439195e+00
1393	6.499947e-03	8.535886e-01	5.644325e+00
1394	6.499947e-03	1.088465e+00	7.941460e+00
1395	6.499947e-03	6.960921e-01	3.732607e+00
1396	6.499947e-03	1.536920e+00	2.312300e+01
1397	6.499947e-03	9.525062e-01	1.081098e+01
1398	6.499947e-03	3.548183e+00	8.410777e+01
1399	6.499947e-03	5.886063e-01	1.677443e+00
1400	6.499947e-03	7.571792e-01	2.971505e+00
1401	6.499947e-03	7.351117e-01	6.283269e+00
1402	6.499947e-03	7.262258e-01	4.161848e+00
1403	6.499947e-03	3.452682e+00	5.466837e+01
1404	6.499947e-03	7.534718e-01	3.193537e+00
1405	6.499947e-03	2.764312e+00	4.369551e+01
1406	6.499947e-03	7.603158e-01	3.179070e+00
1407	6.499947e-03	8.767968e-01	8.326046e+00
1408	6.499947e-03	2.151018e+00	4.863473e+01
1409	6.499947e-03	8.638983e-01	4.764337e+00
1410	6.499947e-03	7.539336e-01	4.762679e+00
1411	6.499947e-03	1.363306e+00	1.305148e+01
1412	6.499947e-03	6.078835e-01	2.050029e+00
1413	6.499947e-03	6.734000e-01	2.355756e+00
1414	6.499947e-03	2.843194e+00	6.575739e+01
1415	6.499947e-03	1.277103e+00	1.651079e+01
1416	6.499947e-03	8.950282e-01	5.083116e+00
1417	6.499947e-03	3.005121e+00	7.743716e+01
1418	6.499947e-03	1.024653e+00	1.600131e+01
1419	6.499947e-03	1.097194e+00	1.293701e+01
1420	6.499947e-03	8.211598e-01	3.963520e+00
1421	6.499947e-03	8.740957e-01	8.720781e+00
1422	6.499947e-03	9.874792e-01	8.985022e+00
1423	6.499947e-03	7.106137e-01	2.915921e+00
1424	6.499947e-03	7.457433e-01	3.460107e+00
1425	6.499947e-03	6.043604e-01	1.678905e+00
1426	6.499947e-03	5.548267e-01	1.321160e+00
1427	6.499947e-03	1.021861e+00	9.235330e+00
1428	6.499947e-03	5.431280e-01	1.614723e+00
1429	6.499947e-03	4.145319e+00	9.534781e+01
1430	6.499947e-03	6.954347e-01	2.722833e+00
1431	6.499947e-03	7.465692e-01	3.228476e+00
1432	6.499947e-03	3.999874e+00	7.409044e+01
1433	6.499947e-03	2.860406e+00	4.558575e+01
1434	6.499947e-03	2.672990e+00	5.808776e+01
1435	6.499947e-03	1.217947e+00	1.198822e+01
1436	6.499947e-03	9.997942e-01	9.935604e+00
1437	6.499947e-03	8.969808e-01	5.968741e+00
1438	6.499947e-03	1.209734e+00	1.044013e+01
1439	6.499947e-03	8.225768e-01	7.212069e+00
1440	6.499947e-03	3.584519e+00	6.802933e+01
1441	6.499947e-03	5.712015e-01	1.536794e+00
1442	6.499947e-03	7.452821e-01	3.887594e+00
1443	6.499947e-03	7.212807e-01	2.524895e+00
1444	6.499947e-03	6.444384e-01	2.690032e+00
1445	6.499947e-03	6.579586e-01	2.456014e+00
1446	6.499947e-03	1.808001e+00	1.569835e+01
1447	6.499947e-03	9.982840e-01	6.042171e+00
1448	6.499947e-03	5.889931e-01	1.968323e+00
1449	6.499947e-03	1.019224e+00	9.601316e+00
1450	6.499947e-03	6.256770e-01	2.535866e+00
1451	6.499947e-03	7.437043e-01	3.092303e+00
1452	6.499947e-03	7.457618e-01	3.958310e+00
1453	6.499947e-03	6.028593e-01	2.129700e+00
1454	6.499947e-03	1.062669e+00	1.014817e+01
1455	6.499947e-03	7.751103e-01	3.473584e+00
1456	6.499947e-03	8.463164e-01	3.460870e+00
1457	6.499947e-03	2.969883e+00	5.832229e+01
1458	6.499947e-03	5.473580e-01	1.188104e+00
1459	6.499947e-03	6.952714e-01	3.683710e+00
1460	6.499947e-03	7.805003e-01	6.128808e+00
1461	6.499947e-03	2.323852e+00	4.812884e+01
1462	6.499947e-03	1.123613e+00	8.069906e+00
1463	6.499947e-03	2.231985e+00	4.775785e+01
1464	6.499947e-03	1.415241e+00	1.409211e+01
1465	6.499947e-03	1.176685e+00	1.499039e+01
1466	6.499947e-03	9.327350e-01	6.137128e+00
1467	6.499947e-03	2.443261e+00	5.498950e+01
1468	6.499947e-03	6.192502e-01	2.036362e+00
1469	6.499947e-03	2.473475e+00	4.449344e+01
1470	6.499947e-03	6.031588e-01	1.419689e+00
1471	6.499947e-03	1.068433e+00	9.069439e+00
1472	6.499947e-03	9.300876e-01	7.790999e+00
1473	6.499947e-03	1.473770e+00	2.505802e+01
1474	6.499947e-03	1.214837e+00	1.202090e+01
1475	6.499947e-03	6.699527e-01	2.975578e+00
1476	6.499947e-03	9.042424e+00	2.584214e+02
1477	6.499947e-03	9.881764e+00	2.614798e+02
1478	6.499947e-03	6.418517e-01	2.110451e+00
1479	6.499947e-03	7.112082e-01	2.914815e+00
1480	6.499947e-03	7.493446e-01	3.198942e+00
1481	6.499947e-03	1.004067e+00	9.452266e+00
1482	6.499947e-03	6.982805e-01	2.316239e+00
1483	6.499947e-03	8.083440e-01	4.078419e+00
1484	6.499947e-03	8.603595e-01	4.850544e+00
1485	6.499947e-03	1.095654e+00	1.010507e+01
1486	6.499947e-03	6.831648e-01	2.567448e+00
1487	6.499947e-03	7.072231e-01	2.392209e+00
1488	6.499947e-03	1.014982e+00	1.206497e+01
1489	6.499947e-03	5.884617e-01	1.947463e+00
1490	6.499947e-03	1.246433e+01	3.281913e+02
1491	6.499947e-03	2.367166e+00	4.712588e+01
1492	6.499947e-03	2.176289e+00	4.030591e+01
1493	6.499947e-03	1.691791e+00	3.371477e+01
1494	6.499947e-03	1.520781e+00	1.719635e+01
1495	6.499947e-03	1.931939e+00	1.765652e+01
1496	6.499947e-03	8.792830e-01	6.712170e+00
1497	6.499947e-03	9.754580e-01	6.996789e+00
1498	6.499947e-03	9.738363e-01	4.906194e+00
1499	6.499947e-03	5.891656e-01	1.848635e+00
1500	6.499947e-03	8.799866e-01	8.285453e+00
1501	6.499947e-03	6.592494e-01	2.852323e+00
1502	6.499947e-03	2.371047e+00	4.208393e+01
1503	6.499947e-03	5.211684e-01	1.117583e+00
1504	6.499947e-03	6.807591e-01	1.998930e+00
1505	6.499947e-03	6.132295e-01	2.357928e+00
1506	6.499947e-03	1.015815e+00	9.123766e+00
1507	6.499947e-03	7.245116e-01	3.141323e+00
1508	6.499947e-03	6.198660e-01	2.391268e+00
1509	6.499947e-03	5.166452e-01	1.048692e+00
1510	6.499947e-03	1.566356e+00	2.263672e+01
1511	6.499947e-03	6.696691e-01	2.126536e+00
1512	6.499947e-03	1.036387e+00	8.735095e+00
1513	6.499947e-03	7.429125e-01	6.102842e+00
1514	6.499947e-03	9.539814e-01	8.594944e+00
1515	6.499947e-03	8.911197e-01	8.201256e+00
1516	6.499947e-03	6.828946e-01	2.429147e+00
1517	6.499947e-03	1.487106e+00	1.671005e+01
1518	6.499947e-03	6.033968e-01	2.144214e+00
1519	6.499947e-03	1.129563e+00	1.652894e+01
1520	6.499947e-03	1.528730e+00	2.263876e+01
1521	6.499947e-03	9.164329e-01	4.051929e+00
1522	6.499947e-03	1.759672e+00	3.376628e+01
1523	6.499947e-03	5.432822e-01	1.335780e+00
1524	6.499947e-03	1.002749e+00	9.511231e+00
1525	6.499947e-03	1.203729e+00	1.101249e+01
1526	6.499947e-03	2.358155e+00	4.723335e+01
1527	6.499947e-03	2.230374e+00	3.471318e+01
1528	6.499947e-03	2.956978e+00	6.422810e+01
1529	6.499947e-03	1.842834e+00	3.299234e+01
1530	6.499947e-03	1.091780e+00	1.318252e+01
1531	6.499947e-03	1.007966e+00	7.071079e+00
1532	6.499947e-03	1.327871e+00	2.107857e+01
1533	6.499947e-03	5.447809e-01	1.790089e+00
1534	6.499947e-03	3.684886e+00	6.318299e+01
1535	6.499947e-03	9.485895e-01	8.518382e+00
1536	6.499947e-03	1.027763e+00	1.517277e+01
1537	6.499947e-03	1.077140e+00	1.589819e+01
1538	6.499947e-03	6.218589e-01	1.649881e+00
1539	6.499947e-03	2.603398e+00	6.060929e+01
1540	6.499947e-03	1.498938e+00	1.912975e+01
1541	6.499947e-03	6.656889e-01	2.298459e+00
1542	6.499947e-03	1.203046e+00	1.240826e+01
1543	6.499947e-03	1.140981e+00	1.192996e+01
1544	6.499947e-03	3.174871e+00	5.456067e+01
1545	6.499947e-03	6.273180e-01	2.038777e+00
1546	6.499947e-03	1.092418e+00	1.573176e+01
1547	6.499947e-03	6.070903e-01	1.970885e+00
1548	6.499947e-03	6.227432e-01	2.619803e+00
1549	6.499947e-03	7.279443e-01	2.338129e+00
1550	6.499947e-03	7.609330e-01	4.726478e+00
1551	6.499947e-03	5.151199e+00	9.787304e+01
1552	6.499947e-03	1.514132e+00	2.336073e+01
1553	6.499947e-03	6.261317e-01	2.203094e+00
1554	6.499947e-03	6.978692e-01	2.543511e+00
1555	6.499947e-03	1.463286e+00	2.073661e+01
1556	6.499947e-03	8.174875e-01	4.285611e+00
1557	6.499947e-03	5.695333e-01	2.190444e+00
1558	6.499947e-03	1.010261e+00	1.246078e+01
1559	6.499947e-03	6.641945e-01	2.637395e+00
1560	6.499947e-03	7.254115e-01	3.640698e+00
1561	6.499947e-03	6.115296e-01	1.570256e+00
1562	6.499947e-03	6.340871e-01	2.049847e+00
1563	6.499947e-03	6.609684e-01	2.730410e+00
1564	6.499947e-03	5.674563e-01	1.915355e+00
1565	6.499947e-03	2.599768e+00	4.803252e+01
1566	6.499947e-03	8.946326e-01	8.635903e+00
1567	6.499947e-03	7.287836e-01	2.937710e+00
1568	6.499947e-03	1.071687e+00	9.136084e+00
1569	6.499947e-03	1.188077e+01	3.227412e+02
1570	6.499947e-03	6.128090e-01	1.908347e+00
1571	6.499947e-03	5.322472e-01	1.125226e+00
1572	6.499947e-03	9.123988e-01	8.673059e+00
1573	6.499947e-03	5.402024e-01	1.585709e+00
1574	6.499947e-03	6.448309e-01	2.456554e+00
1575	6.499947e-03	1.126887e+00	1.321473e+01
1576	6.499947e-03	6.281427e-01	3.239670e+00
1577	6.499947e-03	6.657234e-01	2.133985e+00
1578	6.499947e-03	9.328044e-01	8.921697e+00
1579	6.499947e-03	1.035434e+00	8.697453e+00
1580	6.499947e-03	1.678874e+00	2.759806e+01
1581	6.499947e-03	1.165892e+00	1.313030e+01
1582	6.499947e-03	2.100012e+00	3.879777e+01
1583	6.499947e-03	1.161130e+00	1.718678e+01
1584	6.499947e-03	1.531702e+00	2.398846e+01
1585	6.499947e-03	7.708545e-01	3.885870e+00
1586	6.499947e-03	6.797591e+00	1.967418e+02
1587	6.499947e-03	6.685552e-01	2.361808e+00
1588	6.499947e-03	1.585579e+03	5.009035e+04
1589	6.499947e-03	6.449694e-01	2.888674e+00
1590	6.499947e-03	6.370921e-01	2.547729e+00
1591	6.499947e-03	8.518579e-01	7.205983e+00
1592	6.499947e-03	1.117137e+00	1.365081e+01
1593	6.499947e-03	8.755978e-01	8.550159e+00
1594	6.499947e-03	6.114757e-01	1.898154e+00
1595	6.499947e-03	8.427725e-01	7.048948e+00
1596	6.499947e-03	1.051298e+00	9.122739e+00
1597	6.499947e-03	7.735116e-01	6.095258e+00
1598	6.499947e-03	6.315056e-01	3.368989e+00
1599	6.499947e-03	9.864540e-01	1.000482e+01
1600	6.499947e-03	1.011071e+00	9.116698e+00
1601	6.499947e-03	2.047657e+00	3.922859e+01
1602	6.499947e-03	1.059323e+00	9.540334e+00
1603	6.499947e-03	7.773569e-01	6.643425e+00
1604	6.499947e-03	7.338868e-01	3.790482e+00
1605	6.499947e-03	1.131066e+00	1.805255e+01
1606	6.499947e-03	1.021454e+00	8.987167e+00
1607	6.499947e-03	8.171191e-01	8.317159e+00
1608	6.499947e-03	6.532670e-01	2.123439e+00
1609	6.499947e-03	9.347847e-01	8.861049e+00
1610	6.499947e-03	9.706485e-01	1.117729e+01
1611	6.499947e-03	2.171198e+00	4.662049e+01
1612	6.499947e-03	6.224910e-01	1.738123e+00
1613	6.499947e-03	6.411858e-01	2.012287e+00
1614	6.499947e-03	3.736764e+00	6.089955e+01
1615	6.499947e-03	6.663003e-01	2.139447e+00
1616	6.499947e-03	7.843923e-01	3.595560e+00
1617	6.499947e-03	1.758770e+00	3.842872e+01
1618	6.499947e-03	8.983508e-01	7.234287e+00
1619	6.499947e-03	7.327482e-01	2.721942e+00
1620	6.499947e-03	1.596464e+00	1.689784e+01
1621	6.499947e-03	2.508649e+00	5.565136e+01
1622	6.499947e-03	6.133814e+01	1.900502e+03
1623	6.499947e-03	9.449943e-01	8.610879e+00
1624	6.499947e-03	7.549188e-01	3.041481e+00
1625	6.499947e-03	5.786973e-01	1.455901e+00
1626	6.499947e-03	1.748238e+00	2.854107e+01
1627	6.499947e-03	7.342597e-01	2.674235e+00
1628	6.499947e-03	1.068222e+00	1.106579e+01
1629	6.499947e-03	7.249893e-01	3.922543e+00
1630	6.499947e-03	9.850232e-01	7.890480e+00
1631	6.499947e-03	1.492891e+00	1.857855e+01
1632	6.499947e-03	6.356292e-01	2.556434e+00
1633	6.499947e-03	1.743639e+03	5.508232e+04
1634	6.499947e-03	9.861046e-01	6.971814e+00
1635	6.499947e-03	2.218497e+01	6.729887e+02
1636	6.499947e-03	1.097493e+01	3.235981e+02
1637	6.499947e-03	6.862331e-01	2.468230e+00
1638	6.499947e-03	1.006697e+00	1.172804e+01
1639	6.499947e-03	9.937821e-01	7.955331e+00
1640	6.499947e-03	2.527359e+00	5.309909e+01
1641	6.499947e-03	1.381773e+00	1.980115e+01
1642	6.499947e-03	7.252304e-01	2.927250e+00
1643	6.499947e-03	1.482169e+00	1.699843e+01
1644	6.499947e-03	7.254475e-01	3.574927e+00
1645	6.499947e-03	6.537848e-01	2.202430e+00
1646	6.499947e-03	7.931270e+00	2.267026e+02
1647	6.499947e-03	6.895149e+01	2.158582e+03
1648	6.499947e-03	1.021901e+00	8.052881e+00
1649	6.499947e-03	2.090682e+00	4.633998e+01
1650	6.499947e-03	6.987548e-01	2.907857e+00
1651	6.499947e-03	1.333795e+00	1.325825e+01
1652	6.499947e-03	7.159474e-01	2.590921e+00
1653	6.499947e-03	7.635320e-01	3.619894e+00
1654	6.499947e-03	7.392330e-01	3.274429e+00
1655	6.499947e-03	5.807732e-01	1.667873e+00
1656	6.499947e-03	3.085898e+00	7.762992e+01
1657	6.499947e-03	1.160821e+00	1.586706e+01
1658	6.499947e-03	1.168819e+00	1.214869e+01
1659	6.499947e-03	9.809020e-01	8.958404e+00
1660	6.499947e-03	1.077261e+00	8.638989e+00
1661	6.499947e-03	2.131634e+00	4.769868e+01
1662	6.499947e-03	6.621056e-01	1.931580e+00
1663	6.499947e-03	7.473487e-01	2.935164e+00
1664	6.499947e-03	5.703521e+00	1.599394e+02
1665	6.499947e-03	7.130090e-01	3.276725e+00
1666	6.499947e-03	6.758816e-01	1.930568e+00
1667	6.499947e-03	2.430029e+00	5.218427e+01
1668	6.499947e-03	3.044071e+00	7.574891e+01
1669	6.499947e-03	6.726898e-01	2.398499e+00
1670	6.499947e-03	1.042812e+00	8.777437e+00
1671	6.499947e-03	6.804619e-01	2.685556e+00
1672	6.499947e-03	9.691111e+01	2.665940e+03
1673	6.499947e-03	3.555194e+01	1.094097e+03
1674	6.499947e-03	8.356552e-01	8.607484e+00
1675	6.499947e-03	2.094352e+00	3.860067e+01
1676	6.499947e-03	6.617578e-01	2.659175e+00
1677	6.499947e-03	1.468938e+01	4.276913e+02
1678	6.499947e-03	2.695143e+00	5.332745e+01
1679	6.499947e-03	5.929822e-01	2.163898e+00
1680	6.499947e-03	5.930475e-01	1.922264e+00
1681	6.499947e-03	2.029584e+00	4.021000e+01
1682	6.499947e-03	2.694277e+00	4.905786e+01
1683	6.499947e-03	4.075864e+00	9.327424e+01
1684	6.499947e-03	1.160533e+00	8.487612e+00
1685	6.499947e-03	2.125287e+00	3.927741e+01
1686	6.499947e-03	2.061377e+00	2.808835e+01
1687	6.499947e-03	6.527154e-01	3.442914e+00
1688	6.499947e-03	5.366186e-01	1.127782e+00
1689	6.499947e-03	8.860068e-01	8.246776e+00
1690	6.499947e-03	1.043625e+00	1.011582e+01
1691	6.499947e-03	6.148281e-01	1.959715e+00
1692	6.499947e-03	6.730599e-01	2.679978e+00
1693	6.499947e-03	9.658983e-01	6.813194e+00
1694	6.499947e-03	6.727341e-01	2.579104e+00
1695	6.499947e-03	7.778783e-01	2.936729e+00
1696	6.499947e-03	6.155672e-01	1.582098e+00
1697	6.499947e-03	5.867558e-01	1.713619e+00
1698	6.499947e-03	2.195078e+00	4.686823e+01
1699	6.499947e-03	1.978891e+00	3.873116e+01
1700	6.499947e-03	6.947978e-01	2.434079e+00
1701	6.499947e-03	8.936555e-01	6.890338e+00
1702	6.499947e-03	5.721197e-01	1.834443e+00
1703	6.499947e-03	1.021407e+00	9.031357e+00
1704	6.499947e-03	8.609238e-01	8.445028e+00
1705	6.499947e-03	8.677092e-01	8.407158e+00
1706	6.499947e-03	7.642778e+00	2.206823e+02
1707	6.499947e-03	9.357621e-01	9.650383e+00
1708	6.499947e-03	1.004016e+00	7.272953e+00
1709	6.499947e-03	9.264732e-01	8.518533e+00
1710	6.499947e-03	9.414831e-01	8.370412e+00
1711	6.499947e-03	9.182284e-01	7.371146e+00
1712	6.499947e-03	2.174611e+00	3.908857e+01
1713	6.499947e-03	7.705593e-01	3.196004e+00
1714	6.499947e-03	8.290014e-01	3.927995e+00
1715	6.499947e-03	2.564878e+00	5.524684e+01
1716	6.499947e-03	8.984538e-01	8.477255e+00
1717	6.499947e-03	6.248361e-01	2.548826e+00
1718	6.499947e-03	7.944648e-01	3.997813e+00
1719	6.499947e-03	6.262095e-01	1.972161e+00
1720	6.499947e-03	2.189546e+00	3.826500e+01
1721	6.499947e-03	2.143332e+00	4.616885e+01
1722	6.499947e-03	7.150508e-01	2.965883e+00
1723	6.499947e-03	7.958277e-01	6.843197e+00
1724	6.499947e-03	6.130883e-01	2.144370e+00
1725	6.499947e-03	1.178215e+00	1.121502e+01
1726	6.499947e-03	1.343396e+00	1.516820e+01
1727	6.499947e-03	6.727151e-01	2.819747e+00
1728	6.499947e-03	1.081828e+00	8.879419e+00
1729	6.499947e-03	1.370888e+00	1.971271e+01
1730	6.499947e-03	1.213378e+00	1.192114e+01
1731	6.499947e-03	5.833341e-01	1.993291e+00
1732	6.499947e-03	6.835642e-01	1.949689e+00
1733	6.499947e-03	8.648385e-01	8.660284e+00
1734	6.499947e-03	5.840546e-01	1.960643e+00
1735	6.499947e-03	5.549799e-01	1.295621e+00
1736	6.499947e-03	9.004124e-01	7.666581e+00
1737	6.499947e-03	5.796830e-01	2.270541e+00
1738	6.499947e-03	6.363177e-01	2.517210e+00
1739	6.499947e-03	8.857547e-01	8.576938e+00
1740	6.499947e-03	7.136735e-01	3.010599e+00
1741	6.499947e-03	6.736945e-01	2.133497e+00
1742	6.499947e-03	6.932925e-01	3.010100e+00
1743	6.499947e-03	1.534073e+00	2.124723e+01
1744	6.499947e-03	5.683181e-01	1.868790e+00
1745	6.499947e-03	4.257637e+00	1.054684e+02
1746	6.499947e-03	6.036077e-01	1.954686e+00
1747	6.499947e-03	5.667172e-01	1.721169e+00
1748	6.499947e-03	9.713531e-01	9.789343e+00
1749	6.499947e-03	9.259595e-01	8.606000e+00
1750	6.499947e-03	6.203126e-01	2.573103e+00
1751	6.499947e-03	9.787030e-01	8.852810e+00
1752	6.499947e-03	1.215881e+00	1.032351e+01
1753	6.499947e-03	6.182930e-01	2.337953e+00
1754	6.499947e-03	8.918950e-01	7.618837e+00
1755	6.499947e-03	8.203530e-01	7.677865e+00
1756	6.499947e-03	7.711919e-01	2.734070e+00
1757	6.499947e-03	8.837739e-01	8.512137e+00
1758	6.499947e-03	1.161346e+00	1.361912e+01
1759	6.499947e-03	1.282683e+00	1.370425e+01
1760	6.499947e-03	9.322570e-01	1.223363e+01
1761	6.499947e-03	6.072630e-01	2.448002e+00
1762	6.499947e-03	6.648664e-01	2.785730e+00
1763	6.499947e-03	6.412921e-01	2.094538e+00
1764	6.499947e-03	6.126538e-01	2.326513e+00
1765	6.499947e-03	1.084740e+00	9.547342e+00
1766	6.499947e-03	2.337371e+00	4.820264e+01
1767	6.499947e-03	6.586987e-01	1.800011e+00
1768	6.499947e-03	1.128280e+00	1.947096e+01
1769	6.499947e-03	2.248268e+00	4.663452e+01
1770	6.499947e-03	5.798424e+00	1.661775e+02
1771	6.499947e-03	8.896414e-01	8.573935e+00
1772	6.499947e-03	1.310814e+00	1.272845e+01
1773	6.499947e-03	8.047525e-01	7.909012e+00
1774	6.499947e-03	6.496959e-01	2.248312e+00
1775	6.499947e-03	6.518785e-01	2.432780e+00
1776	6.499947e-03	5.429080e-01	1.352146e+00
1777	6.499947e-03	6.336169e-01	1.568639e+00
1778	6.499947e-03	6.510475e-01	3.858746e+00
1779	6.499947e-03	2.158162e+00	4.659168e+01
1780	6.499947e-03	8.561743e-01	6.716612e+00
1781	6.499947e-03	8.293179e-01	4.774330e+00
1782	6.499947e-03	5.416618e-01	1.809094e+00
1783	6.499947e-03	5.773504e-01	1.667959e+00
1784	6.499947e-03	2.098789e+00	4.657795e+01
1785	6.499947e-03	1.795804e+00	2.792726e+01
1786	6.499947e-03	7.462834e-01	5.994799e+00
1787	6.499947e-03	8.908698e-01	8.804332e+00
1788	6.499947e-03	1.043433e+00	9.810121e+00
1789	6.499947e-03	7.941670e-01	8.311986e+00
1790	6.499947e-03	9.793904e-01	1.105646e+01
1791	6.499947e-03	6.928829e-01	2.649700e+00
1792	6.499947e-03	6.697108e-01	2.838889e+00
1793	6.499947e-03	8.534279e-01	8.774769e+00
1794	6.499947e-03	6.967294e-01	2.854268e+00
1795	6.499947e-03	3.776747e+00	9.691271e+01
1796	6.499947e-03	8.349562e-01	8.482919e+00
1797	6.499947e-03	7.703707e-01	4.883032e+00
1798	6.499947e-03	6.472497e-01	2.962322e+00
1799	6.499947e-03	7.796537e-01	8.292195e+00
1800	6.499947e-03	6.430420e-01	2.168624e+00
1801	6.499947e-03	5.179340e-01	1.256033e+00
1802	6.499947e-03	6.169663e-01	2.438545e+00
1803	6.499947e-03	1.103724e+00	1.156307e+01
1804	6.499947e-03	2.043836e+00	4.653687e+01
1805	6.499947e-03	6.274920e-01	2.249652e+00
1806	6.499947e-03	5.840264e-01	2.130568e+00
1807	6.499947e-03	6.655406e-01	3.400428e+00
1808	6.499947e-03	6.156184e-01	2.472881e+00
1809	6.499947e-03	9.045823e-01	8.610323e+00
1810	6.499947e-03	2.061059e+00	4.276173e+01
1811	6.499947e-03	2.458435e+00	5.702709e+01
1812	6.499947e-03	6.240538e-01	2.288304e+00
1813	6.499947e-03	9.827719e-01	9.087566e+00
1814	6.499947e-03	5.842610e-01	1.915842e+00
1815	6.499947e-03	7.256959e-01	3.097798e+00
1816	6.499947e-03	9.011221e-01	8.238869e+00
1817	6.499947e-03	1.200098e+00	1.672141e+01
1818	6.499947e-03	6.193660e-01	2.120333e+00
1819	6.499947e-03	4.831412e-01	1.270738e+00
1820	6.499947e-03	4.855043e-01	1.162623e+00
1821	6.499947e-03	9.243272e-01	1.337924e+01
1822	6.499947e-03	1.262114e+01	3.617211e+02
1823	6.499947e-03	5.514157e-01	1.274361e+00
1824	6.499947e-03	6.582051e-01	2.903355e+00
1825	6.499947e-03	5.563365e-01	1.957808e+00
1826	6.499947e-03	6.412908e-01	2.296399e+00
1827	6.499947e-03	1.176565e+00	1.389642e+01
1828	6.499947e-03	1.250111e+00	1.286172e+01
1829	6.499947e-03	9.661401e-01	1.117454e+01
1830	6.499947e-03	5.605371e-01	2.082091e+00
1831	6.499947e-03	2.924501e+00	5.177135e+01
1832	6.499947e-03	6.218669e-01	2.046551e+00
1833	6.499947e-03	5.418339e-01	1.818638e+00
1834	6.499947e-03	7.270931e-01	6.287906e+00
1835	6.499947e-03	3.705377e+00	9.070081e+01
1836	6.499947e-03	9.984933e-01	9.663278e+00
1837	6.499947e-03	5.476661e-01	1.286535e+00
1838	6.499947e-03	1.205730e+00	1.817114e+01
1839	6.499947e-03	7.340196e-01	3.416677e+00
1840	6.499947e-03	6.976717e-01	3.129372e+00
1841	6.499947e-03	6.965608e-01	3.283724e+00
1842	6.499947e-03	5.860601e-01	1.916796e+00
1843	6.499947e-03	5.880691e-01	2.475564e+00
1844	6.499947e-03	5.693908e-01	2.100948e+00
1845	6.499947e-03	5.328179e-01	1.507200e+00
1846	6.499947e-03	7.821215e-01	8.296490e+00
1847	6.499947e-03	7.973203e-01	8.342279e+00
1848	6.499947e-03	6.420345e-01	2.911893e+00
1849	6.499947e-03	6.505390e-01	1.779666e+00
1850	6.499947e-03	8.968261e-01	8.542648e+00
1851	6.499947e-03	5.846217e-01	2.363793e+00
1852	6.499947e-03	7.813890e-01	3.568255e+00
1853	6.499947e-03	7.786499e-01	5.956191e+00
1854	6.499947e-03	5.568971e-01	1.718767e+00
1855	6.499947e-03	5.846848e-01	2.197691e+00
1856	6.499947e-03	5.793181e-01	2.230271e+00
1857	6.499947e-03	6.292763e-01	2.423219e+00
1858	6.499947e-03	5.798121e-01	2.026783e+00
1859	6.499947e-03	7.654917e-01	3.355383e+00
1860	6.499947e-03	6.950816e-01	4.510857e+00
1861	6.499947e-03	3.703802e+00	9.307711e+01
1862	6.499947e-03	5.302715e-01	1.244944e+00
1863	6.499947e-03	7.008620e-01	3.406692e+00
1864	6.499947e-03	8.412138e-01	8.483965e+00
1865	6.499947e-03	7.727284e-01	3.233836e+00
1866	6.499947e-03	6.339851e-01	2.756753e+00
1867	6.499947e-03	1.186850e+00	1.757261e+01
1868	6.499947e-03	5.528602e-01	1.846648e+00
1869	6.499947e-03	1.642165e+00	3.409777e+01
1870	6.499947e-03	5.910493e-01	2.104100e+00
1871	6.499947e-03	6.517573e-01	4.368169e+00
1872	6.499947e-03	5.646467e-01	1.878929e+00
1873	6.499947e-03	1.045250e+00	1.103711e+01
1874	6.499947e-03	5.309130e-01	1.192998e+00
1875	6.499947e-03	8.812205e-01	8.791592e+00
1876	6.499947e-03	5.810771e-01	1.474626e+00
1877	6.499947e-03	6.609801e-01	2.188023e+00
1878	6.499947e-03	9.649613e-01	8.425055e+00
1879	6.499947e-03	4.791435e-01	1.148903e+00
1880	6.499947e-03	8.410769e-01	8.021099e+00
1881	6.499947e-03	8.650302e-01	7.703188e+00
1882	6.499947e-03	1.072835e+00	1.191332e+01
1883	6.499947e-03	6.799684e-01	2.851984e+00
1884	6.499947e-03	6.536780e-01	2.209811e+00
1885	6.499947e-03	9.407042e-01	9.015716e+00
1886	6.499947e-03	5.668960e-01	1.407168e+00
1887	6.499947e-03	5.746103e-01	1.880039e+00
1888	6.499947e-03	5.353531e-01	2.283778e+00
1889	6.499947e-03	4.808766e-01	1.072324e+00
1890	6.499947e-03	1.979218e+00	3.903994e+01
1891	6.499947e-03	5.895409e-01	3.017253e+00
1892	6.499947e-03	7.037024e-01	2.960245e+00
1893	6.499947e-03	5.408961e-01	1.549576e+00
1894	6.499947e-03	5.572608e-01	2.304255e+00
1895	6.499947e-03	6.294488e-01	2.627918e+00
1896	6.499947e-03	7.076128e-01	6.185788e+00
1897	6.499947e-03	6.866883e-01	2.530072e+00
1898	6.499947e-03	5.191063e-01	1.059386e+00
1899	6.499947e-03	5.320684e-01	1.625004e+00
1900	6.499947e-03	6.268325e-01	3.056504e+00
1901	6.499947e-03	5.786822e-01	2.214288e+00
1902	6.499947e-03	1.300479e+00	1.824725e+01
1903	6.499947e-03	6.340372e-01	3.889105e+00
1904	6.499947e-03	4.704760e-01	1.089996e+00
1905	6.499947e-03	5.319613e-01	1.937596e+00
1906	6.499947e-03	8.388323e-01	8.763608e+00
1907	6.499947e-03	5.846860e-01	2.041018e+00
1908	6.499947e-03	9.319189e+00	2.688741e+02
1909	6.499947e-03	5.224304e-01	1.913845e+00
1910	6.499947e-03	3.650559e+00	9.849270e+01
1911	6.499947e-03	5.029056e-01	1.278284e+00
1912	6.499947e-03	6.537389e-01	3.018245e+00
1913	6.499947e-03	5.745354e-01	2.353897e+00
1914	6.499947e-03	7.628120e-01	6.246007e+00
1915	6.499947e-03	8.220674e+01	2.564862e+03
1916	6.499947e-03	5.219959e-01	1.809229e+00
1917	6.499947e-03	5.275697e-01	1.727187e+00
1918	6.499947e-03	8.243815e-01	8.516770e+00
1919	6.499947e-03	6.553420e-01	2.808854e+00
1920	6.499947e-03	6.227798e-01	2.211218e+00
1921	6.499947e-03	5.798110e-01	2.184038e+00
1922	6.499947e-03	6.110952e-01	2.913294e+00
1923	6.499947e-03	5.716070e-01	1.974165e+00
1924	6.499947e-03	8.722085e-01	7.143859e+00
1925	6.499947e-03	5.329892e-01	1.851377e+00
1926	6.499947e-03	8.960276e-01	9.081058e+00
1927	6.499947e-03	4.859569e-01	1.147718e+00
1928	6.499947e-03	5.454426e-01	1.829813e+00
1929	6.499947e-03	5.688681e-01	2.157305e+00
1930	6.499947e-03	8.030685e-01	8.429486e+00
1931	6.499947e-03	7.937890e+00	2.322674e+02
1932	6.499947e-03	5.439946e-01	2.513742e+00
1933	6.499947e-03	1.090230e+00	1.168745e+01
1934	6.499947e-03	5.829248e-01	2.362439e+00
1935	6.499947e-03	6.007019e-01	2.376944e+00
1936	6.499947e-03	6.477580e-01	5.654386e+00
1937	6.499947e-03	5.192142e-01	1.191970e+00
1938	6.499947e-03	6.232930e-01	2.586230e+00
1939	6.499947e-03	5.537895e-01	1.635216e+00
1940	6.499947e-03	8.776800e-01	1.149261e+01
1941	6.499947e-03	5.398001e-01	2.286117e+00
1942	6.499947e-03	5.578188e-01	2.025083e+00
1943	6.499947e-03	5.789065e-01	1.679910e+00
1944	6.499947e-03	6.629659e-01	2.925498e+00
1945	6.499947e-03	2.396434e+00	4.721494e+01
1946	6.499947e-03	7.360991e-01	6.852996e+00
1947	6.499947e-03	7.679299e-01	8.364919e+00
1948	6.499947e-03	6.307615e-01	3.124260e+00
1949	6.499947e-03	5.123484e-01	1.739339e+00
1950	6.499947e-03	7.624299e-01	8.213609e+00
1951	6.499947e-03	8.689643e-01	8.794100e+00
1952	6.499947e-03	2.319804e+00	5.294320e+01
1953	6.499947e-03	9.841999e-01	1.324105e+01
1954	6.499947e-03	5.700859e-01	1.429117e+00
1955	6.499947e-03	8.212229e-01	8.416912e+00
1956	6.499947e-03	7.669972e-01	8.499013e+00
1957	6.499947e-03	1.076933e+00	1.180666e+01
1958	6.499947e-03	8.247313e-01	8.410897e+00
1959	6.499947e-03	5.831009e-01	1.841590e+00
1960	6.499947e-03	5.673613e-01	2.389149e+00
1961	6.499947e-03	2.959813e+00	5.486059e+01
1962	6.499947e-03	5.597241e-01	1.919667e+00
1963	6.499947e-03	4.963690e-01	1.727682e+00
1964	6.499947e-03	1.022625e+00	1.578887e+01
1965	6.499947e-03	5.449162e-01	1.883032e+00
1966	6.499947e-03	8.895359e-01	8.566083e+00
1967	6.499947e-03	9.801646e-01	1.167787e+01
1968	6.499947e-03	4.846831e-01	1.735015e+00
1969	6.499947e-03	4.650999e-01	1.698612e+00
1970	6.499947e-03	5.240903e-01	2.013223e+00
1971	6.499947e-03	5.304831e-01	2.156764e+00
1972	6.499947e-03	6.279945e-01	2.438661e+00
1973	6.499947e-03	4.639951e-01	9.770251e-01
1974	6.499947e-03	7.605865e-01	7.004834e+00
1975	6.499947e-03	5.520711e-01	2.197034e+00
1976	6.499947e-03	2.073310e+00	4.664912e+01
1977	6.499947e-03	5.545614e-01	1.727703e+00
1978	6.499947e-03	5.167299e-01	1.769645e+00
1979	6.499947e-03	4.349375e-01	9.304478e-01
1980	6.499947e-03	5.316066e-01	2.136027e+00
1981	6.499947e-03	5.026055e+01	1.568840e+03
1982	6.499947e-03	5.110287e-01	1.838471e+00
1983	6.499947e-03	5.844940e-01	2.125488e+00
1984	6.499947e-03	4.822275e-01	1.192755e+00
1985	6.499947e-03	5.083998e-01	2.137731e+00
1986	6.499947e-03	6.540718e-01	3.564211e+00
1987	6.499947e-03	4.894434e-01	1.350274e+00
1988	6.499947e-03	4.554461e-01	9.726244e-01
1989	6.499947e-03	4.378714e-01	8.182427e-01
1990	6.499947e-03	5.402311e-01	1.550345e+00
1991	6.499947e-03	5.200319e+00	1.488934e+02
1992	6.499947e-03	2.047102e+00	4.512526e+01
1993	6.499947e-03	4.443747e-01	9.180832e-01
1994	6.499947e-03	2.626851e+00	5.643770e+01
1995	6.499947e-03	9.277072e+00	2.672260e+02
1996	6.499947e-03	1.812722e+00	3.866939e+01
1997	6.499947e-03	5.524901e-01	2.110839e+00
1998	6.499947e-03	6.492136e-01	4.715572e+00
1999	6.499947e-03	6.503038e-01	8.263082e+00
2000	6.499947e-03	6.953814e-01	8.335717e+00
