   0	2.945923e-01	4.774562e+127	1.066556e+129
   1	2.329895e-01	inf	nan
   2	2.329895e-01	2.609270e+105	5.828667e+106
   3	2.329895e-01	4.036872e+136	9.016950e+137
   4	2.224125e-01	1.313712e+73	2.934611e+74
   5	2.224125e-01	inf	nan
   6	1.312612e-01	inf	nan
   7	1.312612e-01	5.293864e+61	9.101589e+62
   8	1.312612e-01	3.990084e+89	8.913172e+90
   9	1.312612e-01	6.025687e+136	1.346037e+138
  10	1.312612e-01	6.012608e+142	1.343115e+144
  11	1.312612e-01	4.144637e+58	2.863344e+59
  12	1.312612e-01	inf	nan
  13	1.312612e-01	6.574447e+62	1.467720e+64
  14	1.312612e-01	2.587354e+63	5.779588e+64
  15	1.312612e-01	3.709741e+73	8.286934e+74
  16	1.312612e-01	inf	nan
  17	1.312612e-01	inf	nan
  18	1.312612e-01	1.604397e+64	3.575432e+65
  19	1.312612e-01	1.411601e+92	3.153278e+93
  20	1.312612e-01	1.018592e+58	9.679539e+58
  21	1.312612e-01	7.920761e+59	1.036383e+61
  22	1.312612e-01	3.224424e+59	5.175430e+60
  23	1.312612e-01	inf	nan
  24	1.012732e-01	2.665686e+130	5.954692e+131
  25	1.012732e-01	1.966500e+59	3.347342e+60
  26	1.012732e-01	3.488679e+86	7.793119e+87
  27	1.012732e-01	1.382604e+60	3.060515e+61
  28	1.012732e-01	4.085707e+92	9.126778e+93
  29	1.012732e-01	7.347147e+78	1.641228e+80
  30	1.012732e-01	5.719771e+70	1.277700e+72
  31	1.012732e-01	4.003096e+93	8.942240e+94
  32	1.012732e-01	inf	nan
  33	1.012732e-01	3.666128e+117	8.189510e+118
  34	1.012732e-01	1.799193e+84	4.019093e+85
  35	1.012732e-01	3.563901e+59	6.314516e+60
  36	1.012732e-01	4.847009e+133	1.082740e+135
  37	1.012732e-01	4.003600e+115	8.943364e+116
  38	1.012732e-01	inf	nan
  39	1.012732e-01	inf	nan
  40	1.012732e-01	5.412490e+85	1.209059e+87
  41	1.012732e-01	inf	nan
  42	1.012732e-01	6.008965e+57	7.487353e+58
  43	9.323738e-02	2.994913e+102	6.690129e+103
  44	9.323738e-02	inf	nan
  45	9.323738e-02	inf	nan
  46	9.323738e-02	5.857737e+60	9.277087e+61
  47	9.323738e-02	1.413001e+84	3.156405e+85
  48	9.323738e-02	inf	nan
  49	9.323738e-02	1.863078e+119	4.161802e+120
  50	9.323738e-02	2.564653e+103	5.729001e+104
  51	9.323738e-02	1.335861e+58	1.258916e+59
  52	9.323738e-02	5.413243e+117	1.209227e+119
  53	9.323738e-02	inf	nan
  54	9.323738e-02	inf	nan
  55	9.323738e-02	1.164906e+58	1.054481e+59
  56	9.323738e-02	2.041293e+145	4.559903e+146
  57	9.323738e-02	2.830302e+58	4.656979e+59
  58	8.979609e-02	inf	nan
  59	8.979609e-02	8.746767e+138	1.953880e+140
  60	8.580435e-02	2.164056e+98	4.834135e+99
  61	8.580435e-02	inf	nan
  62	8.580435e-02	inf	nan
  63	8.580435e-02	inf	nan
  64	8.580435e-02	inf	nan
  65	8.580435e-02	inf	nan
  66	8.580435e-02	2.191882e+120	4.861682e+121
  67	8.580435e-02	inf	nan
  68	7.678188e-02	4.692322e+93	1.048185e+95
  69	7.678188e-02	inf	nan
  70	7.678188e-02	inf	nan
  71	7.678188e-02	1.736918e+70	3.879980e+71
  72	7.678188e-02	inf	nan
  73	7.678188e-02	1.551836e+118	3.466538e+119
  74	7.678188e-02	1.178473e+79	2.632510e+80
  75	7.678188e-02	3.641727e+58	3.600465e+59
  76	7.678188e-02	2.463193e+97	5.502357e+98
  77	7.678188e-02	2.143251e+63	4.787401e+64
  78	7.678188e-02	inf	nan
  79	7.678188e-02	inf	nan
  80	7.678188e-02	inf	nan
  81	7.678188e-02	inf	nan
  82	7.678188e-02	3.298453e+59	6.095285e+60
  83	7.678188e-02	1.611740e+60	2.708727e+61
  84	7.678188e-02	1.371668e+59	2.338199e+60
  85	7.678188e-02	1.924227e+59	3.923283e+60
  86	7.678188e-02	3.172137e+59	6.092618e+60
  87	7.678188e-02	inf	nan
  88	7.678188e-02	inf	nan
  89	7.678188e-02	inf	nan
  90	7.678188e-02	7.098934e+66	1.585782e+68
  91	7.678188e-02	1.957562e+137	4.372862e+138
  92	7.678188e-02	inf	nan
  93	7.678188e-02	inf	nan
  94	7.678188e-02	inf	nan
  95	7.678188e-02	inf	nan
  96	7.678188e-02	inf	nan
  97	7.678188e-02	8.774079e+58	1.384253e+60
  98	7.678188e-02	4.804850e+130	1.073322e+132
  99	7.678188e-02	7.240474e+67	1.617399e+69
 100	7.678188e-02	inf	nan
 101	7.678188e-02	inf	nan
 102	7.678188e-02	3.491604e+60	7.782763e+61
 103	7.678188e-02	4.753155e+59	9.617692e+60
 104	7.678188e-02	8.522557e+121	1.903795e+123
 105	7.678188e-02	4.009649e+59	6.600137e+60
 106	7.678188e-02	1.551836e+118	3.466538e+119
 107	7.678188e-02	1.153890e+78	2.577596e+79
 108	7.678188e-02	2.526237e+58	1.970403e+59
 109	7.678188e-02	inf	nan
 110	7.678188e-02	2.517349e+71	5.623332e+72
 111	7.678188e-02	inf	nan
 112	7.678188e-02	8.389110e+114	1.873985e+116
 113	7.678188e-02	8.786715e+58	1.662605e+60
 114	7.678188e-02	1.941791e+77	4.337632e+78
 115	7.678188e-02	2.074403e+116	4.633865e+117
 116	7.678188e-02	1.551836e+118	3.466538e+119
 117	7.678188e-02	3.659401e+117	8.174482e+118
 118	7.678188e-02	7.941845e+78	1.774074e+80
 119	7.678188e-02	inf	nan
 120	7.678188e-02	1.666938e+59	2.599042e+60
 121	7.678188e-02	5.489717e+118	1.226310e+120
 122	7.678188e-02	inf	nan
 123	7.678188e-02	inf	nan
 124	7.678188e-02	7.169861e+59	1.141503e+61
 125	7.678188e-02	1.090959e+61	2.374395e+62
 126	7.678188e-02	inf	nan
 127	7.678188e-02	inf	nan
 128	7.678188e-02	5.967106e+117	1.332950e+119
 129	7.678188e-02	5.493332e+129	1.227115e+131
 130	7.678188e-02	2.274659e+115	5.081203e+116
 131	7.678188e-02	inf	nan
 132	7.678188e-02	inf	nan
 133	7.678188e-02	inf	nan
 134	7.678188e-02	inf	nan
 135	7.463730e-02	1.463915e+84	3.270139e+85
 136	7.463730e-02	inf	nan
 137	7.463199e-02	2.270681e+91	5.072317e+92
 138	7.463199e-02	inf	nan
 139	7.463199e-02	inf	nan
 140	7.463199e-02	inf	nan
 141	7.463199e-02	3.051687e+59	6.068084e+60
 142	7.463199e-02	1.551836e+118	3.466538e+119
 143	7.463199e-02	1.202404e+58	1.055282e+59
 144	7.463199e-02	1.492963e+61	3.085522e+62
 145	7.463199e-02	2.176364e+120	4.861628e+121
 146	7.463199e-02	6.249582e+60	1.324626e+62
 147	7.463199e-02	8.796829e+128	1.965063e+130
 148	7.463199e-02	2.967497e+144	6.628885e+145
 149	7.463199e-02	3.498221e+59	5.330886e+60
 150	7.463199e-02	inf	nan
 151	7.463199e-02	7.587686e+102	1.694961e+104
 152	7.463199e-02	7.711251e+144	1.722563e+146
 153	7.463199e-02	inf	nan
 154	7.463199e-02	3.407448e+59	6.216843e+60
 155	7.463199e-02	inf	nan
 156	7.463199e-02	5.942495e+61	1.320998e+63
 157	7.463199e-02	inf	nan
 158	7.463199e-02	2.905431e+118	6.490242e+119
 159	7.463199e-02	inf	nan
 160	7.463199e-02	inf	nan
 161	7.463199e-02	1.953628e+58	1.355650e+59
 162	7.463199e-02	3.112305e+117	6.952362e+118
 163	7.463199e-02	2.241390e+108	5.006887e+109
 164	7.463199e-02	4.033196e+133	9.009478e+134
 165	7.463199e-02	5.810718e+57	7.479065e+58
 166	7.463199e-02	1.069409e+109	2.388878e+110
 167	7.463199e-02	2.801334e+136	6.257707e+137
 168	7.463199e-02	4.082889e+78	9.120483e+79
 169	7.463199e-02	1.244872e+60	1.241345e+61
 170	7.463199e-02	2.863070e+59	6.067298e+60
 171	7.463199e-02	1.070822e+100	2.392036e+101
 172	7.463199e-02	1.021312e+74	2.281437e+75
 173	7.463199e-02	4.122328e+93	9.208583e+94
 174	7.463199e-02	1.286949e+86	2.874826e+87
 175	7.463199e-02	1.302388e+59	2.169778e+60
 176	7.463199e-02	1.709603e+59	3.240040e+60
 177	7.463199e-02	8.616895e+62	1.924674e+64
 178	7.463199e-02	8.035635e+57	8.640852e+58
 179	7.463199e-02	4.822458e+74	1.077256e+76
 180	7.463199e-02	2.136206e+92	4.771922e+93
 181	7.463199e-02	3.275273e+129	7.316406e+130
 182	7.463199e-02	inf	nan
 183	7.463199e-02	1.801440e+110	4.024113e+111
 184	7.463199e-02	inf	nan
 185	7.463199e-02	4.977218e+59	6.822776e+60
 186	7.463199e-02	inf	nan
 187	7.463199e-02	1.209031e+103	2.700771e+104
 188	7.463199e-02	inf	nan
 189	7.463199e-02	1.050594e+79	2.346849e+80
 190	7.463199e-02	inf	nan
 191	7.463199e-02	1.343713e+92	3.001628e+93
 192	7.463199e-02	inf	nan
 193	7.219390e-02	inf	nan
 194	7.219390e-02	1.815584e+127	4.055708e+128
 195	7.219390e-02	3.850918e+86	8.602300e+87
 196	7.219390e-02	4.617256e+62	1.030664e+64
 197	7.219390e-02	inf	nan
 198	7.219390e-02	2.557931e+128	5.713986e+129
 199	7.219390e-02	3.902983e+75	8.718603e+76
 200	7.219390e-02	inf	nan
 201	7.219390e-02	1.690731e+96	3.776807e+97
 202	7.219390e-02	8.164264e+116	1.823758e+118
 203	7.219390e-02	inf	nan
 204	7.219390e-02	8.108904e+117	1.811392e+119
 205	7.219390e-02	3.734863e+116	8.343053e+117
 206	7.219390e-02	2.129687e+60	4.702779e+61
 207	7.219390e-02	inf	nan
 208	7.219390e-02	5.323761e+60	1.028676e+62
 209	7.219390e-02	1.551836e+118	3.466538e+119
 210	7.219390e-02	1.071001e+58	1.641104e+59
 211	7.219390e-02	inf	nan
 212	7.219390e-02	5.630064e+123	1.257661e+125
 213	7.219390e-02	7.235692e+68	1.496997e+70
 214	7.219390e-02	5.474786e+94	1.222974e+96
 215	7.219390e-02	inf	nan
 216	7.219390e-02	9.236997e+122	2.063389e+124
 217	7.219390e-02	9.661965e+57	1.374229e+59
 218	7.219390e-02	inf	nan
 219	7.219390e-02	1.284856e+124	2.870151e+125
 220	7.219390e-02	3.069996e+59	6.085432e+60
 221	7.219390e-02	3.283324e+76	7.334389e+77
 222	7.219390e-02	2.762412e+58	3.277794e+59
 223	7.219390e-02	1.544920e+58	1.290489e+59
 224	7.219390e-02	1.515946e+129	3.386368e+130
 225	7.219390e-02	inf	nan
 226	7.219390e-02	2.984610e+59	6.081225e+60
 227	7.219390e-02	5.582326e+68	1.246997e+70
 228	7.219390e-02	3.843516e+68	8.585763e+69
 229	7.219390e-02	2.036419e+58	1.439640e+59
 230	7.219390e-02	2.053049e+95	4.586164e+96
 231	7.219390e-02	3.322873e+63	7.422027e+64
 232	7.219390e-02	inf	nan
 233	7.219390e-02	3.364228e+91	7.515117e+92
 234	7.219390e-02	2.401095e+131	5.363640e+132
 235	7.219390e-02	inf	nan
 236	7.219390e-02	3.415336e+59	6.173417e+60
 237	7.219390e-02	inf	nan
 238	7.219390e-02	1.283609e+88	2.867365e+89
 239	7.219390e-02	1.597060e+130	3.567562e+131
 240	7.219390e-02	2.611810e+58	2.660661e+59
 241	7.219390e-02	8.298233e+64	1.850869e+66
 242	7.219390e-02	1.573650e+114	3.515267e+115
 243	7.219390e-02	5.756865e+59	1.213357e+61
 244	7.219390e-02	3.128426e+59	6.077218e+60
 245	7.219390e-02	inf	nan
 246	7.219390e-02	9.828213e+59	2.036741e+61
 247	7.219390e-02	inf	nan
 248	7.219390e-02	2.488461e+111	5.558800e+112
 249	7.219390e-02	1.005011e+77	2.245024e+78
 250	7.219390e-02	7.078748e+119	1.581273e+121
 251	7.219390e-02	1.114799e+127	2.490272e+128
 252	7.219390e-02	inf	nan
 253	7.219390e-02	inf	nan
 254	7.219390e-02	4.332222e+64	9.677448e+65
 255	7.219390e-02	inf	nan
 256	7.219390e-02	4.604443e+59	7.106776e+60
 257	7.153798e-02	inf	nan
 258	7.153798e-02	1.334864e+128	2.981861e+129
 259	7.153798e-02	3.568581e+134	7.971606e+135
 260	7.153798e-02	inf	nan
 261	7.153798e-02	2.109049e+108	4.711258e+109
 262	7.153798e-02	inf	nan
 263	7.153798e-02	5.649709e+59	8.570620e+60
 264	7.153798e-02	4.798289e+59	6.792507e+60
 265	7.153798e-02	inf	nan
 266	7.153798e-02	inf	nan
 267	7.153798e-02	inf	nan
 268	7.153798e-02	1.552436e+58	1.215138e+59
 269	7.153798e-02	3.972885e+67	8.874753e+68
 270	7.153798e-02	inf	nan
 271	7.153798e-02	1.426537e+89	3.186643e+90
 272	7.153798e-02	inf	nan
 273	7.153798e-02	inf	nan
 274	7.153798e-02	2.102623e+63	4.696522e+64
 275	7.153798e-02	1.308428e+115	2.922807e+116
 276	7.153798e-02	5.004914e+87	1.118013e+89
 277	7.153798e-02	4.224700e+58	6.347637e+59
 278	7.153798e-02	2.543818e+66	5.673794e+67
 279	7.153798e-02	8.320584e+58	1.430577e+60
 280	7.153798e-02	inf	nan
 281	7.153798e-02	1.551836e+118	3.466538e+119
 282	7.153798e-02	2.375886e+58	2.222808e+59
 283	7.153798e-02	6.471004e+91	1.445513e+93
 284	7.153798e-02	inf	nan
 285	7.153798e-02	2.882897e+78	4.697847e+79
 286	7.153798e-02	1.601232e+93	3.576882e+94
 287	7.153798e-02	2.083573e+112	4.654349e+113
 288	7.153798e-02	4.583708e+74	1.023923e+76
 289	7.153798e-02	9.684745e+57	9.635983e+58
 290	7.153798e-02	2.668715e+124	5.961458e+125
 291	7.153798e-02	3.759697e+116	8.398527e+117
 292	7.153798e-02	1.318958e+117	2.946329e+118
 293	7.153798e-02	1.551836e+118	3.466538e+119
 294	7.153798e-02	1.511697e+100	3.376875e+101
 295	7.153798e-02	inf	nan
 296	7.153798e-02	5.563129e+57	7.324186e+58
 297	7.153798e-02	2.924346e+115	6.532493e+116
 298	7.153798e-02	3.423288e+105	7.647046e+106
 299	7.153798e-02	inf	nan
 300	7.153798e-02	1.420722e+58	1.309405e+59
 301	7.153798e-02	1.063907e+120	2.376587e+121
 302	7.153798e-02	2.467555e+58	1.879801e+59
 303	7.153798e-02	1.740904e+147	3.888886e+148
 304	7.153798e-02	1.361495e+126	3.041350e+127
 305	7.153798e-02	inf	nan
 306	7.153798e-02	2.144151e+119	4.455826e+120
 307	7.153798e-02	4.094186e+59	6.403419e+60
 308	7.153798e-02	3.468115e+58	4.050004e+59
 309	7.153798e-02	1.539898e+58	1.723243e+59
 310	7.153798e-02	1.998337e+72	4.463947e+73
 311	7.153798e-02	inf	nan
 312	7.153798e-02	1.893312e+85	4.229339e+86
 313	7.153798e-02	inf	nan
 314	7.153798e-02	inf	nan
 315	7.153798e-02	2.546119e+131	5.687598e+132
 316	7.153798e-02	inf	nan
 317	7.153798e-02	1.868331e+116	4.173535e+117
 318	7.153798e-02	inf	nan
 319	7.153798e-02	inf	nan
 320	7.153798e-02	6.002389e+105	1.340832e+107
 321	7.153798e-02	1.882010e+103	4.204092e+104
 322	7.153798e-02	1.097006e+60	1.731060e+61
 323	7.153798e-02	7.362978e+82	1.644765e+84
 324	7.142222e-02	1.866597e+93	4.169448e+94
 325	7.142222e-02	1.337441e+97	2.987617e+98
 326	7.142222e-02	1.745943e+111	3.900142e+112
 327	7.142222e-02	1.602902e+118	3.468186e+119
 328	7.142222e-02	inf	nan
 329	7.142222e-02	1.109309e+116	2.471778e+117
 330	7.142222e-02	4.688473e+59	7.051194e+60
 331	7.142222e-02	6.956578e+65	9.896819e+66
 332	7.142222e-02	inf	nan
 333	7.142222e-02	inf	nan
 334	7.142222e-02	inf	nan
 335	7.142222e-02	6.223390e+83	1.390200e+85
 336	7.142222e-02	inf	nan
 337	7.142222e-02	inf	nan
 338	7.142222e-02	1.161212e+88	2.593950e+89
 339	7.142222e-02	inf	nan
 340	7.142222e-02	3.918682e+100	8.753671e+101
 341	7.142222e-02	2.974801e+88	6.645203e+89
 342	7.142222e-02	1.907345e+59	2.467163e+60
 343	7.142222e-02	3.479906e+147	7.773521e+148
 344	7.142222e-02	inf	nan
 345	7.142222e-02	1.037859e+62	2.312070e+63
 346	7.142222e-02	3.103671e+118	4.897511e+119
 347	7.142222e-02	5.540111e+132	1.237567e+134
 348	7.142222e-02	inf	nan
 349	7.142222e-02	1.551836e+118	3.466538e+119
 350	7.142222e-02	1.042159e+84	2.328006e+85
 351	7.142222e-02	6.135289e+118	1.370520e+120
 352	7.142222e-02	3.729504e+59	8.028409e+60
 353	7.142222e-02	inf	nan
 354	7.142222e-02	7.904338e+63	1.765677e+65
 355	7.142222e-02	inf	nan
 356	7.142222e-02	1.260230e+84	2.815141e+85
 357	7.142222e-02	inf	nan
 358	7.142222e-02	8.664142e+123	1.935423e+125
 359	6.918090e-02	inf	nan
 360	6.918090e-02	inf	nan
 361	6.918090e-02	1.600001e+118	3.574131e+119
 362	6.918090e-02	3.714526e+146	8.297622e+147
 363	6.918090e-02	3.762860e+130	8.405592e+131
 364	6.918090e-02	1.293393e+97	2.889221e+98
 365	6.918090e-02	inf	nan
 366	6.918090e-02	2.389645e+116	5.338063e+117
 367	6.918090e-02	1.101211e+118	2.459918e+119
 368	6.918090e-02	3.130606e+127	6.993244e+128
 369	6.918090e-02	2.939312e+84	6.565925e+85
 370	6.918090e-02	8.749792e+125	1.954556e+127
 371	6.918090e-02	inf	nan
 372	6.918090e-02	3.664648e+117	7.942376e+118
 373	6.884827e-02	inf	nan
 374	6.884827e-02	inf	nan
 375	6.884827e-02	inf	nan
 376	6.884827e-02	inf	nan
 377	6.884827e-02	1.106522e+116	2.471783e+117
 378	6.849845e-02	6.345334e+117	1.417440e+119
 379	6.849845e-02	inf	nan
 380	6.849845e-02	2.799883e+140	6.254464e+141
 381	6.849845e-02	9.395708e+117	2.098842e+119
 382	6.849845e-02	7.582346e+143	1.693768e+145
 383	6.849845e-02	inf	nan
 384	6.849845e-02	inf	nan
 385	6.849845e-02	2.853367e+59	6.066857e+60
 386	6.849845e-02	inf	nan
 387	6.849845e-02	inf	nan
 388	6.849845e-02	6.719908e+117	1.501114e+119
 389	6.849845e-02	inf	nan
 390	6.849845e-02	4.115141e+60	8.532576e+61
 391	6.849845e-02	inf	nan
 392	6.849845e-02	3.567754e+108	7.969760e+109
 393	6.849845e-02	6.361208e+81	1.420986e+83
 394	6.849845e-02	1.599797e+99	3.573675e+100
 395	6.849845e-02	1.652180e+143	3.690690e+144
 396	6.849845e-02	3.726493e+97	8.324354e+98
 397	6.849845e-02	4.295655e+116	9.595767e+117
 398	6.849845e-02	3.249081e+89	7.257873e+90
 399	6.849845e-02	1.074780e+58	1.088438e+59
 400	6.849845e-02	5.918946e+59	8.581823e+60
 401	6.849845e-02	inf	nan
 402	6.849845e-02	8.569209e+84	1.914216e+86
 403	6.801324e-02	3.328548e+84	7.435414e+85
 404	6.801324e-02	1.590854e+58	1.216955e+59
 405	6.801324e-02	2.424190e+94	5.414937e+95
 406	6.801324e-02	inf	nan
 407	6.801324e-02	4.639327e+97	1.036347e+99
 408	6.801324e-02	6.492941e+84	1.450413e+86
 409	6.801324e-02	inf	nan
 410	6.801324e-02	7.397152e+129	1.652399e+131
 411	6.801324e-02	2.514258e+63	5.110991e+64
 412	6.801324e-02	1.172218e+58	1.054525e+59
 413	6.801324e-02	inf	nan
 414	6.801324e-02	inf	nan
 415	6.801324e-02	1.752972e+117	3.915844e+118
 416	6.801324e-02	1.472736e+89	3.289843e+90
 417	6.801324e-02	2.180987e+69	4.871957e+70
 418	6.801324e-02	inf	nan
 419	6.801324e-02	1.801920e+85	4.024605e+86
 420	6.801324e-02	2.008445e+65	4.486527e+66
 421	6.801324e-02	1.427760e+120	3.189375e+121
 422	6.801324e-02	inf	nan
 423	6.801324e-02	1.537366e+69	3.434216e+70
 424	6.801324e-02	5.708885e+117	1.275268e+119
 425	6.801324e-02	3.907260e+58	5.226411e+59
 426	6.801324e-02	1.142866e+87	2.552969e+88
 427	6.801324e-02	3.911981e+71	8.738704e+72
 428	6.801324e-02	inf	nan
 429	6.801324e-02	7.206361e+90	1.609779e+92
 430	6.801324e-02	1.070965e+118	2.392355e+119
 431	6.801324e-02	1.334704e+85	2.981502e+86
 432	6.801324e-02	6.575467e+82	1.468848e+84
 433	6.801324e-02	inf	nan
 434	6.801324e-02	inf	nan
 435	6.801324e-02	1.492643e+87	3.334312e+88
 436	6.801324e-02	5.544242e+59	8.570731e+60
 437	6.801324e-02	2.181514e+58	1.721795e+59
 438	6.801324e-02	inf	nan
 439	6.799414e-02	1.551836e+118	3.466538e+119
 440	6.799414e-02	5.259569e+59	1.149969e+61
 441	6.799414e-02	2.283794e+101	4.908917e+102
 442	6.799414e-02	1.026828e+83	2.243216e+84
 443	6.799414e-02	4.761327e+60	1.002294e+62
 444	6.799414e-02	1.808782e+69	4.040513e+70
 445	6.799414e-02	9.971130e+149	2.227382e+151
 446	6.799414e-02	inf	nan
 447	6.799414e-02	1.786800e+116	3.991409e+117
 448	6.799414e-02	4.556474e+118	1.017839e+120
 449	6.799414e-02	4.468939e+141	9.982853e+142
 450	6.799414e-02	inf	nan
 451	6.799414e-02	8.971242e+139	2.004024e+141
 452	6.799414e-02	inf	nan
 453	6.799414e-02	inf	nan
 454	6.799414e-02	2.351477e+117	5.252803e+118
 455	6.799414e-02	1.153649e+88	1.841316e+89
 456	6.799414e-02	9.981407e+119	2.229677e+121
 457	6.799414e-02	inf	nan
 458	6.799414e-02	2.587656e+131	5.780387e+132
 459	6.799414e-02	1.024874e+97	2.289394e+98
 460	6.799414e-02	8.913126e+84	1.991042e+86
 461	6.799414e-02	inf	nan
 462	6.799414e-02	1.324561e+119	2.958844e+120
 463	6.799414e-02	7.688909e+114	1.717572e+116
 464	6.799414e-02	inf	nan
 465	6.799414e-02	inf	nan
 466	6.799414e-02	4.298558e+94	9.602252e+95
 467	6.799414e-02	3.162401e+82	7.064269e+83
 468	6.799414e-02	3.011341e+127	6.726827e+128
 469	6.799414e-02	1.153165e+58	1.046513e+59
 470	6.799414e-02	1.720453e+136	3.843200e+137
 471	6.799414e-02	2.034277e+59	3.720066e+60
 472	6.799414e-02	2.851636e+59	6.066864e+60
 473	6.799414e-02	inf	nan
 474	6.799414e-02	inf	nan
 475	6.799414e-02	1.061095e+90	2.370307e+91
 476	6.799414e-02	inf	nan
 477	6.799414e-02	3.782880e+58	4.945663e+59
 478	6.799414e-02	1.564078e+116	3.493885e+117
 479	6.799414e-02	1.512000e+135	3.377552e+136
 480	6.799414e-02	2.887740e+59	6.068958e+60
 481	6.799414e-02	1.668179e+101	3.726429e+102
 482	6.799414e-02	2.073584e+137	4.632037e+138
 483	6.799414e-02	7.946617e+113	1.775140e+115
 484	6.799414e-02	7.981857e+57	8.639379e+58
 485	6.750862e-02	inf	nan
 486	6.750862e-02	1.437052e+122	3.210131e+123
 487	6.750862e-02	inf	nan
 488	6.750862e-02	8.605664e+86	1.922360e+88
 489	6.750862e-02	inf	nan
 490	6.750862e-02	inf	nan
 491	6.750862e-02	1.106522e+116	2.471783e+117
 492	6.750862e-02	1.551836e+118	3.466538e+119
 493	6.750862e-02	2.030063e+121	4.534711e+122
 494	6.750862e-02	1.230245e+60	2.717835e+61
 495	6.750862e-02	2.735065e+59	6.066473e+60
 496	6.750862e-02	5.338919e+59	7.246045e+60
 497	6.750862e-02	1.350687e+92	3.017207e+93
 498	6.750862e-02	inf	nan
 499	6.750862e-02	inf	nan
 500	6.750862e-02	1.145920e+87	2.559791e+88
 501	6.750862e-02	inf	nan
 502	6.750862e-02	inf	nan
 503	6.750862e-02	5.225900e+62	1.164655e+64
 504	6.750862e-02	4.856503e+142	1.084861e+144
 505	6.750862e-02	6.651923e+96	1.485927e+98
 506	6.750862e-02	2.461474e+83	5.498518e+84
 507	6.750862e-02	inf	nan
 508	6.750862e-02	1.772578e+73	3.959639e+74
 509	6.750862e-02	3.457691e+58	5.012181e+59
 510	6.750862e-02	2.598769e+71	5.805210e+72
 511	6.750862e-02	2.157452e+139	4.819384e+140
 512	6.750862e-02	7.275583e+128	1.625242e+130
 513	6.750862e-02	2.956546e+93	6.604422e+94
 514	6.750862e-02	1.551836e+118	3.466538e+119
 515	6.750862e-02	inf	nan
 516	6.750862e-02	inf	nan
 517	6.750862e-02	inf	nan
 518	6.750862e-02	1.551836e+118	3.466538e+119
 519	6.749866e-02	1.254098e+86	2.801443e+87
 520	6.749866e-02	1.471484e+77	3.287045e+78
 521	6.749866e-02	1.128842e+129	2.521641e+130
 522	6.749866e-02	7.925891e+57	1.090801e+59
 523	6.746951e-02	4.829820e+59	1.052941e+61
 524	6.746951e-02	2.645460e+101	5.909510e+102
 525	6.746951e-02	8.669405e+100	1.936598e+102
 526	6.746951e-02	inf	nan
 527	6.746951e-02	inf	nan
 528	6.746951e-02	7.012456e+97	1.566464e+99
 529	6.746951e-02	4.995328e+58	8.434730e+59
 530	6.746951e-02	5.079114e+64	1.134588e+66
 531	6.746951e-02	1.551836e+118	3.466538e+119
 532	6.746951e-02	inf	nan
 533	6.739925e-02	1.551836e+118	3.466538e+119
 534	6.739925e-02	8.914002e+57	1.279606e+59
 535	6.739925e-02	1.972030e+57	4.327273e+58
 536	6.739925e-02	inf	nan
 537	6.739925e-02	inf	nan
 538	6.739925e-02	2.087543e+61	4.657023e+62
 539	6.739925e-02	7.244899e+59	1.601035e+61
 540	6.739925e-02	inf	nan
 541	6.739925e-02	inf	nan
 542	6.739925e-02	5.782287e+57	7.442529e+58
 543	6.739925e-02	5.510858e+61	1.230815e+63
 544	6.739925e-02	7.887170e+84	1.761860e+86
 545	6.739925e-02	inf	nan
 546	6.739925e-02	inf	nan
 547	6.739925e-02	3.773576e+85	8.429530e+86
 548	6.739925e-02	8.002330e+59	9.420790e+60
 549	6.739925e-02	1.021291e+136	2.281392e+137
 550	6.739925e-02	inf	nan
 551	6.739925e-02	1.280336e+117	2.859721e+118
 552	6.739925e-02	1.283589e+122	2.867320e+123
 553	6.739925e-02	inf	nan
 554	6.739925e-02	7.356188e+87	1.643248e+89
 555	6.735107e-02	inf	nan
 556	6.735107e-02	9.395958e+78	2.098898e+80
 557	6.735107e-02	2.614771e+141	5.840956e+142
 558	6.735107e-02	inf	nan
 559	6.735107e-02	3.787415e+98	8.460445e+99
 560	6.735107e-02	3.651900e+59	6.357623e+60
 561	6.735107e-02	1.532373e+82	3.423063e+83
 562	6.735107e-02	1.580501e+139	3.530571e+140
 563	6.735107e-02	3.379879e+64	7.549929e+65
 564	6.735107e-02	1.590285e+136	3.552427e+137
 565	6.735107e-02	1.278125e+73	2.855114e+74
 566	6.735107e-02	6.766178e+103	1.511450e+105
 567	6.735107e-02	9.945749e+74	2.221712e+76
 568	6.735107e-02	5.791092e+63	1.293629e+65
 569	6.735107e-02	5.457051e+58	9.902561e+59
 570	6.735107e-02	inf	nan
 571	6.735107e-02	2.546072e+126	5.687495e+127
 572	6.735107e-02	inf	nan
 573	6.735107e-02	6.320516e+90	1.411896e+92
 574	6.735107e-02	3.808510e+61	8.505644e+62
 575	6.735107e-02	inf	nan
 576	6.735107e-02	inf	nan
 577	6.735107e-02	inf	nan
 578	6.735107e-02	1.106522e+116	2.471783e+117
 579	6.735107e-02	inf	nan
 580	6.735107e-02	1.261286e+137	2.817499e+138
 581	6.735107e-02	1.165424e+58	1.054490e+59
 582	6.735107e-02	3.004876e+67	6.692868e+68
 583	6.735107e-02	4.954759e+83	1.098063e+85
 584	6.735107e-02	3.276262e+94	7.318616e+95
 585	6.735107e-02	6.358785e+86	1.420445e+88
 586	6.735107e-02	inf	nan
 587	6.735107e-02	3.429996e+100	7.662031e+101
 588	6.735107e-02	5.106025e+87	1.140598e+89
 589	6.735107e-02	3.069822e+58	4.601504e+59
 590	6.735107e-02	1.441117e+80	3.219212e+81
 591	6.735107e-02	inf	nan
 592	6.735107e-02	3.019928e+128	6.746007e+129
 593	6.735107e-02	inf	nan
 594	6.735107e-02	3.225458e+141	7.205128e+142
 595	6.735107e-02	2.813241e+59	6.066734e+60
 596	6.735107e-02	inf	nan
 597	6.735107e-02	2.793172e+59	6.066672e+60
 598	6.735107e-02	1.533373e+58	1.579402e+59
 599	6.735107e-02	1.651819e+109	3.689883e+110
 600	6.735107e-02	5.048290e+81	1.127703e+83
 601	6.735107e-02	1.883539e+121	4.207507e+122
 602	6.735107e-02	4.854141e+129	1.084333e+131
 603	6.735107e-02	inf	nan
 604	6.735107e-02	1.869633e+82	4.176445e+83
 605	6.735107e-02	1.463879e+65	3.270044e+66
 606	6.735107e-02	8.614534e+149	1.924341e+151
 607	6.735107e-02	1.521132e+90	3.397952e+91
 608	6.735107e-02	inf	nan
 609	6.735107e-02	inf	nan
 610	6.735107e-02	5.472620e+64	1.222491e+66
 611	6.735107e-02	inf	nan
 612	6.735107e-02	inf	nan
 613	6.735107e-02	3.486201e+117	7.787584e+118
 614	6.735107e-02	2.610089e+82	5.830498e+83
 615	6.735107e-02	9.419643e+119	2.104189e+121
 616	6.735107e-02	2.550333e+139	5.697013e+140
 617	6.735107e-02	2.764469e+59	6.066533e+60
 618	6.713354e-02	inf	nan
 619	6.713354e-02	3.789658e+83	8.261503e+84
 620	6.713354e-02	6.487222e+67	1.449135e+69
 621	6.713354e-02	inf	nan
 622	6.713354e-02	4.558498e+55	6.717017e+56
 623	6.713354e-02	5.332816e+83	1.191261e+85
 624	6.713354e-02	1.010549e+99	2.257396e+100
 625	6.713354e-02	9.818319e+68	2.193246e+70
 626	6.713354e-02	1.752940e+84	3.915771e+85
 627	6.713354e-02	1.975652e+140	4.413271e+141
 628	6.713354e-02	6.547173e+119	1.462528e+121
 629	6.713354e-02	5.253887e+95	1.173630e+97
 630	6.713354e-02	inf	nan
 631	6.713354e-02	inf	nan
 632	6.713354e-02	4.410021e+83	9.851240e+84
 633	6.713354e-02	1.534704e+133	3.428269e+134
 634	6.713354e-02	inf	nan
 635	6.713354e-02	9.915316e+88	2.214914e+90
 636	6.713354e-02	inf	nan
 637	6.713354e-02	4.795415e+148	1.071215e+150
 638	6.713354e-02	1.455001e+70	3.250226e+71
 639	6.713354e-02	5.688878e+135	1.270799e+137
 640	6.713354e-02	8.483631e+110	1.895100e+112
 641	6.713354e-02	inf	nan
 642	6.713354e-02	1.756835e+140	3.924472e+141
 643	6.713354e-02	2.195175e+58	2.056061e+59
 644	6.713354e-02	4.348054e+122	9.712817e+123
 645	6.713354e-02	inf	nan
 646	6.713354e-02	5.325883e+105	1.189712e+107
 647	6.713354e-02	inf	nan
 648	6.713354e-02	6.549133e+57	8.142530e+58
 649	6.713354e-02	3.073280e+116	6.865187e+117
 650	6.713354e-02	3.899443e+101	8.710696e+102
 651	6.713354e-02	6.701445e+95	1.496990e+97
 652	6.713354e-02	inf	nan
 653	6.713354e-02	6.418593e+120	1.430336e+122
 654	6.713354e-02	1.751052e+88	3.911554e+89
 655	6.713354e-02	inf	nan
 656	6.713354e-02	1.187619e+84	2.038628e+85
 657	6.713354e-02	2.394439e+116	5.348771e+117
 658	6.713354e-02	inf	nan
 659	6.713354e-02	inf	nan
 660	6.713354e-02	1.529959e+67	3.417669e+68
 661	6.713354e-02	4.994331e+134	1.115649e+136
 662	6.713354e-02	3.060925e+59	6.080894e+60
 663	6.713354e-02	inf	nan
 664	6.713354e-02	1.551836e+118	3.466538e+119
 665	6.713354e-02	2.219767e+138	4.958583e+139
 666	6.713354e-02	9.181760e+129	2.051050e+131
 667	6.713354e-02	3.558681e+77	7.949491e+78
 668	6.713354e-02	5.611601e+80	1.253537e+82
 669	6.713354e-02	1.228993e+61	2.714921e+62
 670	6.713354e-02	2.491247e+85	5.565025e+86
 671	6.713354e-02	4.061834e+80	9.073450e+81
 672	6.713354e-02	2.556507e+59	5.451699e+60
 673	6.713354e-02	3.453485e+129	7.714502e+130
 674	6.713354e-02	inf	nan
 675	6.713354e-02	1.551836e+118	3.466538e+119
 676	6.713354e-02	2.506936e+134	5.600072e+135
 677	6.713354e-02	inf	nan
 678	6.713354e-02	1.500382e+117	3.351601e+118
 679	6.713354e-02	4.606946e+81	1.029114e+83
 680	6.713354e-02	3.152773e+67	7.042761e+68
 681	6.713354e-02	1.551836e+118	3.466538e+119
 682	6.713354e-02	9.999854e+57	1.193489e+59
 683	6.713354e-02	inf	nan
 684	6.713354e-02	inf	nan
 685	6.713354e-02	2.610573e+59	5.634428e+60
 686	6.713354e-02	inf	nan
 687	6.713354e-02	1.319652e+58	1.237860e+59
 688	6.713354e-02	inf	nan
 689	6.713354e-02	1.162852e+58	1.054496e+59
 690	6.713354e-02	1.662126e+83	3.712909e+84
 691	6.713354e-02	1.503734e+135	3.359087e+136
 692	6.713354e-02	inf	nan
 693	6.713354e-02	1.898937e+127	4.241903e+128
 694	6.713354e-02	7.769902e+57	8.627264e+58
 695	6.713354e-02	inf	nan
 696	6.713354e-02	2.015642e+84	3.183340e+85
 697	6.713354e-02	6.991575e+73	1.561800e+75
 698	6.713354e-02	1.106522e+116	2.471783e+117
 699	6.713354e-02	7.722065e+110	1.724979e+112
 700	6.698071e-02	1.582031e+85	3.533989e+86
 701	6.698071e-02	inf	nan
 702	6.698071e-02	3.441580e+81	7.687908e+82
 703	6.698071e-02	2.011732e+126	4.493870e+127
 704	6.698071e-02	1.142866e+87	2.552969e+88
 705	6.698071e-02	inf	nan
 706	6.698071e-02	inf	nan
 707	6.698071e-02	2.801702e+68	6.258528e+69
 708	6.698071e-02	6.508286e+80	1.453841e+82
 709	6.698071e-02	inf	nan
 710	6.698071e-02	4.622241e+80	1.032531e+82
 711	6.698071e-02	3.440036e+136	7.684458e+137
 712	6.698071e-02	inf	nan
 713	6.698071e-02	3.006419e+64	6.715828e+65
 714	6.698071e-02	2.300298e+63	5.138160e+64
 715	6.698071e-02	1.551836e+118	3.466538e+119
 716	6.698071e-02	5.838347e+57	7.478978e+58
 717	6.698071e-02	inf	nan
 718	6.698071e-02	2.927708e+79	6.540003e+80
 719	6.698071e-02	inf	nan
 720	6.698071e-02	inf	nan
 721	6.698071e-02	1.149861e+145	2.568595e+146
 722	6.698071e-02	2.763550e+114	6.173303e+115
 723	6.698071e-02	2.858825e+116	5.782769e+117
 724	6.698071e-02	8.274980e+85	1.848491e+87
 725	6.698071e-02	8.416379e+116	1.880077e+118
 726	6.698071e-02	5.683403e+128	1.269576e+130
 727	6.698071e-02	1.292860e+144	2.888031e+145
 728	6.698071e-02	8.814892e+90	1.969098e+92
 729	6.698071e-02	4.397068e+71	9.822306e+72
 730	6.698071e-02	3.025909e+121	6.755897e+122
 731	6.698071e-02	1.058650e+125	2.364846e+126
 732	6.698071e-02	2.185891e+130	4.882911e+131
 733	6.698071e-02	3.205715e+104	7.161025e+105
 734	6.698071e-02	1.548111e+75	3.278068e+76
 735	6.698071e-02	3.871085e+120	8.647349e+121
 736	6.698071e-02	6.094334e+66	1.361371e+68
 737	6.698071e-02	2.787712e+96	6.227278e+97
 738	6.698071e-02	6.232566e+61	1.386652e+63
 739	6.698071e-02	2.800298e+59	6.066660e+60
 740	6.698071e-02	1.106522e+116	2.471783e+117
 741	6.698071e-02	inf	nan
 742	6.698071e-02	3.681418e+97	8.223664e+98
 743	6.698071e-02	1.719399e+76	3.840847e+77
 744	6.698071e-02	2.617763e+59	3.933427e+60
 745	6.698071e-02	7.835857e+57	8.627075e+58
 746	6.698071e-02	1.974621e+59	4.107593e+60
 747	6.698071e-02	inf	nan
 748	6.698071e-02	1.551836e+118	3.466538e+119
 749	6.698071e-02	6.129002e+58	1.325801e+60
 750	6.698071e-02	inf	nan
 751	6.698071e-02	inf	nan
 752	6.698071e-02	3.744053e+83	8.363580e+84
 753	6.698071e-02	3.361939e+99	7.510003e+100
 754	6.698071e-02	2.017501e+123	4.506756e+124
 755	6.698071e-02	5.610499e+83	1.020453e+85
 756	6.698071e-02	1.235089e+79	2.758980e+80
 757	6.698071e-02	3.518467e+101	7.859661e+102
 758	6.698071e-02	2.385806e+68	5.329487e+69
 759	6.698071e-02	7.746966e+83	1.730541e+85
 760	6.698071e-02	inf	nan
 761	6.698071e-02	1.390157e+83	3.105376e+84
 762	6.698071e-02	4.418759e+108	9.870760e+109
 763	6.698071e-02	inf	nan
 764	6.698071e-02	3.029756e+147	6.767963e+148
 765	6.698071e-02	1.676375e+61	3.680252e+62
 766	6.698071e-02	inf	nan
 767	6.698071e-02	inf	nan
 768	6.698071e-02	2.761245e+59	6.066525e+60
 769	6.698071e-02	1.307530e+124	2.919410e+125
 770	6.698071e-02	inf	nan
 771	6.698071e-02	5.811088e+57	7.479063e+58
 772	6.698071e-02	1.313478e+64	2.072686e+65
 773	6.698071e-02	9.507469e+141	2.123808e+143
 774	6.698071e-02	2.152769e+62	4.791040e+63
 775	6.698071e-02	1.188579e+109	2.655084e+110
 776	6.698071e-02	2.163863e+80	4.833548e+81
 777	6.698071e-02	inf	nan
 778	6.698071e-02	inf	nan
 779	6.698071e-02	3.574807e+113	7.985514e+114
 780	6.698071e-02	2.558834e+91	5.715996e+92
 781	6.698071e-02	inf	nan
 782	6.698071e-02	6.249773e+57	7.519280e+58
 783	6.698071e-02	4.653874e+99	1.039597e+101
 784	6.698071e-02	inf	nan
 785	6.698071e-02	1.810349e+146	4.044014e+147
 786	6.698071e-02	1.551836e+118	3.466538e+119
 787	6.698071e-02	3.579711e+119	7.996468e+120
 788	6.698071e-02	3.146011e+86	7.027577e+87
 789	6.698071e-02	inf	nan
 790	6.698071e-02	inf	nan
 791	6.698071e-02	1.551836e+118	3.466538e+119
 792	6.698071e-02	1.096931e+77	2.450359e+78
 793	6.698071e-02	inf	nan
 794	6.698071e-02	7.217647e+133	1.612300e+135
 795	6.698071e-02	inf	nan
 796	6.698071e-02	inf	nan
 797	6.698071e-02	inf	nan
 798	6.698071e-02	2.302238e+83	5.142798e+84
 799	6.698071e-02	9.383933e+78	2.096212e+80
 800	6.698071e-02	2.773941e+59	6.066606e+60
 801	6.698071e-02	inf	nan
 802	6.698071e-02	6.555819e+132	1.464459e+134
 803	6.698071e-02	1.638298e+82	3.659681e+83
 804	6.698071e-02	inf	nan
 805	6.698071e-02	3.131278e+75	6.994746e+76
 806	6.698071e-02	9.577430e+136	2.139436e+138
 807	6.698071e-02	4.151026e+119	9.272689e+120
 808	6.698071e-02	inf	nan
 809	6.698071e-02	inf	nan
 810	6.698071e-02	1.742352e+138	3.892119e+139
 811	6.698071e-02	inf	nan
 812	6.698071e-02	inf	nan
 813	6.698071e-02	1.498439e+122	3.341831e+123
 814	6.698071e-02	1.069957e+134	2.390103e+135
 815	6.698071e-02	inf	nan
 816	6.698071e-02	2.168398e+131	4.843834e+132
 817	6.698071e-02	inf	nan
 818	6.698071e-02	2.768408e+108	6.184154e+109
 819	6.698071e-02	inf	nan
 820	6.698071e-02	2.382323e+147	5.321708e+148
 821	6.698071e-02	9.259479e+65	2.068411e+67
 822	6.698071e-02	1.106522e+116	2.471783e+117
 823	6.698071e-02	inf	nan
 824	6.698071e-02	9.439933e+83	1.878173e+85
 825	6.698071e-02	inf	nan
 826	6.698071e-02	2.905208e+103	6.489744e+104
 827	6.698071e-02	1.431480e+85	3.197685e+86
 828	6.698071e-02	2.640423e+140	5.898258e+141
 829	6.698071e-02	1.936906e+57	4.326720e+58
 830	6.698071e-02	6.454050e+110	1.441726e+112
 831	6.698071e-02	2.115922e+74	4.726612e+75
 832	6.698071e-02	1.276965e+148	2.852524e+149
 833	6.698071e-02	4.062120e+103	9.074090e+104
 834	6.698071e-02	9.007979e+83	2.012230e+85
 835	6.698071e-02	1.604509e+83	3.584202e+84
 836	6.698071e-02	1.965785e+57	4.326831e+58
 837	6.698071e-02	6.165106e+61	1.372430e+63
 838	6.698071e-02	3.748648e+83	6.616787e+84
 839	6.698071e-02	inf	nan
 840	6.698071e-02	7.748514e+57	8.627380e+58
 841	6.698071e-02	2.010101e+110	4.490225e+111
 842	6.698071e-02	2.984083e+127	6.665936e+128
 843	6.698071e-02	inf	nan
 844	6.698071e-02	inf	nan
 845	6.698071e-02	5.889143e+86	1.315535e+88
 846	6.698071e-02	2.956444e+85	6.604195e+86
 847	6.698071e-02	5.218753e+140	1.165781e+142
 848	6.698071e-02	3.892720e+121	8.695679e+122
 849	6.698071e-02	1.551836e+118	3.466538e+119
 850	6.698071e-02	inf	nan
 851	6.698071e-02	inf	nan
 852	6.698071e-02	7.736356e+81	1.728171e+83
 853	6.698071e-02	1.653731e+149	3.694156e+150
 854	6.698071e-02	2.121630e+58	2.752633e+59
 855	6.698071e-02	inf	nan
 856	6.698071e-02	inf	nan
 857	6.698071e-02	1.784884e+88	3.987122e+89
 858	6.698071e-02	inf	nan
 859	6.698071e-02	1.685267e+92	3.764600e+93
 860	6.698071e-02	inf	nan
 861	6.698071e-02	2.487126e+82	5.555819e+83
 862	6.691519e-02	3.875758e+57	6.112761e+58
 863	6.691519e-02	2.107056e+59	4.072504e+60
 864	6.691519e-02	1.541535e+104	3.443528e+105
 865	6.691519e-02	inf	nan
 866	6.691519e-02	3.096426e+115	6.916892e+116
 867	6.691519e-02	2.858684e+64	6.379732e+65
 868	6.691519e-02	inf	nan
 869	6.691519e-02	2.824951e+59	6.066743e+60
 870	6.691519e-02	inf	nan
 871	6.691519e-02	inf	nan
 872	6.691519e-02	1.059654e+139	2.367087e+140
 873	6.691519e-02	6.697267e+79	1.496056e+81
 874	6.691519e-02	inf	nan
 875	6.691519e-02	4.416368e+106	9.865419e+107
 876	6.691519e-02	2.411533e+62	5.386784e+63
 877	6.691519e-02	1.780141e+148	3.976533e+149
 878	6.691519e-02	3.380887e+147	7.552330e+148
 879	6.691519e-02	1.136817e+90	2.027624e+91
 880	6.691519e-02	3.875991e+57	6.112760e+58
 881	6.691519e-02	4.432094e+82	9.900549e+83
 882	6.691519e-02	inf	nan
 883	6.691519e-02	inf	nan
 884	6.691519e-02	2.375251e+98	5.305908e+99
 885	6.691519e-02	1.593934e+71	3.560578e+72
 886	6.691519e-02	1.276020e+84	2.543836e+85
 887	6.691519e-02	5.032149e+126	1.124097e+128
 888	6.691519e-02	1.551836e+118	3.466538e+119
 889	6.691519e-02	inf	nan
 890	6.691519e-02	1.674528e+95	3.740613e+96
 891	6.691519e-02	8.453429e+89	1.888353e+91
 892	6.691519e-02	2.029572e+58	2.183275e+59
 893	6.691519e-02	1.106522e+116	2.471783e+117
 894	6.691519e-02	1.551836e+118	3.466538e+119
 895	6.691519e-02	1.511630e+145	3.376726e+146
 896	6.691519e-02	5.221043e+70	1.166293e+72
 897	6.691519e-02	inf	nan
 898	6.691519e-02	7.921778e+130	1.769591e+132
 899	6.691519e-02	inf	nan
 900	6.691519e-02	inf	nan
 901	6.691519e-02	inf	nan
 902	6.691519e-02	1.678531e+76	3.702285e+77
 903	6.691519e-02	1.362092e+59	2.913582e+60
 904	6.691519e-02	1.551836e+118	3.466538e+119
 905	6.691519e-02	8.289828e+119	1.851807e+121
 906	6.691519e-02	7.749869e+93	1.731190e+95
 907	6.691519e-02	3.749161e+58	6.050109e+59
 908	6.691519e-02	8.599009e+59	1.206708e+61
 909	6.691519e-02	1.522799e+61	3.399942e+62
 910	6.691519e-02	inf	nan
 911	6.691519e-02	3.716836e+59	6.337137e+60
 912	6.691519e-02	inf	nan
 913	6.691519e-02	5.208451e+63	1.163235e+65
 914	6.691519e-02	8.257387e+57	8.681678e+58
 915	6.691519e-02	6.533748e+57	7.593153e+58
 916	6.691519e-02	inf	nan
 917	6.691519e-02	3.827509e+118	8.550007e+119
 918	6.691519e-02	1.295329e+85	2.893547e+86
 919	6.691519e-02	4.088097e+87	9.132118e+88
 920	6.691519e-02	6.609017e+117	1.476342e+119
 921	6.691519e-02	5.654911e+63	1.263133e+65
 922	6.691519e-02	inf	nan
 923	6.691519e-02	2.926570e+59	6.067875e+60
 924	6.691519e-02	inf	nan
 925	6.691519e-02	inf	nan
 926	6.691519e-02	6.905268e+70	1.542520e+72
 927	6.691519e-02	1.905127e+82	4.255731e+83
 928	6.691519e-02	9.548918e+124	1.767803e+126
 929	6.691519e-02	4.024174e+67	8.989323e+68
 930	6.691519e-02	6.673476e+147	1.490742e+149
 931	6.691519e-02	1.552744e+118	3.466535e+119
 932	6.691519e-02	5.553313e+59	8.570475e+60
 933	6.691519e-02	1.022228e+98	2.283483e+99
 934	6.691519e-02	inf	nan
 935	6.691519e-02	2.659121e+81	5.940027e+82
 936	6.691519e-02	1.416118e+60	3.136958e+61
 937	6.691519e-02	2.659250e+58	4.699591e+59
 938	6.691519e-02	2.304834e+85	4.179212e+86
 939	6.691519e-02	1.653017e+89	3.692561e+90
 940	6.691519e-02	1.838005e+59	3.846541e+60
 941	6.691519e-02	6.852433e+92	1.530718e+94
 942	6.691519e-02	3.972459e+130	8.873801e+131
 943	6.691519e-02	1.913455e+90	4.274334e+91
 944	6.691519e-02	inf	nan
 945	6.691519e-02	6.476902e+122	1.446830e+124
 946	6.691519e-02	inf	nan
 947	6.691519e-02	inf	nan
 948	6.691519e-02	inf	nan
 949	6.691519e-02	1.606759e+58	1.442899e+59
 950	6.691519e-02	1.421691e+60	3.154002e+61
 951	6.691519e-02	5.489094e+59	8.570548e+60
 952	6.691519e-02	1.022212e+86	2.283448e+87
 953	6.691519e-02	3.553444e+64	7.937791e+65
 954	6.691519e-02	6.202939e+121	1.385632e+123
 955	6.691519e-02	inf	nan
 956	6.691519e-02	2.383045e+88	5.315157e+89
 957	6.691519e-02	inf	nan
 958	6.691519e-02	2.122378e+89	4.741034e+90
 959	6.691519e-02	inf	nan
 960	6.691519e-02	1.988601e+84	4.442199e+85
 961	6.691519e-02	inf	nan
 962	6.691519e-02	9.477263e+58	1.728423e+60
 963	6.691519e-02	2.091088e+140	4.671137e+141
 964	6.691519e-02	1.055382e+69	2.357546e+70
 965	6.691519e-02	inf	nan
 966	6.691519e-02	1.752300e+59	3.692371e+60
 967	6.691519e-02	2.883081e+59	6.066903e+60
 968	6.691519e-02	6.541693e+62	1.461260e+64
 969	6.691519e-02	5.718102e+57	7.251716e+58
 970	6.691519e-02	inf	nan
 971	6.691519e-02	7.723634e+122	1.725329e+124
 972	6.691519e-02	inf	nan
 973	6.691519e-02	9.991303e+60	2.109021e+62
 974	6.691519e-02	inf	nan
 975	6.691519e-02	3.039210e+59	6.077787e+60
 976	6.691519e-02	2.087900e+149	4.664016e+150
 977	6.691519e-02	5.283962e+86	1.180348e+88
 978	6.691519e-02	2.187882e+123	4.887358e+124
 979	6.691519e-02	inf	nan
 980	6.691519e-02	9.356166e+80	2.090009e+82
 981	6.691519e-02	9.050846e+95	2.021806e+97
 982	6.691519e-02	1.551836e+118	3.466538e+119
 983	6.691519e-02	1.381396e+147	3.085805e+148
 984	6.691519e-02	5.375002e+131	1.200684e+133
 985	6.691519e-02	8.159710e+70	1.822741e+72
 986	6.691519e-02	3.546392e+81	7.922040e+82
 987	6.691519e-02	2.753287e+59	6.066510e+60
 988	6.691519e-02	inf	nan
 989	6.691519e-02	2.580654e+86	5.764745e+87
 990	6.691519e-02	7.177713e+59	8.954863e+60
 991	6.691519e-02	2.545670e+70	5.686596e+71
 992	6.691519e-02	2.849045e+59	6.067690e+60
 993	6.691519e-02	6.776855e+57	7.648599e+58
 994	6.691519e-02	6.182821e+109	1.381138e+111
 995	6.691519e-02	6.253145e+59	1.379423e+61
 996	6.691519e-02	inf	nan
 997	6.691519e-02	inf	nan
 998	6.691519e-02	inf	nan
 999	6.691519e-02	1.995548e+57	4.327145e+58
1000	6.691519e-02	2.631851e+70	5.879109e+71
