   0	2.328598e+00	2.556935e+68	5.711760e+69
   1	1.230793e+00	6.351041e+57	1.418715e+59
   2	2.575090e-01	2.691960e+67	6.013383e+68
   3	2.575090e-01	5.360952e+83	1.197546e+85
   4	2.575090e-01	1.202225e+49	2.685565e+50
   5	2.575090e-01	1.423869e+66	3.180682e+67
   6	2.441986e-01	3.561863e+109	7.956600e+110
   7	2.368936e-01	1.445350e+84	3.228668e+85
   8	2.352350e-01	6.597248e+72	1.473713e+74
   9	2.343439e-01	2.721511e+104	6.079396e+105
  10	2.342574e-01	1.907069e+45	4.259097e+46
  11	2.342574e-01	1.445357e+82	3.228683e+83
  12	2.342574e-01	1.029746e+42	1.013005e+43
  13	2.342574e-01	8.064190e+114	1.801404e+116
  14	2.342574e-01	3.696915e+41	3.282293e+42
  15	2.342574e-01	4.478939e+41	3.411701e+42
  16	2.342574e-01	2.229130e+68	4.979500e+69
  17	2.342574e-01	1.638297e+87	3.659679e+88
  18	2.342574e-01	4.327338e+109	9.666541e+110
  19	2.342574e-01	1.885518e+46	4.210873e+47
  20	2.342574e-01	3.964975e+66	8.857083e+67
  21	2.342574e-01	1.990449e+46	4.446191e+47
  22	2.342574e-01	1.270621e+43	2.729483e+44
  23	2.322447e-01	1.447231e+50	3.232870e+51
  24	2.322447e-01	5.868806e+42	1.209818e+44
  25	2.322447e-01	8.569538e+115	1.914290e+117
  26	2.322447e-01	4.598940e+42	9.376534e+43
  27	2.322447e-01	3.884859e+127	8.678117e+128
  28	2.322447e-01	7.238353e+94	1.616925e+96
  29	2.322447e-01	8.474372e+79	1.893031e+81
  30	2.322447e-01	3.800638e+41	3.181621e+42
  31	2.322447e-01	2.203063e+59	3.989967e+60
  32	2.293033e-01	6.866643e+50	1.533892e+52
  33	2.293033e-01	1.006701e+42	8.955711e+42
  34	2.293033e-01	3.535744e+63	7.898254e+64
  35	2.293033e-01	2.430594e+47	5.429397e+48
  36	2.293033e-01	5.793578e+42	1.209737e+44
  37	2.293033e-01	1.788667e+60	3.995580e+61
  38	2.274445e-01	2.708068e+41	2.694474e+42
  39	2.274445e-01	8.859974e+54	1.979168e+56
  40	2.274445e-01	1.917885e+42	3.168153e+43
  41	2.274445e-01	1.860935e+44	4.150952e+45
  42	2.274445e-01	3.818248e+44	8.514770e+45
  43	2.274445e-01	1.271441e+76	2.840184e+77
  44	2.274445e-01	7.467285e+56	1.668065e+58
  45	2.274445e-01	8.444580e+50	1.886376e+52
  46	2.160795e-01	1.880396e+56	4.200486e+57
  47	2.160795e-01	1.445350e+84	3.228668e+85
  48	2.160795e-01	8.930729e+42	1.910498e+44
  49	2.160795e-01	5.503483e+44	1.209170e+46
  50	2.160795e-01	4.874488e+41	3.600381e+42
  51	2.160795e-01	1.122128e+42	1.494247e+43
  52	2.160795e-01	4.879906e+41	3.600328e+42
  53	2.160795e-01	8.654711e+44	1.923498e+46
  54	2.160795e-01	5.575121e+139	1.245388e+141
  55	2.160795e-01	6.736394e+116	1.504796e+118
  56	2.160795e-01	1.446562e+84	3.228663e+85
  57	2.160795e-01	1.651309e+47	3.676635e+48
  58	2.160795e-01	3.724257e+44	8.314664e+45
  59	2.160795e-01	6.991714e+47	1.561830e+49
  60	2.160795e-01	4.501445e+70	1.005547e+72
  61	2.160795e-01	4.840443e+42	8.743981e+43
  62	2.160795e-01	8.530100e+63	1.905480e+65
  63	2.160795e-01	5.793551e+42	1.209737e+44
  64	2.160795e-01	1.023377e+47	2.285912e+48
  65	2.160795e-01	1.536897e+43	2.433883e+44
  66	2.160795e-01	5.433756e+41	3.791133e+42
  67	2.160795e-01	4.134382e+149	9.235509e+150
  68	2.160795e-01	3.039163e+150	6.788976e+151
  69	2.160795e-01	4.882632e+41	3.600316e+42
  70	2.160795e-01	2.508426e+46	3.958150e+47
  71	2.160795e-01	2.276570e+101	5.085472e+102
  72	2.160795e-01	1.445350e+84	3.228668e+85
  73	2.160795e-01	1.445350e+84	3.228668e+85
  74	2.160795e-01	1.910604e+96	4.267967e+97
  75	2.141013e-01	2.054649e+71	4.589738e+72
  76	2.141013e-01	1.058329e+119	2.364129e+120
  77	2.141013e-01	2.740663e+46	6.020686e+47
  78	2.141013e-01	5.715514e+54	1.276749e+56
  79	2.141013e-01	4.974486e+83	1.111216e+85
  80	2.141013e-01	1.299186e+60	2.902161e+61
  81	2.141013e-01	2.570308e+65	4.057488e+66
  82	1.914539e-01	5.973501e+64	1.334379e+66
  83	1.914539e-01	1.413363e+80	3.157213e+81
  84	1.914539e-01	6.900743e+42	1.223300e+44
  85	1.914539e-01	4.731094e+74	1.056846e+76
  86	1.914539e-01	2.908812e+74	6.497794e+75
  87	1.914539e-01	6.814075e+45	1.521318e+47
  88	1.914539e-01	1.737819e+41	2.097017e+42
  89	1.914539e-01	1.445364e+80	3.228699e+81
  90	1.894718e-01	3.504488e+43	6.099837e+44
  91	1.894718e-01	6.933114e+120	1.548740e+122
  92	1.894718e-01	1.157873e+73	2.586493e+74
  93	1.894718e-01	3.537016e+109	7.901094e+110
  94	1.894718e-01	1.259542e+50	2.813604e+51
  95	1.659902e-01	1.530918e+50	3.419812e+51
  96	1.659902e-01	2.402843e+72	5.367544e+73
  97	1.659902e-01	1.138336e+149	2.542850e+150
  98	1.659902e-01	6.238177e+144	1.393503e+146
  99	1.659902e-01	2.870973e+77	6.413269e+78
 100	1.659902e-01	9.919406e+68	2.215827e+70
 101	1.659902e-01	8.225494e+111	1.837436e+113
 102	1.628678e-01	1.837643e+109	4.104983e+110
 103	1.616825e-01	1.105118e+60	2.468646e+61
 104	1.616825e-01	9.040279e+42	1.336846e+44
 105	1.616825e-01	1.214410e+52	2.712729e+53
 106	1.551224e-01	2.086834e+147	4.661635e+148
 107	1.551224e-01	1.395255e+44	3.110449e+45
 108	1.551224e-01	3.697329e+65	8.256353e+66
 109	1.551224e-01	5.879036e+42	1.209764e+44
 110	1.551224e-01	5.216479e+70	1.165273e+72
 111	1.551224e-01	1.657895e+111	3.703457e+112
 112	1.551224e-01	3.522351e+82	7.868335e+83
 113	1.551224e-01	1.933690e+52	4.319535e+53
 114	1.551224e-01	3.247112e+117	7.253498e+118
 115	1.551224e-01	8.796695e+49	1.964944e+51
 116	1.547017e-01	4.782329e+42	9.177128e+43
 117	1.547017e-01	8.776931e+59	1.953671e+61
 118	1.547017e-01	1.497906e+62	2.391994e+63
 119	1.547017e-01	1.811876e+43	2.018118e+44
 120	1.547017e-01	1.222243e+121	2.730285e+122
 121	1.547017e-01	2.366367e+48	5.285807e+49
 122	1.547017e-01	5.383285e+42	7.869302e+43
 123	1.547017e-01	1.202226e+49	2.497288e+50
 124	1.547017e-01	5.296171e+101	1.183075e+103
 125	1.547017e-01	4.024197e+42	8.145034e+43
 126	1.544329e-01	4.415584e+42	8.168430e+43
 127	1.544329e-01	3.386504e+42	5.964029e+43
 128	1.538544e-01	6.125417e+61	1.368315e+63
 129	1.533931e-01	3.034007e+41	2.642805e+42
 130	1.525408e-01	1.098206e+42	1.296631e+43
 131	1.525408e-01	1.535062e+44	3.338031e+45
 132	1.525408e-01	3.518439e+44	7.605599e+45
 133	1.525408e-01	4.024362e+41	3.055854e+42
 134	1.525408e-01	2.340252e+59	5.227728e+60
 135	1.525408e-01	6.026967e+45	1.346243e+47
 136	1.525408e-01	1.125615e+59	2.475855e+60
 137	1.525408e-01	5.508609e+76	1.230530e+78
 138	1.525408e-01	3.593019e+78	8.026196e+79
 139	1.525408e-01	4.132678e+42	7.411587e+43
 140	1.525408e-01	8.881197e+60	1.983909e+62
 141	1.525408e-01	1.368353e+43	1.270151e+44
 142	1.524673e-01	6.277565e+86	1.402302e+88
 143	1.524673e-01	1.751851e+43	1.833331e+44
 144	1.524673e-01	1.401086e+41	1.741075e+42
 145	1.524673e-01	4.335750e+41	3.078570e+42
 146	1.524673e-01	1.018537e+43	2.182785e+44
 147	1.524673e-01	3.098872e+42	5.661563e+43
 148	1.524326e-01	3.602308e+141	8.046947e+142
 149	1.524326e-01	4.480110e+59	1.000745e+61
 150	1.524326e-01	2.774961e+66	6.198794e+67
 151	1.524326e-01	2.171693e+137	4.851196e+138
 152	1.524326e-01	1.242083e+114	2.774602e+115
 153	1.524326e-01	5.920753e+41	3.776414e+42
 154	1.524326e-01	3.963433e+63	7.649089e+64
 155	1.524326e-01	7.966138e+63	1.391521e+65
 156	1.524326e-01	1.215061e+134	2.714241e+135
 157	1.524326e-01	8.972809e+93	2.004374e+95
 158	1.521180e-01	9.388641e+41	6.366190e+42
 159	1.521180e-01	2.129188e+61	4.753718e+62
 160	1.521180e-01	7.581073e+42	1.211386e+44
 161	1.521180e-01	3.353865e+42	5.780923e+43
 162	1.521180e-01	9.493728e+45	2.057540e+47
 163	1.521180e-01	1.445350e+84	3.228668e+85
 164	1.521180e-01	7.718947e+43	1.539858e+45
 165	1.521180e-01	8.217879e+76	1.835735e+78
 166	1.521180e-01	1.235518e+101	2.759939e+102
 167	1.521180e-01	7.362698e+52	1.644702e+54
 168	1.521180e-01	1.966966e+42	3.009611e+43
 169	1.521180e-01	4.289268e+47	8.734888e+48
 170	1.521180e-01	9.785648e+52	2.185948e+54
 171	1.520426e-01	1.192766e+47	2.664363e+48
 172	1.520426e-01	6.452677e+57	1.441419e+59
 173	1.520426e-01	1.399433e+43	1.285907e+44
 174	1.520426e-01	5.842004e+42	7.987512e+43
 175	1.520426e-01	3.034823e+41	2.756117e+42
 176	1.520426e-01	9.594039e+78	2.143146e+80
 177	1.520426e-01	7.520655e+42	7.739146e+43
 178	1.520426e-01	3.546121e+42	5.562763e+43
 179	1.520103e-01	8.556024e+90	1.911271e+92
 180	1.519881e-01	1.445350e+84	3.228668e+85
 181	1.519881e-01	1.898648e+78	4.241258e+79
 182	1.519881e-01	1.292634e+81	2.887525e+82
 183	1.519881e-01	1.193667e+42	9.940811e+42
 184	1.519881e-01	4.777524e+58	1.067218e+60
 185	1.519881e-01	6.185868e+42	1.210017e+44
 186	1.519881e-01	7.789881e+42	1.261013e+44
 187	1.519881e-01	2.364577e+55	5.282065e+56
 188	1.519881e-01	3.091541e+77	6.905978e+78
 189	1.519881e-01	4.290057e+42	8.596668e+43
 190	1.519881e-01	1.502805e+64	3.357012e+65
 191	1.519881e-01	7.400902e+44	1.198866e+46
 192	1.519881e-01	2.870540e+128	6.412300e+129
 193	1.519881e-01	4.475541e+49	9.997601e+50
 194	1.519881e-01	5.358558e+48	1.197011e+50
 195	1.519881e-01	3.710948e+42	7.077192e+43
 196	1.519867e-01	4.301680e+41	3.128995e+42
 197	1.519867e-01	1.003904e+56	2.242553e+57
 198	1.519867e-01	6.728230e+76	1.502973e+78
 199	1.519867e-01	1.491000e+44	3.270412e+45
 200	1.519867e-01	1.998583e+42	2.768191e+43
 201	1.519867e-01	3.234288e+41	2.626980e+42
 202	1.519867e-01	7.673023e+110	1.714023e+112
 203	1.519867e-01	3.429799e+96	7.661591e+97
 204	1.519867e-01	1.275090e+118	2.848335e+119
 205	1.519867e-01	1.771471e+107	3.956682e+108
 206	1.519867e-01	3.657755e+42	7.402668e+43
 207	1.519867e-01	3.065987e+43	6.704485e+44
 208	1.519867e-01	5.077203e+41	3.462392e+42
 209	1.519867e-01	1.593377e+42	1.239303e+43
 210	1.519867e-01	6.797438e+42	1.219778e+44
 211	1.519867e-01	2.183844e+98	4.878337e+99
 212	1.519867e-01	8.861070e+94	1.979413e+96
 213	1.519867e-01	1.072931e+134	2.396745e+135
 214	1.519867e-01	1.926870e+51	4.304301e+52
 215	1.519867e-01	6.599231e+64	1.474157e+66
 216	1.519867e-01	5.797471e+42	1.209683e+44
 217	1.519867e-01	7.368873e+41	3.981091e+42
 218	1.519867e-01	4.255404e+42	7.656668e+43
 219	1.519867e-01	4.844233e+42	9.611624e+43
 220	1.519867e-01	1.021676e+42	6.814099e+42
 221	1.519867e-01	1.723018e+49	3.848931e+50
 222	1.519867e-01	1.623514e+104	3.626655e+105
 223	1.519867e-01	4.760919e+144	1.063509e+146
 224	1.519867e-01	3.990577e+89	8.914273e+90
 225	1.519867e-01	6.172416e+44	1.377354e+46
 226	1.519867e-01	4.103254e+102	9.165975e+103
 227	1.519867e-01	2.279552e+43	4.009742e+44
 228	1.519867e-01	2.779474e+135	6.208874e+136
 229	1.519867e-01	2.514165e+144	5.613582e+145
 230	1.519867e-01	5.066521e+58	1.131775e+60
 231	1.519867e-01	1.087855e+42	6.821503e+42
 232	1.519867e-01	1.445344e+86	3.228653e+87
 233	1.519867e-01	1.445350e+84	3.228668e+85
 234	1.519867e-01	5.194881e+60	1.160448e+62
 235	1.519867e-01	5.815921e+55	1.299178e+57
 236	1.519867e-01	1.448519e+62	3.235745e+63
 237	1.519867e-01	4.441172e+51	9.920827e+52
 238	1.519867e-01	7.642517e+77	1.707209e+79
 239	1.519867e-01	1.241063e+42	9.090130e+42
 240	1.519867e-01	5.764234e+45	1.287396e+47
 241	1.519867e-01	4.276988e+41	3.042078e+42
 242	1.519867e-01	8.458498e+72	1.889485e+74
 243	1.519867e-01	1.336325e+60	2.985125e+61
 244	1.519867e-01	4.345615e+42	8.123466e+43
 245	1.519867e-01	2.224207e+53	4.968501e+54
 246	1.519867e-01	2.051056e+49	4.581712e+50
 247	1.519867e-01	6.887642e+41	5.734767e+42
 248	1.519867e-01	3.086340e+42	4.412693e+43
 249	1.519867e-01	4.758014e+41	3.421244e+42
 250	1.519867e-01	6.779178e+41	4.643601e+42
 251	1.519867e-01	7.123368e+41	4.468116e+42
 252	1.519867e-01	5.990451e+131	1.338165e+133
 253	1.519867e-01	7.022996e+51	1.568819e+53
 254	1.519867e-01	1.163021e+42	1.470200e+43
 255	1.519854e-01	5.740292e+42	1.153465e+44
 256	1.519854e-01	3.794665e+41	2.853593e+42
 257	1.519854e-01	7.042563e+41	5.400868e+42
 258	1.519854e-01	2.510404e+54	5.607818e+55
 259	1.519854e-01	4.881553e+41	3.442927e+42
 260	1.519854e-01	8.796756e+41	9.366878e+42
 261	1.519854e-01	2.613464e+59	5.757845e+60
 262	1.519854e-01	7.883443e+69	1.761028e+71
 263	1.519854e-01	8.338448e+52	1.862658e+54
 264	1.519854e-01	3.070007e+42	5.739929e+43
 265	1.519854e-01	3.518182e+100	7.859023e+101
 266	1.519854e-01	9.859841e+41	7.142710e+42
 267	1.519854e-01	4.605224e+72	1.028729e+74
 268	1.519854e-01	9.430669e+49	2.106652e+51
 269	1.519854e-01	3.077346e+73	6.874269e+74
 270	1.519854e-01	1.132686e+141	2.530229e+142
 271	1.519854e-01	4.614710e+71	1.030848e+73
 272	1.519854e-01	1.306601e+49	2.665175e+50
 273	1.519854e-01	3.132275e+80	6.996973e+81
 274	1.519854e-01	4.255908e+42	6.510722e+43
 275	1.519854e-01	1.319300e+138	2.947093e+139
 276	1.519854e-01	6.800478e+68	1.519112e+70
 277	1.519850e-01	2.461992e+42	4.296291e+43
 278	1.519850e-01	5.444983e+42	1.081969e+44
 279	1.519850e-01	2.024015e+107	4.521308e+108
 280	1.519850e-01	6.232964e+42	1.210623e+44
 281	1.519850e-01	2.265224e+60	5.060127e+61
 282	1.519850e-01	3.914651e+98	8.744668e+99
 283	1.519850e-01	2.961201e+99	6.614821e+100
 284	1.519850e-01	1.003895e+129	2.242532e+130
 285	1.519850e-01	3.429292e+44	7.503775e+45
 286	1.519850e-01	4.600601e+104	1.027696e+106
 287	1.519850e-01	5.093248e+42	7.811295e+43
 288	1.519850e-01	1.171183e+56	2.616224e+57
 289	1.519850e-01	3.768661e+127	8.418552e+128
 290	1.519850e-01	1.900649e+115	4.245728e+116
 291	1.519850e-01	6.667554e+98	1.489419e+100
 292	1.519850e-01	2.947035e+111	6.583177e+112
 293	1.519850e-01	1.747745e+93	3.904168e+94
 294	1.519850e-01	9.538948e+147	2.130840e+149
 295	1.519850e-01	6.899901e+124	1.541321e+126
 296	1.519850e-01	1.059327e+49	2.366358e+50
 297	1.519850e-01	1.562864e+99	3.491173e+100
 298	1.519850e-01	7.503578e+118	1.676172e+120
 299	1.519850e-01	1.120929e+60	2.503966e+61
 300	1.519850e-01	1.386915e+42	1.851367e+43
 301	1.519850e-01	6.066207e+90	1.355088e+92
 302	1.519850e-01	2.275803e+42	4.332629e+43
 303	1.519850e-01	7.517471e+47	1.679272e+49
 304	1.519850e-01	2.285838e+41	2.948743e+42
 305	1.519850e-01	2.613262e+55	5.837584e+56
 306	1.519850e-01	6.025327e+80	1.345956e+82
 307	1.519850e-01	2.112081e+60	4.718031e+61
 308	1.519850e-01	4.786676e+41	3.329766e+42
 309	1.519850e-01	4.209455e+64	9.403211e+65
 310	1.519850e-01	1.967384e+48	4.394803e+49
 311	1.519850e-01	6.491888e+143	1.450178e+145
 312	1.519850e-01	1.380635e+103	2.906399e+104
 313	1.519850e-01	4.171546e+53	9.318529e+54
 314	1.519850e-01	1.186781e+73	2.651068e+74
 315	1.519850e-01	2.542876e+75	5.680354e+76
 316	1.519850e-01	5.750770e+78	1.284625e+80
 317	1.519850e-01	8.034688e+135	1.794813e+137
 318	1.519850e-01	6.841781e+105	1.528338e+107
 319	1.519850e-01	1.024641e+89	2.288875e+90
 320	1.519850e-01	5.055963e+41	3.491741e+42
 321	1.519850e-01	1.059730e+56	2.367257e+57
 322	1.519850e-01	2.639823e+60	5.896918e+61
 323	1.519850e-01	1.563030e+101	3.491544e+102
 324	1.519850e-01	2.376954e+106	5.309712e+107
 325	1.519850e-01	9.642921e+54	2.154065e+56
 326	1.519850e-01	2.263450e+101	5.056164e+102
 327	1.519850e-01	8.309085e+77	1.856109e+79
 328	1.519850e-01	4.440146e+55	9.918534e+56
 329	1.519850e-01	8.015001e+41	4.487853e+42
 330	1.519850e-01	2.329111e+86	5.202840e+87
 331	1.519850e-01	2.252014e+42	4.347147e+43
 332	1.519850e-01	4.451439e+42	6.534948e+43
 333	1.519850e-01	5.312463e+112	1.186714e+114
 334	1.519850e-01	2.134034e+56	4.767070e+57
 335	1.519850e-01	7.822599e+80	1.747436e+82
 336	1.519850e-01	1.355801e+123	3.028630e+124
 337	1.519850e-01	5.455836e+71	1.218741e+73
 338	1.519850e-01	6.428997e+58	1.436129e+60
 339	1.519850e-01	5.155513e+118	1.151654e+120
 340	1.519850e-01	5.803634e+100	1.296434e+102
 341	1.519850e-01	4.210147e+41	3.359274e+42
 342	1.519850e-01	6.103858e+77	1.363499e+79
 343	1.519850e-01	7.204744e+87	1.609418e+89
 344	1.519850e-01	3.272392e+116	7.309969e+117
 345	1.519850e-01	3.091487e+103	6.889201e+104
 346	1.519850e-01	7.972089e+66	1.780830e+68
 347	1.519850e-01	4.555300e+42	9.115532e+43
 348	1.519850e-01	5.530524e+121	1.235426e+123
 349	1.519850e-01	1.334786e+46	2.981129e+47
 350	1.519850e-01	5.599666e+42	8.469668e+43
 351	1.519850e-01	5.133544e+136	1.146747e+138
 352	1.519850e-01	2.404386e+109	5.370991e+110
 353	1.519850e-01	2.064773e+42	4.251420e+43
 354	1.519850e-01	2.065191e+75	4.613286e+76
 355	1.519850e-01	5.899580e+72	1.317866e+74
 356	1.519850e-01	3.021169e+115	6.748780e+116
 357	1.519850e-01	4.319439e+83	9.648895e+84
 358	1.519850e-01	4.226481e+107	9.441243e+108
 359	1.519850e-01	2.471513e+42	4.354581e+43
 360	1.519850e-01	1.615908e+67	3.609665e+68
 361	1.519850e-01	6.532669e+113	1.459288e+115
 362	1.519850e-01	1.686095e+67	3.766452e+68
 363	1.519850e-01	3.866338e+42	5.197753e+43
 364	1.519850e-01	2.539758e+67	5.673390e+68
 365	1.519850e-01	3.147929e+131	7.031940e+132
 366	1.519850e-01	9.147193e+42	1.274812e+44
 367	1.519850e-01	1.720485e+49	3.843272e+50
 368	1.519850e-01	3.601469e+91	8.045073e+92
 369	1.519850e-01	2.960982e+116	6.614334e+117
 370	1.519850e-01	1.855870e+132	4.145700e+133
 371	1.519850e-01	1.931490e+53	4.314601e+54
 372	1.519850e-01	9.029081e+64	2.016944e+66
 373	1.519850e-01	1.689458e+69	3.773963e+70
 374	1.519850e-01	9.223643e+55	2.060406e+57
 375	1.519850e-01	1.213705e+43	1.573199e+44
 376	1.519850e-01	9.742771e+101	2.176370e+103
 377	1.519850e-01	1.867578e+87	4.171853e+88
 378	1.519850e-01	8.220467e+42	1.235335e+44
 379	1.519850e-01	3.515428e+42	6.692120e+43
 380	1.519850e-01	6.096296e+41	5.586189e+42
 381	1.519850e-01	1.641218e+103	3.666203e+104
 382	1.519850e-01	2.922717e+42	4.423248e+43
 383	1.519850e-01	4.306881e+135	9.620842e+136
 384	1.519850e-01	4.004040e+47	8.944258e+48
 385	1.519850e-01	7.885463e+62	1.761479e+64
 386	1.519850e-01	5.937820e+49	1.323912e+51
 387	1.519850e-01	6.880981e+42	1.349166e+44
 388	1.519850e-01	9.822784e+118	2.194244e+120
 389	1.519850e-01	2.146474e+42	4.265811e+43
 390	1.519850e-01	3.352487e+130	7.488888e+131
 391	1.519850e-01	6.540860e+62	1.461118e+64
 392	1.519850e-01	8.849987e+42	1.143506e+44
 393	1.519850e-01	1.002429e+138	2.239257e+139
 394	1.519850e-01	4.516932e+135	1.009006e+137
 395	1.519850e-01	3.278089e+101	7.322696e+102
 396	1.519850e-01	3.858163e+60	8.618483e+61
 397	1.519850e-01	6.035997e+79	1.348340e+81
 398	1.519850e-01	1.302100e+54	2.908672e+55
 399	1.519850e-01	8.823903e+42	9.446831e+43
 400	1.519850e-01	4.306049e+42	6.240483e+43
 401	1.519850e-01	2.822511e+41	2.498677e+42
 402	1.519850e-01	8.545830e+79	1.908994e+81
 403	1.519850e-01	2.159772e+102	4.824565e+103
 404	1.519850e-01	4.495587e+72	1.004238e+74
 405	1.519850e-01	2.256923e+95	5.041583e+96
 406	1.519850e-01	1.117554e+78	2.496426e+79
 407	1.519850e-01	1.607275e+99	3.590381e+100
 408	1.519850e-01	3.951842e+42	5.928370e+43
 409	1.519850e-01	2.760171e+108	6.165756e+109
 410	1.519850e-01	2.409588e+120	5.382613e+121
 411	1.519850e-01	2.455818e+45	4.065839e+46
 412	1.519850e-01	3.785713e+137	8.456642e+138
 413	1.519850e-01	2.601969e+131	5.812359e+132
 414	1.467475e-01	5.043105e+78	1.126544e+80
 415	1.467475e-01	2.392472e+139	5.344377e+140
 416	1.467475e-01	7.765423e+42	1.280421e+44
 417	1.467475e-01	6.050726e+146	1.351630e+148
 418	1.467475e-01	9.909940e+42	1.312503e+44
 419	1.467475e-01	5.350988e+84	1.195320e+86
 420	1.467475e-01	1.371688e+50	3.064119e+51
 421	1.467475e-01	1.430486e+56	3.195463e+57
 422	1.467475e-01	9.617310e+42	2.107177e+44
 423	1.467475e-01	2.361747e+69	5.275742e+70
 424	1.467475e-01	1.214538e+129	2.713072e+130
 425	1.467475e-01	3.624093e+44	6.944067e+45
 426	1.467475e-01	1.955321e+129	4.367856e+130
 427	1.467475e-01	6.460478e+54	1.443162e+56
 428	1.467475e-01	3.193188e+68	7.133043e+69
 429	1.467475e-01	3.060782e+70	6.837270e+71
 430	1.467475e-01	2.861960e+131	6.393134e+132
 431	1.467475e-01	7.254222e+86	1.620470e+88
 432	1.467475e-01	3.260676e+80	7.283798e+81
 433	1.467475e-01	3.147929e+129	7.031940e+130
 434	1.467475e-01	4.178163e+41	4.118393e+42
 435	1.467475e-01	4.417766e+43	9.792601e+44
 436	1.467475e-01	4.155396e+69	9.282452e+70
 437	1.467475e-01	1.399979e+86	3.127317e+87
 438	1.467475e-01	1.071869e+56	2.367352e+57
 439	1.467475e-01	2.501737e+43	3.575017e+44
 440	1.467475e-01	8.127226e+81	1.498438e+83
 441	1.467475e-01	4.685946e+128	1.046761e+130
 442	1.467475e-01	2.434003e+42	4.353627e+43
 443	1.467475e-01	2.255079e+54	5.037461e+55
 444	1.467475e-01	2.634397e+47	5.264574e+48
 445	1.467475e-01	4.383226e+86	9.791386e+87
 446	1.467475e-01	1.049515e+114	2.344439e+115
 447	1.467475e-01	2.707422e+121	6.047923e+122
 448	1.467475e-01	3.743726e+50	8.362851e+51
 449	1.467475e-01	1.461569e+68	3.264897e+69
 450	1.467475e-01	7.890633e+142	1.762634e+144
 451	1.467475e-01	9.331835e+42	1.194291e+44
 452	1.467475e-01	3.709756e+86	5.902087e+87
 453	1.467475e-01	2.223394e+76	4.966686e+77
 454	1.467475e-01	9.011505e+60	2.013018e+62
 455	1.467475e-01	1.123638e+43	1.362943e+44
 456	1.467475e-01	1.085701e+128	2.425273e+129
 457	1.467475e-01	8.423117e+68	1.881582e+70
 458	1.467475e-01	1.150007e+55	2.568921e+56
 459	1.467475e-01	1.267338e+42	2.404023e+43
 460	1.467475e-01	1.136797e+89	2.539413e+90
 461	1.467475e-01	1.236054e+96	2.761135e+97
 462	1.467475e-01	2.910653e+130	6.501906e+131
 463	1.467475e-01	6.571862e+57	1.468043e+59
 464	1.467475e-01	5.591730e+42	6.898130e+43
 465	1.467475e-01	2.686572e+132	6.001348e+133
 466	1.467475e-01	2.688671e+108	6.006037e+109
 467	1.467475e-01	2.152541e+42	4.273487e+43
 468	1.467475e-01	1.251497e+70	2.795632e+71
 469	1.467475e-01	4.025760e+42	5.434822e+43
 470	1.467475e-01	1.395579e+45	3.066900e+46
 471	1.467475e-01	3.147929e+131	7.031940e+132
 472	1.467475e-01	1.122992e+128	2.508574e+129
 473	1.467475e-01	1.201954e+78	2.684963e+79
 474	1.467475e-01	6.667592e+42	7.662623e+43
 475	1.467475e-01	3.147929e+133	7.031940e+134
 476	1.467475e-01	7.233299e+48	1.615796e+50
 477	1.467475e-01	3.933813e+131	7.227940e+132
 478	1.467475e-01	2.070824e+57	4.625870e+58
 479	1.467475e-01	7.078654e+124	1.581251e+126
 480	1.467475e-01	9.979030e+136	2.229147e+138
 481	1.467475e-01	1.040020e+43	1.368606e+44
 482	1.467475e-01	1.636297e+63	3.655211e+64
 483	1.467475e-01	1.967545e+43	3.406115e+44
 484	1.467475e-01	5.741902e+80	1.282644e+82
 485	1.467475e-01	3.763523e+41	2.985422e+42
 486	1.467475e-01	1.445350e+84	3.228668e+85
 487	1.467475e-01	2.087294e+103	4.662661e+104
 488	1.467475e-01	4.811844e+42	8.284575e+43
 489	1.467475e-01	2.479085e+42	4.357434e+43
 490	1.467475e-01	1.556320e+43	1.807173e+44
 491	1.467475e-01	4.117047e+42	7.905141e+43
 492	1.467475e-01	2.116878e+73	4.728748e+74
 493	1.467475e-01	3.394435e+42	6.697540e+43
 494	1.467475e-01	6.021137e+42	1.157941e+44
 495	1.467475e-01	1.958408e+47	4.330330e+48
 496	1.467475e-01	3.875143e+71	8.656414e+72
 497	1.467475e-01	1.457830e+123	3.256546e+124
 498	1.467475e-01	5.412244e+46	1.208783e+48
 499	1.467475e-01	1.606722e+85	3.589146e+86
 500	1.467475e-01	2.384858e+42	4.572814e+43
 501	1.467475e-01	1.108696e+54	2.476638e+55
 502	1.467475e-01	1.034189e+76	2.310203e+77
 503	1.467475e-01	1.880350e+41	2.107955e+42
 504	1.467475e-01	5.037697e+137	1.125336e+139
 505	1.467475e-01	3.001541e+129	6.704934e+130
 506	1.467475e-01	1.799782e+122	4.020409e+123
 507	1.467475e-01	9.335453e+136	2.085382e+138
 508	1.467475e-01	4.503653e+64	1.006040e+66
 509	1.467475e-01	2.691262e+129	6.011823e+130
 510	1.467475e-01	1.234908e+94	2.758575e+95
 511	1.467475e-01	3.147929e+129	7.031940e+130
 512	1.467475e-01	6.672224e+117	1.490462e+119
 513	1.467475e-01	3.147929e+131	7.031940e+132
 514	1.467475e-01	2.067344e+42	4.275011e+43
 515	1.467475e-01	1.217952e+60	2.720698e+61
 516	1.467475e-01	5.037694e+137	1.125336e+139
 517	1.467475e-01	4.532547e+81	1.012494e+83
 518	1.467475e-01	3.913521e+122	8.742143e+123
 519	1.467475e-01	8.498767e+129	1.097297e+131
 520	1.467475e-01	8.149318e+119	1.820420e+121
 521	1.467475e-01	5.557675e+132	1.241491e+134
 522	1.467475e-01	4.073722e+42	6.037372e+43
 523	1.467475e-01	2.255072e+42	3.929716e+43
 524	1.467475e-01	5.892516e+139	1.316288e+141
 525	1.467475e-01	2.532858e+42	5.338146e+43
 526	1.467475e-01	2.797028e+73	6.248088e+74
 527	1.467475e-01	2.150698e+131	4.804295e+132
 528	1.467475e-01	1.928373e+129	4.307660e+130
 529	1.467475e-01	1.310253e+41	1.661953e+42
 530	1.467475e-01	4.504327e+121	1.006191e+123
 531	1.459619e-01	2.868294e+41	2.695826e+42
 532	1.459619e-01	3.080832e+42	4.661820e+43
 533	1.459619e-01	3.536670e+59	7.900323e+60
 534	1.459619e-01	4.393289e+133	9.813863e+134
 535	1.459619e-01	3.682085e+133	8.225156e+134
 536	1.459619e-01	1.988222e+43	2.010588e+44
 537	1.459619e-01	1.403208e+48	3.134511e+49
 538	1.459619e-01	1.416091e+43	3.020223e+44
 539	1.459619e-01	6.892388e+141	1.539643e+143
 540	1.459619e-01	2.248104e+43	2.722401e+44
 541	1.459619e-01	1.632606e+43	3.564944e+44
 542	1.459619e-01	1.063512e+105	2.375705e+106
 543	1.459619e-01	6.975410e+127	1.558189e+129
 544	1.459619e-01	2.255590e+133	5.038605e+134
 545	1.459619e-01	3.423422e+42	4.503396e+43
 546	1.459619e-01	1.030776e+119	2.302579e+120
 547	1.459619e-01	3.147929e+131	7.031940e+132
 548	1.459619e-01	4.084842e+41	3.188930e+42
 549	1.459619e-01	5.547990e+42	1.209552e+44
 550	1.459619e-01	4.430516e+133	7.587894e+134
 551	1.459619e-01	4.753647e+131	1.061884e+133
 552	1.459619e-01	1.065538e+119	2.380232e+120
 553	1.459619e-01	1.641485e+58	3.665918e+59
 554	1.459619e-01	8.900983e+62	1.460072e+64
 555	1.459619e-01	2.868688e+46	6.408125e+47
 556	1.459619e-01	5.116154e+42	7.750673e+43
 557	1.459619e-01	5.892516e+139	1.316288e+141
 558	1.459619e-01	3.308586e+117	7.390822e+118
 559	1.459619e-01	9.546124e+85	2.132443e+87
 560	1.459619e-01	2.857301e+69	6.382728e+70
 561	1.459619e-01	1.788760e+60	3.995787e+61
 562	1.459619e-01	4.978589e+55	1.111001e+57
 563	1.459619e-01	3.629109e+56	8.106816e+57
 564	1.459619e-01	3.410708e+65	7.618944e+66
 565	1.459619e-01	6.975410e+127	1.558189e+129
 566	1.459619e-01	6.295858e+129	9.934696e+130
 567	1.459619e-01	1.290499e+43	1.637345e+44
 568	1.459619e-01	5.067944e+129	1.132093e+131
 569	1.459619e-01	2.059337e+42	4.000316e+43
 570	1.459619e-01	2.263363e+42	4.276490e+43
 571	1.459619e-01	3.147929e+131	7.031940e+132
 572	1.459619e-01	1.137206e+128	2.540325e+129
 573	1.459619e-01	2.563335e+47	5.725889e+48
 574	1.459619e-01	2.398670e+42	4.259303e+43
 575	1.459619e-01	4.598680e+53	1.027267e+55
 576	1.459619e-01	2.945979e+133	6.573047e+134
 577	1.459619e-01	1.005296e+43	1.394761e+44
 578	1.459619e-01	1.050853e+115	2.347429e+116
 579	1.459619e-01	5.901371e+68	1.318266e+70
 580	1.459619e-01	9.973322e+130	2.227871e+132
 581	1.459619e-01	1.967062e+123	4.394083e+124
 582	1.459619e-01	3.602885e+72	8.048236e+73
 583	1.459619e-01	1.294357e+56	2.891374e+57
 584	1.459619e-01	1.120104e+148	2.502122e+149
 585	1.459619e-01	2.924932e+47	6.533796e+48
 586	1.459619e-01	1.783022e+128	3.982969e+129
 587	1.459619e-01	9.644530e+98	2.154425e+100
 588	1.459619e-01	8.656880e+52	1.933801e+54
 589	1.459619e-01	2.114718e+132	4.723922e+133
 590	1.459619e-01	5.889775e+132	1.315676e+134
 591	1.459619e-01	4.376585e+45	9.767100e+46
 592	1.459619e-01	2.187290e+128	4.886035e+129
 593	1.459619e-01	2.768086e+79	6.183437e+80
 594	1.459619e-01	2.511479e+52	5.610220e+53
 595	1.459619e-01	3.153630e+65	7.044677e+66
 596	1.459619e-01	6.858051e+47	1.530784e+49
 597	1.459619e-01	5.057498e+52	1.129759e+54
 598	1.459619e-01	1.579208e+43	3.166047e+44
 599	1.459619e-01	2.970177e+85	6.634873e+86
 600	1.459619e-01	2.669069e+52	5.962248e+53
 601	1.459619e-01	1.928582e+120	4.308126e+121
 602	1.459619e-01	5.553454e+127	1.240548e+129
 603	1.459619e-01	4.567657e+136	8.988681e+137
 604	1.459619e-01	3.867194e+42	6.884651e+43
 605	1.459619e-01	1.350000e+65	3.015671e+66
 606	1.459619e-01	2.629601e+81	5.874084e+82
 607	1.459619e-01	6.050804e+60	1.351647e+62
 608	1.459619e-01	6.652578e+42	1.104363e+44
 609	1.459619e-01	4.026504e+103	8.994529e+104
 610	1.459619e-01	8.990978e+42	1.395798e+44
 611	1.459619e-01	2.300843e+125	5.139694e+126
 612	1.459619e-01	1.214538e+131	2.713072e+132
 613	1.459619e-01	3.667979e+57	8.193644e+58
 614	1.459619e-01	4.381716e+42	9.211097e+43
 615	1.459619e-01	1.347734e+116	3.010611e+117
 616	1.459619e-01	4.011538e+59	8.961047e+60
 617	1.459619e-01	6.014868e+42	1.210129e+44
 618	1.459619e-01	1.851585e+50	4.136128e+51
 619	1.459619e-01	1.205505e+50	2.664459e+51
 620	1.459619e-01	7.569386e+126	1.690873e+128
 621	1.459619e-01	9.710295e+83	2.169116e+85
 622	1.459619e-01	2.691262e+127	6.011823e+128
 623	1.459619e-01	2.459168e+59	5.492024e+60
 624	1.459619e-01	3.155841e+131	7.031927e+132
 625	1.459619e-01	3.691427e+119	8.246022e+120
 626	1.459619e-01	6.946989e+147	1.551840e+149
 627	1.459619e-01	6.151233e+72	1.374081e+74
 628	1.459619e-01	2.656500e+97	5.931021e+98
 629	1.459619e-01	2.475495e+48	5.529832e+49
 630	1.459619e-01	3.847927e+42	5.767957e+43
 631	1.459619e-01	1.477037e+106	3.299450e+107
 632	1.459619e-01	1.871060e+85	4.179632e+86
 633	1.459619e-01	2.439312e+130	5.449011e+131
 634	1.459619e-01	1.394603e+91	3.115307e+92
 635	1.459619e-01	1.619846e+43	3.509281e+44
 636	1.459619e-01	2.609859e+41	2.435110e+42
 637	1.459619e-01	1.778348e+98	3.972528e+99
 638	1.459619e-01	4.039058e+42	8.749667e+43
 639	1.430015e-01	8.191341e+50	1.829752e+52
 640	1.430015e-01	1.221584e+89	2.728812e+90
 641	1.430015e-01	5.538447e+64	1.237195e+66
 642	1.430015e-01	1.445350e+84	3.228668e+85
 643	1.430015e-01	4.342232e+43	6.769647e+44
 644	1.430015e-01	4.116840e+93	9.196323e+94
 645	1.430015e-01	4.685946e+130	1.046761e+132
 646	1.430015e-01	1.413653e+106	3.157861e+107
 647	1.430015e-01	6.079744e+88	1.358112e+90
 648	1.430015e-01	6.102797e+47	1.358531e+49
 649	1.430015e-01	8.527387e+42	1.051367e+44
 650	1.430015e-01	2.520209e+85	5.629721e+86
 651	1.430015e-01	8.396627e+67	1.875664e+69
 652	1.430015e-01	1.445350e+84	3.228668e+85
 653	1.430015e-01	6.699951e+102	1.496656e+104
 654	1.430015e-01	1.651768e+141	3.689770e+142
 655	1.430015e-01	2.867587e+70	6.405703e+71
 656	1.430015e-01	8.305628e+42	1.281773e+44
 657	1.430015e-01	1.363227e+53	3.045219e+54
 658	1.430015e-01	5.206060e+135	9.831243e+136
 659	1.430015e-01	1.445350e+84	3.228668e+85
 660	1.430015e-01	1.660128e+48	3.708428e+49
 661	1.430015e-01	1.807938e+132	4.038628e+133
 662	1.430015e-01	3.453517e+71	7.714572e+72
 663	1.430015e-01	4.145373e+137	9.260061e+138
 664	1.430015e-01	6.707915e+97	1.498435e+99
 665	1.430015e-01	5.375660e+142	1.200831e+144
 666	1.430015e-01	1.687439e+80	3.769452e+81
 667	1.430015e-01	1.678421e+85	3.745249e+86
 668	1.430015e-01	2.460706e+130	5.496801e+131
 669	1.430015e-01	2.327659e+64	5.199597e+65
 670	1.430015e-01	5.568456e+149	1.243899e+151
 671	1.430015e-01	8.897054e+56	1.987451e+58
 672	1.430015e-01	9.573208e+98	2.138493e+100
 673	1.117972e-01	3.022635e+87	6.748821e+88
 674	1.117972e-01	2.271977e+71	5.075211e+72
 675	1.117972e-01	3.651165e+85	7.839224e+86
 676	1.117972e-01	6.361159e+97	1.420975e+99
 677	1.117972e-01	3.010539e+126	6.725034e+127
 678	1.117972e-01	4.078611e+127	9.110927e+128
 679	1.117972e-01	6.407857e+56	1.431390e+58
 680	1.117972e-01	2.740570e+119	6.121969e+120
 681	1.117972e-01	7.132980e+94	1.593387e+96
 682	1.117972e-01	2.199856e+65	4.914105e+66
 683	1.117972e-01	4.093867e+134	9.145005e+135
 684	1.117972e-01	2.155184e+87	4.814316e+88
 685	1.117972e-01	2.938287e+110	6.563636e+111
 686	1.117972e-01	4.327042e+68	7.885554e+69
 687	1.117972e-01	1.445350e+84	3.228668e+85
 688	1.117972e-01	1.964852e+104	4.389146e+105
 689	1.117972e-01	2.910653e+130	6.501906e+131
 690	1.117972e-01	1.445350e+84	3.228668e+85
 691	1.117972e-01	4.252674e+71	9.499753e+72
 692	1.117972e-01	1.774266e+81	3.963409e+82
 693	1.117972e-01	3.854959e+117	8.611326e+118
 694	1.117972e-01	3.163873e+134	7.067558e+135
 695	1.117972e-01	6.278182e+68	1.402440e+70
 696	1.117972e-01	9.225919e+109	2.060914e+111
 697	1.117972e-01	1.473762e+88	3.292134e+89
 698	1.117972e-01	4.776591e+77	1.067010e+79
 699	1.117972e-01	5.343996e+110	1.193758e+112
 700	1.117972e-01	1.615805e+92	3.609435e+93
 701	1.117972e-01	5.593115e+74	1.249407e+76
 702	1.117972e-01	3.761077e+120	8.401610e+121
 703	1.117972e-01	7.835674e+109	1.750357e+111
 704	1.117972e-01	8.712844e+101	1.946302e+103
 705	1.117972e-01	9.745475e+84	2.176974e+86
 706	1.117972e-01	6.105816e+55	1.363287e+57
 707	1.117972e-01	1.189370e+110	2.656851e+111
 708	1.117972e-01	5.294431e+68	1.182686e+70
 709	1.117972e-01	9.215145e+146	2.058507e+148
 710	1.117972e-01	7.301478e+117	1.631027e+119
 711	1.117972e-01	2.447413e+66	5.467106e+67
 712	1.117972e-01	5.876013e+127	1.312602e+129
 713	1.117972e-01	2.660750e+129	5.943666e+130
 714	1.117972e-01	7.508818e+106	1.677341e+108
 715	1.117972e-01	4.067022e+41	4.086286e+42
 716	1.117972e-01	2.999926e+124	6.701327e+125
 717	1.117972e-01	5.602437e+48	1.229783e+50
 718	1.117972e-01	3.191222e+150	7.128651e+151
 719	1.117972e-01	7.098567e+61	1.585699e+63
 720	1.117972e-01	9.586303e+131	2.141418e+133
 721	1.117972e-01	8.137396e+72	1.625116e+74
 722	1.117972e-01	1.498077e+107	3.346450e+108
 723	1.117972e-01	5.089375e+136	1.136880e+138
 724	1.117972e-01	2.128417e+141	4.754523e+142
 725	1.117972e-01	2.988390e+105	6.675558e+106
 726	1.117972e-01	3.546134e+55	7.921462e+56
 727	1.117972e-01	7.959110e+45	1.768981e+47
 728	1.117972e-01	2.955675e+77	6.602478e+78
 729	1.117972e-01	3.035400e+59	6.779996e+60
 730	1.117972e-01	2.809321e+146	6.275549e+147
 731	1.117972e-01	6.154631e+136	1.374840e+138
 732	1.117972e-01	2.845746e+112	6.356914e+113
 733	1.117972e-01	4.642792e+96	1.037121e+98
 734	1.117972e-01	8.296192e+130	1.853229e+132
 735	1.117972e-01	2.268110e+69	4.957481e+70
 736	1.117972e-01	1.234083e+115	2.756734e+116
 737	1.117972e-01	1.288549e+100	2.878401e+101
 738	1.117972e-01	7.980413e+100	1.782689e+102
 739	1.117972e-01	3.423591e+43	7.366056e+44
 740	1.117972e-01	1.653612e+131	3.693890e+132
 741	1.117972e-01	1.445350e+84	3.228668e+85
 742	1.117972e-01	4.229225e+59	9.389990e+60
 743	1.117972e-01	2.727407e+63	6.092565e+64
 744	1.117972e-01	4.278513e+91	9.557473e+92
 745	1.117972e-01	1.499499e+150	3.349628e+151
 746	1.117972e-01	1.082985e+148	2.419205e+149
 747	1.117972e-01	1.515474e+113	3.385313e+114
 748	1.117972e-01	2.647349e+97	5.913730e+98
 749	1.117972e-01	1.416978e+77	3.165289e+78
 750	1.117972e-01	4.723197e+149	1.055082e+151
 751	1.117972e-01	1.561582e+105	3.488310e+106
 752	1.117972e-01	1.292638e+135	2.887534e+136
 753	1.117972e-01	2.765017e+142	6.176580e+143
 754	1.117972e-01	4.764023e+100	1.064202e+102
 755	1.117972e-01	1.822257e+68	4.070613e+69
 756	1.117972e-01	3.884859e+127	8.678117e+128
 757	1.117972e-01	6.801855e+95	1.519419e+97
 758	1.117972e-01	3.518684e+72	7.848863e+73
 759	1.117972e-01	1.110010e+144	2.479574e+145
 760	1.117972e-01	6.741711e+145	1.505984e+147
 761	1.117972e-01	5.501910e+139	1.229034e+141
 762	1.117972e-01	9.695386e+120	2.165785e+122
 763	1.117972e-01	8.071754e+106	1.803093e+108
 764	1.117972e-01	6.287521e+128	1.404526e+130
 765	1.117972e-01	4.283861e+106	9.569421e+107
 766	1.117972e-01	1.181757e+116	2.639846e+117
 767	1.117972e-01	4.964634e+140	1.109015e+142
 768	1.117972e-01	2.685422e+123	5.998778e+124
 769	1.117972e-01	2.642376e+139	5.791710e+140
 770	1.117972e-01	3.535495e+95	6.400140e+96
 771	1.117972e-01	8.836710e+101	1.973746e+103
 772	1.117972e-01	9.053292e+72	2.018336e+74
 773	1.117972e-01	2.927008e+83	6.538440e+84
 774	1.117972e-01	4.992657e+144	1.115275e+146
 775	1.117972e-01	3.195817e+68	7.138915e+69
 776	1.117972e-01	4.623514e+99	1.032750e+101
 777	1.117972e-01	1.085513e+98	2.424853e+99
 778	1.117972e-01	1.509557e+117	3.372095e+118
 779	1.117972e-01	3.477295e+78	7.767688e+79
 780	1.117972e-01	1.233274e+123	2.754924e+124
 781	1.117972e-01	1.383916e+147	3.091434e+148
 782	1.117972e-01	9.333660e+114	2.084982e+116
 783	1.117972e-01	6.688605e+118	1.494121e+120
 784	1.117972e-01	1.395398e+109	3.117084e+110
 785	1.117972e-01	6.038768e+136	1.348958e+138
 786	1.117972e-01	2.532804e+141	5.657856e+142
 787	1.117972e-01	7.013176e+129	1.566625e+131
 788	1.117972e-01	6.448287e+129	1.439432e+131
 789	1.117972e-01	3.048045e+104	6.808816e+105
 790	1.117972e-01	5.266851e+87	1.176525e+89
 791	1.117972e-01	1.950150e+55	4.324642e+56
 792	1.117972e-01	4.503834e+115	1.006080e+117
 793	1.117972e-01	1.101435e+146	2.460420e+147
 794	1.117972e-01	2.748537e+145	6.139768e+146
 795	1.117972e-01	2.059793e+80	4.601230e+81
 796	1.117972e-01	6.492167e+87	1.450240e+89
 797	1.117972e-01	2.316996e+114	5.175776e+115
 798	1.117972e-01	2.183007e+118	4.876464e+119
 799	1.117972e-01	1.249981e+113	2.792246e+114
 800	1.117972e-01	1.445350e+84	3.228668e+85
 801	1.117972e-01	7.003361e+88	1.564432e+90
 802	1.117972e-01	1.280740e+99	2.855402e+100
 803	1.117972e-01	3.875587e+139	8.657406e+140
 804	1.117972e-01	1.019421e+103	2.277214e+104
 805	1.117972e-01	1.242087e+131	2.774611e+132
 806	1.117972e-01	2.182192e+90	4.370565e+91
 807	1.117972e-01	2.615336e+131	5.842217e+132
 808	1.117972e-01	7.763694e+83	1.734278e+85
 809	1.117972e-01	3.309541e+62	7.392955e+63
 810	1.117972e-01	2.195756e+112	4.904947e+113
 811	1.117972e-01	1.946775e+107	4.348766e+108
 812	1.117972e-01	7.806017e+143	1.743732e+145
 813	1.117972e-01	3.107391e+73	6.941386e+74
 814	1.117972e-01	1.445350e+84	3.228668e+85
 815	1.117972e-01	2.974068e+140	6.643565e+141
 816	1.117972e-01	2.390529e+68	5.263459e+69
 817	1.117972e-01	9.773472e+126	2.183228e+128
 818	1.117972e-01	1.784258e+116	3.985731e+117
 819	1.117972e-01	9.316926e+42	1.469011e+44
 820	1.117972e-01	2.430236e+71	5.428735e+72
 821	1.117972e-01	1.838899e+96	4.107789e+97
 822	1.117972e-01	7.067307e+133	1.578717e+135
 823	1.117972e-01	1.033033e+114	2.307620e+115
 824	1.117972e-01	2.688513e+66	6.005683e+67
 825	1.117972e-01	4.088262e+85	9.132484e+86
 826	1.117972e-01	1.214563e+116	2.713127e+117
 827	1.117972e-01	2.067044e+130	4.586233e+131
 828	1.117972e-01	2.148057e+82	4.798397e+83
 829	1.117972e-01	1.123774e+129	2.510321e+130
 830	1.117972e-01	2.671596e+112	5.967894e+113
 831	1.117972e-01	6.083483e+82	1.319831e+84
 832	1.117972e-01	1.445357e+82	3.228683e+83
 833	1.117972e-01	5.813218e+129	1.298575e+131
 834	1.117972e-01	1.375456e+95	3.072535e+96
 835	1.117972e-01	1.053099e+98	2.352446e+99
 836	1.117972e-01	4.201984e+126	9.386522e+127
 837	1.117972e-01	9.870841e+139	2.204979e+141
 838	1.117972e-01	2.890700e+84	4.561448e+85
 839	1.117972e-01	3.989258e+55	8.907815e+56
 840	1.117972e-01	1.399190e+83	3.125553e+84
 841	1.117972e-01	1.505638e+87	3.363340e+88
 842	1.117972e-01	2.106252e+94	4.705010e+95
 843	1.117972e-01	3.090140e+83	6.902851e+84
 844	1.117972e-01	4.326086e+51	9.663745e+52
 845	1.117972e-01	5.131477e+63	1.146285e+65
 846	1.117972e-01	1.973239e+107	4.263574e+108
 847	1.117972e-01	1.580771e+112	3.531176e+113
 848	1.036333e-01	4.110952e+85	8.865539e+86
 849	1.036333e-01	2.834536e+114	6.331874e+115
 850	1.036333e-01	5.265606e+62	1.176247e+64
 851	1.036333e-01	1.462525e+81	2.809360e+82
 852	1.036333e-01	1.446488e+141	3.231209e+142
 853	1.036333e-01	1.445358e+84	3.228668e+85
 854	1.036333e-01	2.377899e+141	5.311825e+142
 855	1.036333e-01	5.206560e+81	1.163057e+83
 856	1.036333e-01	1.279299e+76	2.857737e+77
 857	1.036333e-01	1.981521e+97	4.426382e+98
 858	1.036333e-01	1.855362e+65	4.144478e+66
 859	1.036333e-01	9.234124e+87	2.062747e+89
 860	1.036333e-01	4.943976e+103	1.104400e+105
 861	1.036333e-01	7.956315e+121	1.777306e+123
 862	1.036333e-01	5.182558e+144	1.157696e+146
 863	1.036333e-01	6.922869e+104	1.546452e+106
 864	1.036333e-01	9.486053e+143	2.119024e+145
 865	1.036333e-01	3.366633e+126	7.520490e+127
 866	1.036333e-01	2.210854e+106	4.938673e+107
 867	1.036333e-01	5.021844e+81	1.121795e+83
 868	1.036333e-01	2.571872e+122	5.745127e+123
 869	1.036333e-01	1.445350e+84	3.228668e+85
 870	1.036333e-01	2.226536e+128	4.973705e+129
 871	1.036333e-01	8.915699e+56	1.963019e+58
 872	1.036333e-01	1.191696e+143	2.661874e+144
 873	1.036333e-01	4.626550e+140	1.033418e+142
 874	1.036333e-01	4.923068e+138	1.099730e+140
 875	1.036333e-01	7.603203e+85	1.698427e+87
 876	1.036333e-01	1.617653e+99	3.613563e+100
 877	1.036333e-01	3.650144e+137	8.153803e+138
 878	1.036333e-01	1.445350e+84	3.228668e+85
 879	1.036333e-01	1.564668e+60	3.495203e+61
 880	1.036333e-01	6.438838e+144	1.438327e+146
 881	1.036333e-01	2.348475e+112	5.246095e+113
 882	1.036333e-01	2.797026e+79	6.248084e+80
 883	1.036333e-01	4.618051e+120	1.031594e+122
 884	1.036333e-01	1.237962e+42	1.824967e+43
 885	1.036333e-01	1.526384e+105	3.409685e+106
 886	1.036333e-01	6.626914e+110	1.480340e+112
 887	1.036333e-01	1.045679e+59	2.335870e+60
 888	1.036333e-01	2.180831e+151	4.871608e+152
 889	1.036333e-01	6.405756e+102	1.430937e+104
 890	1.036333e-01	3.497033e+129	7.811780e+130
 891	1.036333e-01	1.299571e+95	2.903022e+96
 892	1.036333e-01	7.878762e+131	1.759982e+133
 893	1.036333e-01	1.474824e+95	3.294508e+96
 894	1.036333e-01	1.181599e+128	2.639493e+129
 895	1.036333e-01	1.056014e+128	2.358957e+129
 896	1.036333e-01	2.935573e+110	6.557573e+111
 897	1.036333e-01	1.230834e+84	2.536016e+85
 898	1.036333e-01	8.740533e+97	1.952487e+99
 899	1.036333e-01	2.844370e+129	6.353840e+130
 900	1.036333e-01	8.939309e+104	1.996890e+106
 901	1.036333e-01	8.350532e+44	1.856203e+46
 902	1.036333e-01	3.950460e+136	8.824659e+137
 903	1.036333e-01	2.939078e+111	6.565401e+112
 904	1.036333e-01	1.548809e+130	3.459777e+131
 905	1.036333e-01	3.653425e+102	8.160610e+103
 906	1.036333e-01	1.952061e+68	4.360520e+69
 907	1.036333e-01	9.898461e+69	2.211148e+71
 908	1.036333e-01	7.024758e+122	1.569212e+124
 909	1.036333e-01	6.696147e+118	1.495806e+120
 910	1.036333e-01	4.674188e+84	1.044119e+86
 911	1.036333e-01	5.431413e+131	1.213286e+133
 912	1.036333e-01	2.809487e+147	6.275919e+148
 913	1.036333e-01	8.740533e+103	1.952487e+105
 914	1.036333e-01	6.448265e+146	1.438952e+148
 915	1.036333e-01	6.642315e+136	1.483781e+138
 916	1.036333e-01	7.616905e+98	1.701488e+100
 917	1.036333e-01	4.122535e+110	9.209045e+111
 918	1.036333e-01	8.219215e+95	1.836034e+97
 919	1.036333e-01	2.995452e+134	6.691334e+135
 920	1.036333e-01	4.691652e+81	1.046762e+83
 921	1.036333e-01	1.445350e+84	3.228668e+85
 922	1.036333e-01	5.832156e+81	1.302805e+83
 923	1.036333e-01	5.739032e+107	1.282003e+109
 924	1.036333e-01	6.240292e+136	1.393976e+138
 925	1.036333e-01	6.751159e+97	1.508095e+99
 926	1.036333e-01	2.619817e+82	5.690189e+83
 927	1.036333e-01	1.830889e+84	3.339890e+85
 928	1.036333e-01	3.655266e+150	8.165246e+151
 929	1.036333e-01	9.709047e+82	1.701438e+84
 930	1.036333e-01	6.023106e+91	1.345460e+93
 931	1.036333e-01	4.743260e+107	1.059564e+109
 932	1.036333e-01	1.948970e+128	4.353670e+129
 933	1.036333e-01	5.739032e+105	1.282003e+107
 934	1.036333e-01	6.583346e+91	1.470608e+93
 935	1.036333e-01	6.281620e+150	1.403208e+152
 936	1.036333e-01	4.958692e+78	1.107688e+80
 937	1.036333e-01	1.174214e+55	2.622996e+56
 938	1.036333e-01	1.967023e+91	4.393996e+92
 939	1.036333e-01	8.984683e+108	2.006937e+110
 940	1.036333e-01	7.303685e+102	1.631520e+104
 941	1.036333e-01	2.391064e+138	5.341233e+139
 942	1.036333e-01	4.439478e+134	9.917042e+135
 943	1.036333e-01	4.370534e+149	9.763033e+150
 944	1.036333e-01	7.469149e+80	1.372086e+82
 945	1.036333e-01	4.684736e+66	1.046491e+68
 946	1.036333e-01	5.130576e+148	1.146084e+150
 947	1.036333e-01	4.568042e+62	1.020423e+64
 948	1.036333e-01	1.445350e+84	3.228668e+85
 949	1.036333e-01	5.698059e+122	1.272840e+124
 950	1.036333e-01	5.048735e+82	1.127802e+84
 951	1.036333e-01	2.032042e+86	4.539237e+87
 952	1.036333e-01	3.278402e+107	7.300702e+108
 953	1.036333e-01	1.265300e+65	2.826465e+66
 954	1.036333e-01	2.423225e+69	5.275357e+70
 955	1.036333e-01	2.890701e+84	6.457336e+85
 956	1.036333e-01	1.141169e+96	2.549177e+97
 957	1.036333e-01	1.940325e+92	4.334359e+93
 958	1.036333e-01	2.312294e+103	5.165273e+104
 959	1.036333e-01	5.062162e+107	9.845731e+108
 960	1.036333e-01	9.888420e+84	2.208810e+86
 961	1.036333e-01	5.475114e+149	1.223048e+151
 962	1.036333e-01	2.211834e+85	4.940863e+86
 963	1.036333e-01	3.154341e+150	7.046264e+151
 964	1.036333e-01	8.485251e+78	1.895462e+80
 965	1.036333e-01	5.418068e+129	1.210305e+131
 966	1.036333e-01	4.163466e+125	9.300478e+126
 967	1.036333e-01	4.333020e+121	9.679234e+122
 968	1.036333e-01	9.065300e+131	2.025035e+133
 969	1.036333e-01	2.345607e+94	5.239688e+95
 970	1.036333e-01	1.098317e+133	2.453453e+134
 971	1.036333e-01	6.847971e+136	1.529721e+138
 972	1.036333e-01	2.508568e+88	5.603113e+89
 973	1.036333e-01	3.442485e+70	7.689928e+71
 974	1.036333e-01	2.240143e+108	5.004101e+109
 975	1.036333e-01	3.214391e+88	7.162194e+89
 976	1.036333e-01	1.445350e+84	3.228668e+85
 977	1.036333e-01	1.349415e+107	3.014366e+108
 978	1.036333e-01	4.579755e+132	1.023039e+134
 979	1.036333e-01	2.222019e+142	4.963615e+143
 980	1.036333e-01	1.673947e+64	3.739313e+65
 981	1.036333e-01	5.322291e+126	1.188910e+128
 982	1.036333e-01	2.314942e+136	5.171189e+137
 983	1.036333e-01	6.820717e+114	1.523633e+116
 984	8.338912e-02	7.508587e+87	1.677286e+89
 985	8.338912e-02	6.139512e+106	1.371463e+108
 986	8.338912e-02	1.337639e+117	2.987556e+118
 987	8.338912e-02	1.220067e+135	2.725423e+136
 988	8.338912e-02	1.850505e+115	4.133714e+116
 989	8.338912e-02	8.615703e+140	1.924602e+142
 990	8.338912e-02	1.263761e+123	2.823028e+124
 991	8.338912e-02	7.410421e+102	1.655363e+104
 992	8.338912e-02	7.441391e+42	1.274726e+44
 993	8.338912e-02	4.182567e+93	9.343148e+94
 994	8.338912e-02	6.691118e+72	1.494682e+74
 995	8.338912e-02	4.301807e+82	9.602091e+83
 996	8.338912e-02	1.335773e+111	2.983892e+112
 997	8.338912e-02	2.190713e+110	4.893682e+111
 998	8.338912e-02	1.051140e+104	2.348070e+105
 999	8.338912e-02	3.826178e+55	8.547033e+56
1000	8.338912e-02	2.079891e+92	4.646125e+93
