   0	1.970026e+02	2.405150e+04	3.121054e+04
   1	1.970026e+02	1.597199e+04	2.766413e+04
   0	1.970026e+02	2.393710e+04	3.124194e+04
   1	1.970026e+02	9.053174e+03	2.193806e+04
   2	1.970026e+02	9.321955e+03	2.235659e+04
   3	1.970026e+02	7.703937e+03	2.053074e+04
   4	1.970026e+02	7.716657e+03	2.053024e+04
   5	1.970026e+02	8.870134e+03	2.192494e+04
   6	1.970026e+02	8.612407e+03	2.157273e+04
   7	1.970026e+02	7.925202e+03	2.075351e+04
   8	1.970026e+02	8.197214e+03	2.106597e+04
   9	1.970026e+02	7.573816e+03	2.033365e+04
  10	1.970026e+02	7.251808e+03	1.993390e+04
  11	1.923802e+02	7.343899e+03	1.994227e+04
  12	1.923802e+02	9.091001e+03	2.215570e+04
  13	1.923802e+02	8.049750e+03	2.096387e+04
  14	1.923802e+02	7.370915e+03	2.001672e+04
  15	1.923802e+02	7.167728e+03	1.981014e+04
  16	1.923802e+02	8.639023e+03	2.161351e+04
  17	1.923802e+02	8.240309e+03	2.118201e+04
  18	1.469390e+02	8.027324e+03	2.098932e+04
  19	1.469390e+02	7.032350e+03	1.971355e+04
  20	1.469390e+02	7.195584e+03	1.989552e+04
  21	1.469390e+02	7.888625e+03	2.069804e+04
  22	1.469390e+02	7.336137e+03	1.994942e+04
  23	1.469390e+02	7.235240e+03	1.983089e+04
  24	1.469390e+02	8.578922e+03	2.150151e+04
  25	1.469390e+02	7.848296e+03	2.061503e+04
  26	1.469390e+02	7.402245e+03	1.995711e+04
  27	1.469390e+02	7.962454e+03	2.082252e+04
  28	1.469390e+02	8.092390e+03	2.091315e+04
  29	1.469390e+02	7.694429e+03	2.024987e+04
  30	1.469390e+02	7.361148e+03	2.000956e+04
  31	1.469390e+02	7.752786e+03	2.055423e+04
  32	1.469390e+02	8.221448e+03	2.104621e+04
  33	1.458299e+02	8.110464e+03	2.081191e+04
  34	1.458299e+02	8.862753e+03	2.180551e+04
  35	1.458299e+02	7.429391e+03	2.003958e+04
  36	1.458299e+02	7.142982e+03	1.975833e+04
  37	1.458299e+02	8.434837e+03	2.116764e+04
  38	1.458299e+02	8.545864e+03	2.151769e+04
  39	1.458299e+02	8.603130e+03	2.152059e+04
  40	1.276999e+02	7.615049e+03	2.029753e+04
  41	1.276999e+02	7.609850e+03	2.026982e+04
  42	1.276999e+02	7.592011e+03	2.027666e+04
  43	8.699737e+01	7.993535e+03	2.080098e+04
  44	8.699737e+01	6.850912e+03	1.922443e+04
  45	8.699737e+01	6.897161e+03	1.935855e+04
  46	8.699737e+01	8.332047e+03	2.108576e+04
  47	8.699737e+01	8.337012e+03	2.121615e+04
  48	8.699737e+01	7.038253e+03	1.957772e+04
  49	8.699737e+01	7.309022e+03	1.992068e+04
  50	8.699737e+01	7.169245e+03	1.971166e+04
  51	8.699737e+01	7.464038e+03	2.013788e+04
  52	8.699737e+01	6.598799e+03	1.878499e+04
  53	8.699737e+01	6.784812e+03	1.918411e+04
  54	8.699737e+01	7.793488e+03	2.047541e+04
  55	8.699737e+01	7.515445e+03	2.018817e+04
  56	8.699737e+01	7.112204e+03	1.970260e+04
  57	8.699737e+01	7.475031e+03	2.008980e+04
  58	8.699737e+01	7.338118e+03	2.001772e+04
  59	8.699737e+01	8.255256e+03	2.107702e+04
  60	8.699737e+01	7.723608e+03	2.035939e+04
  61	8.699737e+01	6.560362e+03	1.895358e+04
  62	8.699737e+01	6.268027e+03	1.848769e+04
  63	8.699737e+01	7.153316e+03	1.974573e+04
  64	8.699737e+01	7.680928e+03	2.044246e+04
  65	8.699737e+01	7.534103e+03	2.029720e+04
  66	8.699737e+01	6.739362e+03	1.910976e+04
  67	8.699737e+01	7.357714e+03	1.986268e+04
  68	8.699737e+01	7.344653e+03	1.993071e+04
  69	8.699737e+01	6.961372e+03	1.961360e+04
  70	8.699737e+01	7.947847e+03	2.083672e+04
  71	7.373267e+01	7.082162e+03	1.973815e+04
  72	7.373267e+01	5.503150e+03	1.742788e+04
  73	7.373267e+01	7.218386e+03	1.990963e+04
  74	7.373267e+01	5.700249e+03	1.770858e+04
  75	7.373267e+01	5.970816e+03	1.797505e+04
  76	7.373267e+01	7.146787e+03	1.981086e+04
  77	7.373267e+01	7.074016e+03	1.951673e+04
  78	7.373267e+01	6.632608e+03	1.896748e+04
  79	7.373267e+01	7.106739e+03	1.970385e+04
  80	7.373267e+01	6.541764e+03	1.905448e+04
  81	7.373267e+01	6.767154e+03	1.922929e+04
  82	7.373267e+01	7.276193e+03	1.997513e+04
  83	7.373267e+01	6.504704e+03	1.885359e+04
  84	7.373267e+01	6.654115e+03	1.894979e+04
  85	7.373267e+01	7.217277e+03	1.995593e+04
  86	7.373267e+01	6.897569e+03	1.921780e+04
  87	5.561271e+01	6.788349e+03	1.932465e+04
  88	5.561271e+01	6.762262e+03	1.902578e+04
  89	5.561271e+01	7.425546e+03	2.011374e+04
  90	5.561271e+01	7.269545e+03	1.994181e+04
  91	5.561271e+01	6.213589e+03	1.847852e+04
  92	5.561271e+01	6.237489e+03	1.849404e+04
  93	5.561271e+01	6.897375e+03	1.941233e+04
  94	5.561271e+01	6.724039e+03	1.917903e+04
  95	5.561271e+01	6.551067e+03	1.907187e+04
  96	5.561271e+01	5.942886e+03	1.806400e+04
  97	5.561271e+01	6.598972e+03	1.898586e+04
  98	5.561271e+01	7.648655e+03	2.051304e+04
  99	5.561271e+01	6.368636e+03	1.866244e+04
 100	5.561271e+01	6.175954e+03	1.853102e+04
 101	5.561271e+01	5.914888e+03	1.808617e+04
 102	5.561271e+01	6.469506e+03	1.881797e+04
 103	5.561271e+01	6.485624e+03	1.897837e+04
 104	5.561271e+01	6.723638e+03	1.922904e+04
 105	5.561271e+01	7.132367e+03	1.986494e+04
 106	5.561271e+01	7.057961e+03	1.950231e+04
 107	5.561271e+01	7.045208e+03	1.958445e+04
 108	5.561271e+01	7.219965e+03	1.990746e+04
 109	5.561271e+01	6.563265e+03	1.903662e+04
 110	5.561271e+01	6.386832e+03	1.872440e+04
 111	5.561271e+01	7.002403e+03	1.958417e+04
 112	5.561271e+01	6.169634e+03	1.845485e+04
 113	5.561271e+01	5.332416e+03	1.715619e+04
 114	5.561271e+01	6.279822e+03	1.868496e+04
 115	5.561271e+01	6.380678e+03	1.873070e+04
 116	5.561271e+01	5.966481e+03	1.810783e+04
 117	5.561271e+01	5.672092e+03	1.764437e+04
 118	5.561271e+01	4.817002e+03	1.616781e+04
 119	5.561271e+01	6.990622e+03	1.953708e+04
 120	5.561271e+01	5.792033e+03	1.783659e+04
 121	5.561271e+01	5.959952e+03	1.819465e+04
 122	5.561271e+01	5.908011e+03	1.811051e+04
 123	5.561271e+01	5.820335e+03	1.784802e+04
 124	5.561271e+01	6.673184e+03	1.921674e+04
 125	5.561271e+01	6.125987e+03	1.826573e+04
 126	5.561271e+01	6.674832e+03	1.910775e+04
 127	5.561271e+01	6.141253e+03	1.843138e+04
 128	5.561271e+01	6.255795e+03	1.859022e+04
 129	5.561271e+01	7.299119e+03	2.007342e+04
 130	5.561271e+01	5.873367e+03	1.805175e+04
 131	5.561271e+01	6.584871e+03	1.897477e+04
 132	5.561271e+01	6.067086e+03	1.828853e+04
 133	5.561271e+01	6.354636e+03	1.867346e+04
 134	5.561271e+01	6.598384e+03	1.911913e+04
 135	5.561271e+01	6.971416e+03	1.967385e+04
 136	5.561271e+01	6.194703e+03	1.837879e+04
 137	5.561271e+01	5.862525e+03	1.794807e+04
 138	5.561271e+01	6.900173e+03	1.954636e+04
 139	5.561271e+01	5.508874e+03	1.749589e+04
 140	5.561271e+01	6.080535e+03	1.832895e+04
 141	5.561271e+01	6.187995e+03	1.847664e+04
 142	5.561271e+01	5.950446e+03	1.817326e+04
 143	5.561271e+01	5.474710e+03	1.739046e+04
 144	5.561271e+01	5.145274e+03	1.682962e+04
 145	5.561271e+01	6.063762e+03	1.824128e+04
 146	5.561271e+01	5.817891e+03	1.791642e+04
 147	5.561271e+01	5.892224e+03	1.811343e+04
 148	5.561271e+01	5.811195e+03	1.790132e+04
 149	5.561271e+01	6.005947e+03	1.820385e+04
 150	5.561271e+01	7.063850e+03	1.979444e+04
 151	5.561271e+01	6.368249e+03	1.879891e+04
 152	5.561271e+01	6.997272e+03	1.958490e+04
 153	5.561271e+01	5.109983e+03	1.675000e+04
 154	5.561271e+01	4.445688e+03	1.564534e+04
 155	5.561271e+01	6.490879e+03	1.890400e+04
 156	5.561271e+01	6.126740e+03	1.847341e+04
 157	5.561271e+01	5.594874e+03	1.746732e+04
 158	5.561271e+01	6.197500e+03	1.862207e+04
 159	5.561271e+01	5.544227e+03	1.755246e+04
 160	5.561271e+01	5.899256e+03	1.791195e+04
 161	5.561271e+01	6.237170e+03	1.859616e+04
 162	5.561271e+01	6.193989e+03	1.851502e+04
 163	5.561271e+01	6.454338e+03	1.888236e+04
 164	5.561271e+01	6.036492e+03	1.825112e+04
 165	5.561271e+01	5.467144e+03	1.728395e+04
 166	5.561271e+01	5.881580e+03	1.804348e+04
 167	5.561271e+01	5.870388e+03	1.794782e+04
 168	5.561271e+01	5.209061e+03	1.691931e+04
 169	5.561271e+01	5.766148e+03	1.785852e+04
 170	5.561271e+01	6.197526e+03	1.843052e+04
 171	5.561271e+01	6.592868e+03	1.907480e+04
 172	5.561271e+01	5.212349e+03	1.700289e+04
 173	5.561271e+01	6.112809e+03	1.837089e+04
 174	5.561271e+01	5.821131e+03	1.796426e+04
 175	5.561271e+01	6.003717e+03	1.816237e+04
 176	5.561271e+01	6.855868e+03	1.936739e+04
 177	5.561271e+01	6.172216e+03	1.847196e+04
 178	5.561271e+01	5.487686e+03	1.752398e+04
 179	5.561271e+01	5.809909e+03	1.784200e+04
 180	5.561271e+01	6.229043e+03	1.836484e+04
 181	5.561271e+01	6.220671e+03	1.856325e+04
 182	5.561271e+01	6.407984e+03	1.882663e+04
 183	5.561271e+01	6.140922e+03	1.836938e+04
 184	5.561271e+01	6.660479e+03	1.916569e+04
 185	5.561271e+01	5.275603e+03	1.714838e+04
 186	5.561271e+01	5.771759e+03	1.767852e+04
 187	5.561271e+01	6.396447e+03	1.877757e+04
 188	5.561271e+01	6.570267e+03	1.910737e+04
 189	5.561271e+01	4.889031e+03	1.636148e+04
 190	5.561271e+01	4.945600e+03	1.646662e+04
 191	5.561271e+01	6.710370e+03	1.924279e+04
 192	5.561271e+01	5.341534e+03	1.722521e+04
 193	5.561271e+01	5.975755e+03	1.810341e+04
 194	5.561271e+01	5.605195e+03	1.763147e+04
 195	5.561271e+01	4.691142e+03	1.622739e+04
 196	5.561271e+01	5.179086e+03	1.700878e+04
 197	5.561271e+01	6.171726e+03	1.841475e+04
 198	5.561271e+01	5.454533e+03	1.745293e+04
 199	5.561271e+01	4.944463e+03	1.659202e+04
 200	5.561271e+01	5.947683e+03	1.832575e+04
 201	5.561271e+01	5.918101e+03	1.810785e+04
 202	5.561271e+01	5.133415e+03	1.682031e+04
 203	5.561271e+01	5.029486e+03	1.662076e+04
 204	5.561271e+01	5.796428e+03	1.801843e+04
 205	5.561271e+01	6.187103e+03	1.853407e+04
 206	5.561271e+01	5.299830e+03	1.715071e+04
 207	5.561271e+01	6.518590e+03	1.902476e+04
 208	5.561271e+01	5.899722e+03	1.801918e+04
 209	5.561271e+01	5.393260e+03	1.727846e+04
 210	5.561271e+01	5.594966e+03	1.762302e+04
 211	5.561271e+01	6.857311e+03	1.955070e+04
 212	5.561271e+01	4.323769e+03	1.534644e+04
 213	5.561271e+01	6.406944e+03	1.867862e+04
 214	5.561271e+01	5.443200e+03	1.733185e+04
 215	5.561271e+01	5.804299e+03	1.797186e+04
 216	5.561271e+01	6.074526e+03	1.825703e+04
 217	5.561271e+01	6.513454e+03	1.898875e+04
 218	5.561271e+01	6.094506e+03	1.838134e+04
 219	5.561271e+01	5.462329e+03	1.743430e+04
 220	5.561271e+01	5.016430e+03	1.672757e+04
 221	5.561271e+01	5.994318e+03	1.815562e+04
 222	5.561271e+01	5.045485e+03	1.656409e+04
 223	5.561271e+01	5.423600e+03	1.729518e+04
 224	5.561271e+01	5.326948e+03	1.728251e+04
 225	5.561271e+01	5.796864e+03	1.788387e+04
 226	5.561271e+01	5.197410e+03	1.681009e+04
 227	5.561271e+01	6.614010e+03	1.900353e+04
 228	5.561271e+01	6.534885e+03	1.896929e+04
 229	5.561271e+01	6.474736e+03	1.891080e+04
 230	5.561271e+01	5.217407e+03	1.694704e+04
 231	5.561271e+01	6.472553e+03	1.892592e+04
 232	5.561271e+01	6.306965e+03	1.865390e+04
 233	5.561271e+01	6.132698e+03	1.838947e+04
 234	5.561271e+01	5.429118e+03	1.739557e+04
 235	5.561271e+01	5.056793e+03	1.670760e+04
 236	5.561271e+01	5.602810e+03	1.755972e+04
 237	5.561271e+01	6.051759e+03	1.831582e+04
 238	5.561271e+01	5.666536e+03	1.770971e+04
 239	5.561271e+01	5.783571e+03	1.796702e+04
 240	5.561271e+01	6.875654e+03	1.958737e+04
 241	5.561271e+01	6.416739e+03	1.886860e+04
 242	5.561271e+01	5.568292e+03	1.768911e+04
 243	5.561271e+01	5.776154e+03	1.795826e+04
 244	5.561271e+01	5.999630e+03	1.841231e+04
 245	5.561271e+01	6.206871e+03	1.854105e+04
 246	5.561271e+01	6.183423e+03	1.860399e+04
 247	5.561271e+01	4.815196e+03	1.635537e+04
 248	5.561271e+01	5.500542e+03	1.759448e+04
 249	5.561271e+01	5.789011e+03	1.790630e+04
 250	5.561271e+01	7.310842e+03	2.022412e+04
 251	5.561271e+01	6.475585e+03	1.891276e+04
 252	5.561271e+01	5.536711e+03	1.757597e+04
 253	5.561271e+01	6.408314e+03	1.870357e+04
 254	5.561271e+01	5.379692e+03	1.726603e+04
 255	5.561271e+01	5.885823e+03	1.811355e+04
 256	5.561271e+01	6.118727e+03	1.855540e+04
 257	5.561271e+01	5.802844e+03	1.772236e+04
 258	5.561271e+01	4.925954e+03	1.636543e+04
 259	5.561271e+01	6.712973e+03	1.920116e+04
 260	5.561271e+01	4.909536e+03	1.634533e+04
 261	5.561271e+01	7.061681e+03	1.975048e+04
 262	5.561271e+01	5.529878e+03	1.758074e+04
 263	5.561271e+01	5.645085e+03	1.763075e+04
 264	5.561271e+01	6.561944e+03	1.914319e+04
 265	5.561271e+01	5.113116e+03	1.682574e+04
 266	5.561271e+01	5.337613e+03	1.728598e+04
 267	5.561271e+01	5.782298e+03	1.799137e+04
 268	5.561271e+01	5.667944e+03	1.769445e+04
 269	5.561271e+01	5.286949e+03	1.703180e+04
 270	5.561271e+01	6.145686e+03	1.854838e+04
 271	5.561271e+01	6.491361e+03	1.888392e+04
 272	5.561271e+01	6.382056e+03	1.869058e+04
 273	5.561271e+01	5.136117e+03	1.673664e+04
 274	5.561271e+01	6.768366e+03	1.922902e+04
 275	5.561271e+01	5.399611e+03	1.724474e+04
 276	5.561271e+01	6.411791e+03	1.874843e+04
 277	5.561271e+01	6.070534e+03	1.827935e+04
 278	5.561271e+01	6.993861e+03	1.953923e+04
 279	5.561271e+01	5.488410e+03	1.733518e+04
 280	5.561271e+01	6.309774e+03	1.867562e+04
 281	5.561271e+01	6.574966e+03	1.905573e+04
 282	5.561271e+01	4.715330e+03	1.622782e+04
 283	5.561271e+01	5.933175e+03	1.804700e+04
 284	5.561271e+01	6.394944e+03	1.891983e+04
 285	5.561271e+01	5.253554e+03	1.708133e+04
 286	5.561271e+01	5.855754e+03	1.812856e+04
 287	5.561271e+01	6.574370e+03	1.915866e+04
 288	5.561271e+01	5.202325e+03	1.712318e+04
 289	5.561271e+01	5.471830e+03	1.742629e+04
 290	5.561271e+01	6.309832e+03	1.860763e+04
 291	5.561271e+01	5.855562e+03	1.794813e+04
 292	5.561271e+01	5.367554e+03	1.728185e+04
 293	5.561271e+01	5.704756e+03	1.797872e+04
 294	5.561271e+01	5.334671e+03	1.713898e+04
 295	5.561271e+01	4.983354e+03	1.656335e+04
 296	5.561271e+01	5.583475e+03	1.764331e+04
 297	5.561271e+01	5.606095e+03	1.774067e+04
 298	5.561271e+01	6.028146e+03	1.836911e+04
 299	5.561271e+01	5.921210e+03	1.818776e+04
 300	5.561271e+01	5.603220e+03	1.770211e+04
 301	5.561271e+01	5.440637e+03	1.733993e+04
 302	5.561271e+01	6.190716e+03	1.854214e+04
 303	5.561271e+01	5.640510e+03	1.767126e+04
 304	5.561271e+01	4.839286e+03	1.630693e+04
 305	5.561271e+01	5.307351e+03	1.709891e+04
 306	5.561271e+01	5.567018e+03	1.765890e+04
 307	5.561271e+01	5.540354e+03	1.751170e+04
 308	5.561271e+01	5.628725e+03	1.763833e+04
 309	5.561271e+01	6.029628e+03	1.826758e+04
 310	5.561271e+01	5.928957e+03	1.806838e+04
 311	5.561271e+01	6.033586e+03	1.831241e+04
 312	5.561271e+01	5.611791e+03	1.774553e+04
 313	5.561271e+01	5.172359e+03	1.691685e+04
 314	5.561271e+01	4.959163e+03	1.660641e+04
 315	5.561271e+01	6.254351e+03	1.868264e+04
 316	5.561271e+01	5.243455e+03	1.709356e+04
 317	5.561271e+01	5.125950e+03	1.701901e+04
 318	5.561271e+01	5.315771e+03	1.726511e+04
 319	5.561271e+01	5.931548e+03	1.824736e+04
 320	5.561271e+01	5.544864e+03	1.766250e+04
 321	5.561271e+01	5.523579e+03	1.746670e+04
 322	5.561271e+01	5.511121e+03	1.749314e+04
 323	5.561271e+01	5.955197e+03	1.821315e+04
 324	5.561271e+01	5.604125e+03	1.766255e+04
 325	5.561271e+01	6.118199e+03	1.823463e+04
 326	5.561271e+01	5.480475e+03	1.743606e+04
 327	5.561271e+01	5.178844e+03	1.687649e+04
 328	5.561271e+01	5.674324e+03	1.771083e+04
 329	5.561271e+01	6.303695e+03	1.871033e+04
 330	5.561271e+01	5.114788e+03	1.697031e+04
 331	5.561271e+01	6.695269e+03	1.930582e+04
 332	5.561271e+01	5.947055e+03	1.824136e+04
 333	5.561271e+01	6.569389e+03	1.902760e+04
 334	5.561271e+01	5.751866e+03	1.794128e+04
 335	5.561271e+01	5.436790e+03	1.732351e+04
 336	5.561271e+01	5.644649e+03	1.775313e+04
 337	5.561271e+01	5.143042e+03	1.678708e+04
 338	5.561271e+01	5.451467e+03	1.735594e+04
 339	5.561271e+01	5.406277e+03	1.750427e+04
 340	5.561271e+01	6.823649e+03	1.961356e+04
 341	5.561271e+01	5.897227e+03	1.805097e+04
 342	5.561271e+01	5.797015e+03	1.801227e+04
 343	5.561271e+01	6.569729e+03	1.912664e+04
 344	5.561271e+01	6.114765e+03	1.838762e+04
 345	5.561271e+01	5.736993e+03	1.783257e+04
 346	5.561271e+01	5.554553e+03	1.764801e+04
 347	5.561271e+01	5.333778e+03	1.731544e+04
 348	5.561271e+01	5.479901e+03	1.744166e+04
 349	5.561271e+01	6.470410e+03	1.891871e+04
 350	5.561271e+01	7.117562e+03	1.994666e+04
 351	5.561271e+01	6.239184e+03	1.853180e+04
 352	5.561271e+01	6.258079e+03	1.866106e+04
 353	5.561271e+01	7.272717e+03	2.006507e+04
 354	5.561271e+01	5.844153e+03	1.804765e+04
 355	5.561271e+01	5.066143e+03	1.690026e+04
 356	5.561271e+01	6.527934e+03	1.901765e+04
 357	5.561271e+01	5.756986e+03	1.775885e+04
 358	5.561271e+01	5.306276e+03	1.717966e+04
 359	5.561271e+01	4.664262e+03	1.603396e+04
 360	5.561271e+01	5.758467e+03	1.786790e+04
 361	5.561271e+01	5.075233e+03	1.670076e+04
 362	5.561271e+01	5.969894e+03	1.828256e+04
 363	5.561271e+01	4.986828e+03	1.668425e+04
 364	5.561271e+01	5.725413e+03	1.791150e+04
 365	5.561271e+01	6.792354e+03	1.941901e+04
 366	5.561271e+01	5.817376e+03	1.806773e+04
 367	5.561271e+01	5.404189e+03	1.743559e+04
 368	5.561271e+01	5.937950e+03	1.806083e+04
 369	5.561271e+01	6.156701e+03	1.865500e+04
 370	5.561271e+01	6.472371e+03	1.897253e+04
 371	5.561271e+01	6.337992e+03	1.869640e+04
 372	5.561271e+01	6.197006e+03	1.850328e+04
 373	5.561271e+01	5.611902e+03	1.763653e+04
 374	5.561271e+01	6.298742e+03	1.866005e+04
 375	5.561271e+01	5.563773e+03	1.749864e+04
 376	5.561271e+01	5.185908e+03	1.702312e+04
 377	5.561271e+01	6.251460e+03	1.873948e+04
 378	5.561271e+01	5.786076e+03	1.801552e+04
 379	5.561271e+01	5.786367e+03	1.784547e+04
 380	5.561271e+01	6.824021e+03	1.942202e+04
 381	5.561271e+01	5.491501e+03	1.748285e+04
 382	5.561271e+01	5.111454e+03	1.693994e+04
 383	5.561271e+01	6.444365e+03	1.891088e+04
 384	5.561271e+01	6.303818e+03	1.871437e+04
 385	5.561271e+01	5.280663e+03	1.710965e+04
 386	5.561271e+01	5.081914e+03	1.675811e+04
 387	5.561271e+01	5.898646e+03	1.817604e+04
 388	5.561271e+01	4.733899e+03	1.630277e+04
 389	5.561271e+01	5.213243e+03	1.711152e+04
 390	5.561271e+01	6.839396e+03	1.953276e+04
 391	5.561271e+01	5.809838e+03	1.788469e+04
 392	5.561271e+01	6.098859e+03	1.815133e+04
 393	5.561271e+01	6.596888e+03	1.910296e+04
 394	5.561271e+01	5.096326e+03	1.685682e+04
 395	5.561271e+01	5.797889e+03	1.805518e+04
 396	5.561271e+01	5.807668e+03	1.797625e+04
 397	5.561271e+01	5.715216e+03	1.782962e+04
 398	5.561271e+01	5.847867e+03	1.811850e+04
 399	5.561271e+01	5.922380e+03	1.816273e+04
 400	5.561271e+01	5.460551e+03	1.735324e+04
 401	5.561271e+01	5.843942e+03	1.808424e+04
 402	5.561271e+01	5.787200e+03	1.783199e+04
 403	5.561271e+01	5.517253e+03	1.749948e+04
 404	5.561271e+01	6.011283e+03	1.835899e+04
 405	5.561271e+01	5.915961e+03	1.813233e+04
 406	5.561271e+01	4.601066e+03	1.590685e+04
 407	5.561271e+01	5.347949e+03	1.716563e+04
 408	5.561271e+01	6.247391e+03	1.870192e+04
 409	5.561271e+01	6.824994e+03	1.939103e+04
 410	5.561271e+01	5.142046e+03	1.687317e+04
 411	5.561271e+01	5.972161e+03	1.815118e+04
 412	5.561271e+01	5.167105e+03	1.700983e+04
 413	5.561271e+01	5.203538e+03	1.694397e+04
 414	5.561271e+01	6.791047e+03	1.939910e+04
 415	5.561271e+01	5.945529e+03	1.819379e+04
 416	5.561271e+01	5.969392e+03	1.808583e+04
 417	5.561271e+01	5.111141e+03	1.688560e+04
 418	5.561271e+01	5.834827e+03	1.812426e+04
 419	5.561271e+01	6.150657e+03	1.863454e+04
 420	5.561271e+01	4.656579e+03	1.620311e+04
 421	5.561271e+01	5.930009e+03	1.825143e+04
 422	5.561271e+01	6.116812e+03	1.847513e+04
 423	5.561271e+01	5.318382e+03	1.715068e+04
 424	5.561271e+01	5.690412e+03	1.782122e+04
 425	5.561271e+01	6.227162e+03	1.855481e+04
 426	5.561271e+01	5.504629e+03	1.750234e+04
 427	5.561271e+01	6.301928e+03	1.861207e+04
 428	5.561271e+01	4.773762e+03	1.633612e+04
 429	5.561271e+01	5.387968e+03	1.732840e+04
 430	5.561271e+01	5.497043e+03	1.753840e+04
 431	5.561271e+01	4.598508e+03	1.584999e+04
 432	5.561271e+01	6.042431e+03	1.842904e+04
 433	5.561271e+01	5.290105e+03	1.714550e+04
 434	5.561271e+01	5.658261e+03	1.775020e+04
 435	5.561271e+01	6.292421e+03	1.869128e+04
 436	5.561271e+01	6.260641e+03	1.877433e+04
 437	5.561271e+01	5.840854e+03	1.806280e+04
 438	5.561271e+01	5.718079e+03	1.783866e+04
 439	5.561271e+01	4.889548e+03	1.658278e+04
 440	5.561271e+01	4.382427e+03	1.557942e+04
 441	5.561271e+01	5.187025e+03	1.683904e+04
 442	5.561271e+01	5.400241e+03	1.743335e+04
 443	5.561271e+01	5.673159e+03	1.777232e+04
 444	5.561271e+01	5.981364e+03	1.831031e+04
 445	5.561271e+01	5.177550e+03	1.711085e+04
 446	5.561271e+01	5.430490e+03	1.728432e+04
 447	5.561271e+01	5.604725e+03	1.772552e+04
 448	5.561271e+01	5.124530e+03	1.685436e+04
 449	5.561271e+01	4.617890e+03	1.616924e+04
 450	5.561271e+01	5.407178e+03	1.731081e+04
 451	5.561271e+01	5.361075e+03	1.730449e+04
 452	5.561271e+01	4.959968e+03	1.658311e+04
 453	5.561271e+01	6.739276e+03	1.925575e+04
 454	5.561271e+01	5.591440e+03	1.768034e+04
 455	5.561271e+01	5.330750e+03	1.732268e+04
 456	5.561271e+01	6.125718e+03	1.852219e+04
 457	5.561271e+01	6.025615e+03	1.803830e+04
 458	5.561271e+01	5.618484e+03	1.764008e+04
 459	5.561271e+01	5.503908e+03	1.744333e+04
 460	5.561271e+01	4.875427e+03	1.658145e+04
 461	5.561271e+01	6.334884e+03	1.876065e+04
 462	5.561271e+01	5.522443e+03	1.755464e+04
 463	5.561271e+01	7.137333e+03	1.995412e+04
 464	5.561271e+01	5.252109e+03	1.703896e+04
 465	5.561271e+01	7.286842e+03	2.011786e+04
 466	5.561271e+01	5.312461e+03	1.720294e+04
 467	5.561271e+01	5.498615e+03	1.761422e+04
 468	5.561271e+01	6.008792e+03	1.843151e+04
 469	5.561271e+01	5.179784e+03	1.700626e+04
 470	5.561271e+01	5.693283e+03	1.784396e+04
 471	5.561271e+01	5.601100e+03	1.763276e+04
 472	5.561271e+01	5.230750e+03	1.707012e+04
 473	5.561271e+01	6.110787e+03	1.841319e+04
 474	5.561271e+01	5.161168e+03	1.707743e+04
 475	5.561271e+01	5.877348e+03	1.812293e+04
 476	5.561271e+01	5.674837e+03	1.787182e+04
 477	5.561271e+01	5.631434e+03	1.773215e+04
 478	5.561271e+01	5.591119e+03	1.769409e+04
 479	5.561271e+01	4.974407e+03	1.660942e+04
 480	5.561271e+01	5.667256e+03	1.786277e+04
 481	5.561271e+01	6.262628e+03	1.864747e+04
 482	5.561271e+01	6.111591e+03	1.859073e+04
 483	5.561271e+01	5.310438e+03	1.739456e+04
 484	5.561271e+01	5.429573e+03	1.739891e+04
 485	5.561271e+01	5.375845e+03	1.730715e+04
 486	5.561271e+01	4.306747e+03	1.544421e+04
 487	5.561271e+01	4.693221e+03	1.618336e+04
 488	5.561271e+01	5.872638e+03	1.812085e+04
 489	5.561271e+01	5.549276e+03	1.759303e+04
 490	5.561271e+01	5.667063e+03	1.781068e+04
 491	5.561271e+01	5.081407e+03	1.694876e+04
 492	5.561271e+01	5.492496e+03	1.738911e+04
 493	5.561271e+01	5.771068e+03	1.788568e+04
 494	5.561271e+01	5.541551e+03	1.748047e+04
 495	5.561271e+01	4.869610e+03	1.647850e+04
 496	5.561271e+01	6.340781e+03	1.875837e+04
 497	5.561271e+01	5.721182e+03	1.782179e+04
 498	5.561271e+01	6.377579e+03	1.888647e+04
 499	5.561271e+01	5.161754e+03	1.712382e+04
 500	5.561271e+01	5.216300e+03	1.717881e+04
 501	5.561271e+01	5.689221e+03	1.786019e+04
 502	5.561271e+01	5.207952e+03	1.701784e+04
 503	5.561271e+01	6.370524e+03	1.880823e+04
 504	5.561271e+01	6.710967e+03	1.935311e+04
 505	5.561271e+01	6.288575e+03	1.866351e+04
 506	5.561271e+01	6.505627e+03	1.889953e+04
 507	5.561271e+01	6.039930e+03	1.835967e+04
 508	5.561271e+01	4.771038e+03	1.630557e+04
 509	5.561271e+01	4.830142e+03	1.638615e+04
 510	5.561271e+01	5.896378e+03	1.812680e+04
 511	5.561271e+01	5.639147e+03	1.773868e+04
 512	5.561271e+01	5.569971e+03	1.741974e+04
 513	5.561271e+01	5.888704e+03	1.803573e+04
 514	5.561271e+01	6.211441e+03	1.860182e+04
 515	5.561271e+01	4.998755e+03	1.681148e+04
 516	5.561271e+01	5.748364e+03	1.790838e+04
 517	5.561271e+01	5.949462e+03	1.827373e+04
 518	5.561271e+01	5.201053e+03	1.704641e+04
 519	5.561271e+01	5.993025e+03	1.829491e+04
 520	5.561271e+01	5.877015e+03	1.796043e+04
 521	5.561271e+01	5.573281e+03	1.772431e+04
 522	5.561271e+01	5.542019e+03	1.767593e+04
 523	5.561271e+01	5.139139e+03	1.691448e+04
 524	5.561271e+01	5.956005e+03	1.828081e+04
 525	5.561271e+01	6.950257e+03	1.964220e+04
 526	5.561271e+01	5.897918e+03	1.810955e+04
 527	5.561271e+01	5.494599e+03	1.756049e+04
 528	5.561271e+01	4.676945e+03	1.613003e+04
 529	5.561271e+01	6.776891e+03	1.945568e+04
 530	5.561271e+01	6.169865e+03	1.858764e+04
 531	5.561271e+01	5.208551e+03	1.694033e+04
 532	5.561271e+01	4.920143e+03	1.664060e+04
 533	5.561271e+01	5.237215e+03	1.715712e+04
 534	5.561271e+01	5.353974e+03	1.737926e+04
 535	5.561271e+01	5.418096e+03	1.737471e+04
 536	5.561271e+01	4.594373e+03	1.598382e+04
 537	5.561271e+01	5.301608e+03	1.719879e+04
 538	5.561271e+01	5.524796e+03	1.760987e+04
 539	5.561271e+01	7.223443e+03	1.998417e+04
 540	5.561271e+01	5.302360e+03	1.722399e+04
 541	5.561271e+01	5.738024e+03	1.781536e+04
 542	5.561271e+01	5.730593e+03	1.791463e+04
 543	5.561271e+01	6.052468e+03	1.831703e+04
 544	5.561271e+01	6.157844e+03	1.852807e+04
 545	5.561271e+01	5.240778e+03	1.711126e+04
 546	5.561271e+01	6.352663e+03	1.874070e+04
 547	5.561271e+01	5.320351e+03	1.718101e+04
 548	5.561271e+01	5.937159e+03	1.819309e+04
 549	5.561271e+01	5.550465e+03	1.761433e+04
 550	5.561271e+01	5.185289e+03	1.698154e+04
 551	5.561271e+01	5.099825e+03	1.687987e+04
 552	5.561271e+01	5.938997e+03	1.823065e+04
 553	5.561271e+01	5.010181e+03	1.678008e+04
 554	5.561271e+01	6.334293e+03	1.862964e+04
 555	5.561271e+01	5.919236e+03	1.808376e+04
 556	5.561271e+01	5.366538e+03	1.729661e+04
 557	5.561271e+01	6.937744e+03	1.968624e+04
 558	5.561271e+01	6.580390e+03	1.907610e+04
 559	5.561271e+01	4.964238e+03	1.673178e+04
 560	5.561271e+01	5.670584e+03	1.769175e+04
 561	5.561271e+01	5.774080e+03	1.801336e+04
 562	5.561271e+01	6.201721e+03	1.860177e+04
 563	5.561271e+01	6.065578e+03	1.843138e+04
 564	5.561271e+01	5.689840e+03	1.772710e+04
 565	5.561271e+01	5.775391e+03	1.786289e+04
 566	5.561271e+01	5.280696e+03	1.725649e+04
 567	5.561271e+01	6.183849e+03	1.844639e+04
 568	5.322153e+01	5.923322e+03	1.822621e+04
 569	5.322153e+01	5.683465e+03	1.785160e+04
 570	5.322153e+01	5.479598e+03	1.747004e+04
 571	5.322153e+01	4.691994e+03	1.615043e+04
 572	5.322153e+01	5.243295e+03	1.711567e+04
 573	5.322153e+01	5.370922e+03	1.739383e+04
 574	5.322153e+01	6.021980e+03	1.833513e+04
 575	5.322153e+01	5.259130e+03	1.716322e+04
 576	5.322153e+01	6.299405e+03	1.876044e+04
 577	5.322153e+01	6.327912e+03	1.886604e+04
 578	5.322153e+01	6.696071e+03	1.933665e+04
 579	5.322153e+01	6.449852e+03	1.899713e+04
 580	5.322153e+01	5.845358e+03	1.814930e+04
 581	5.322153e+01	7.232817e+03	1.998726e+04
 582	5.322153e+01	6.262271e+03	1.856996e+04
 583	5.322153e+01	6.069026e+03	1.835281e+04
 584	5.322153e+01	5.792727e+03	1.799615e+04
 585	5.322153e+01	5.629296e+03	1.783940e+04
 586	5.322153e+01	5.535825e+03	1.751980e+04
 587	5.322153e+01	4.934377e+03	1.656335e+04
 588	5.322153e+01	5.506526e+03	1.770961e+04
 589	5.322153e+01	6.210166e+03	1.859156e+04
 590	5.322153e+01	5.908069e+03	1.815865e+04
 591	5.322153e+01	4.864107e+03	1.640446e+04
 592	5.322153e+01	6.306279e+03	1.875844e+04
 593	5.322153e+01	6.423352e+03	1.887350e+04
 594	5.322153e+01	5.362695e+03	1.732845e+04
 595	5.322153e+01	6.635566e+03	1.921978e+04
 596	5.322153e+01	5.349235e+03	1.726209e+04
 597	5.322153e+01	4.871878e+03	1.648707e+04
 598	5.322153e+01	6.011972e+03	1.831194e+04
 599	5.322153e+01	5.562005e+03	1.758254e+04
 600	5.322153e+01	5.862137e+03	1.815424e+04
 601	5.322153e+01	4.833136e+03	1.638723e+04
 602	5.322153e+01	5.713958e+03	1.792599e+04
 603	5.322153e+01	4.993304e+03	1.664906e+04
 604	5.322153e+01	6.175841e+03	1.858343e+04
 605	5.322153e+01	5.194342e+03	1.703180e+04
 606	5.322153e+01	5.255566e+03	1.711077e+04
 607	5.322153e+01	5.422505e+03	1.747861e+04
 608	5.322153e+01	6.127471e+03	1.856980e+04
 609	5.322153e+01	5.065832e+03	1.685024e+04
 610	5.322153e+01	6.357625e+03	1.884145e+04
 611	5.322153e+01	5.728834e+03	1.783817e+04
 612	5.322153e+01	5.886695e+03	1.819956e+04
 613	5.322153e+01	5.073607e+03	1.690364e+04
 614	5.322153e+01	5.724208e+03	1.775211e+04
 615	5.322153e+01	5.018746e+03	1.685384e+04
 616	5.322153e+01	6.192069e+03	1.868431e+04
 617	5.322153e+01	6.080747e+03	1.839914e+04
 618	5.322153e+01	5.814888e+03	1.793444e+04
 619	5.322153e+01	5.822111e+03	1.791565e+04
 620	5.322153e+01	5.997263e+03	1.823314e+04
 621	5.322153e+01	5.759571e+03	1.782441e+04
 622	5.322153e+01	6.398031e+03	1.884201e+04
 623	5.322153e+01	5.005612e+03	1.668673e+04
 624	5.322153e+01	5.817106e+03	1.791509e+04
 625	5.322153e+01	5.329065e+03	1.714644e+04
 626	5.322153e+01	6.678503e+03	1.919552e+04
 627	5.322153e+01	5.657801e+03	1.772181e+04
 628	5.322153e+01	6.048021e+03	1.846524e+04
 629	5.322153e+01	5.900014e+03	1.822967e+04
 630	5.322153e+01	6.504616e+03	1.898686e+04
 631	5.322153e+01	5.028834e+03	1.683713e+04
 632	5.322153e+01	7.409613e+03	2.019760e+04
 633	5.322153e+01	6.056028e+03	1.827412e+04
 634	5.322153e+01	6.619771e+03	1.919896e+04
 635	5.322153e+01	5.398135e+03	1.731985e+04
 636	5.322153e+01	5.467695e+03	1.740405e+04
 637	5.322153e+01	5.626616e+03	1.784249e+04
 638	5.322153e+01	6.021307e+03	1.827155e+04
 639	5.322153e+01	5.937314e+03	1.824090e+04
 640	5.322153e+01	5.012735e+03	1.676175e+04
 641	5.322153e+01	5.892129e+03	1.813533e+04
 642	5.322153e+01	5.070781e+03	1.688824e+04
 643	5.322153e+01	6.747767e+03	1.942941e+04
 644	5.322153e+01	5.126022e+03	1.679797e+04
 645	5.322153e+01	5.104646e+03	1.697135e+04
 646	5.322153e+01	5.938325e+03	1.821652e+04
 647	5.322153e+01	5.680374e+03	1.777702e+04
 648	5.322153e+01	5.921141e+03	1.833521e+04
 649	5.322153e+01	5.459478e+03	1.747550e+04
 650	5.322153e+01	7.093505e+03	1.988894e+04
 651	5.322153e+01	5.117681e+03	1.680607e+04
 652	5.322153e+01	4.648265e+03	1.613802e+04
 653	5.322153e+01	5.498863e+03	1.763347e+04
 654	5.322153e+01	5.735008e+03	1.784315e+04
 655	5.322153e+01	5.294329e+03	1.712021e+04
 656	5.322153e+01	5.692193e+03	1.780204e+04
 657	5.322153e+01	6.033423e+03	1.828521e+04
 658	5.322153e+01	6.383708e+03	1.874646e+04
 659	5.322153e+01	5.679926e+03	1.793014e+04
 660	5.322153e+01	5.057545e+03	1.684901e+04
 661	5.322153e+01	5.662905e+03	1.768188e+04
 662	5.322153e+01	6.520045e+03	1.905054e+04
 663	5.322153e+01	6.782652e+03	1.949844e+04
 664	5.322153e+01	5.916226e+03	1.811936e+04
 665	5.322153e+01	6.470889e+03	1.901448e+04
 666	5.322153e+01	5.592366e+03	1.762899e+04
 667	5.322153e+01	6.090791e+03	1.845094e+04
 668	5.322153e+01	6.052228e+03	1.844126e+04
 669	5.322153e+01	5.584244e+03	1.766180e+04
 670	5.322153e+01	6.128517e+03	1.861537e+04
 671	5.322153e+01	6.363751e+03	1.885672e+04
 672	5.322153e+01	6.420046e+03	1.901102e+04
 673	5.322153e+01	6.027972e+03	1.830258e+04
 674	5.322153e+01	6.291404e+03	1.881942e+04
 675	5.322153e+01	5.562916e+03	1.749148e+04
 676	5.322153e+01	5.923788e+03	1.800265e+04
 677	5.322153e+01	6.224336e+03	1.865306e+04
 678	5.322153e+01	5.661944e+03	1.769947e+04
 679	5.322153e+01	5.814994e+03	1.808685e+04
 680	5.322153e+01	5.926807e+03	1.815203e+04
 681	5.322153e+01	6.174084e+03	1.851909e+04
 682	5.322153e+01	5.445776e+03	1.750417e+04
 683	5.322153e+01	6.218036e+03	1.869806e+04
 684	5.322153e+01	5.480411e+03	1.732709e+04
 685	5.322153e+01	5.323922e+03	1.725983e+04
 686	5.322153e+01	6.187309e+03	1.846146e+04
 687	5.322153e+01	5.796333e+03	1.799208e+04
 688	5.322153e+01	5.553876e+03	1.748709e+04
 689	5.322153e+01	6.444235e+03	1.891227e+04
 690	5.322153e+01	6.531053e+03	1.902410e+04
 691	5.322153e+01	6.270700e+03	1.874379e+04
 692	5.322153e+01	5.280697e+03	1.719405e+04
 693	5.322153e+01	5.692330e+03	1.791461e+04
 694	5.322153e+01	6.286080e+03	1.859821e+04
 695	5.322153e+01	4.702289e+03	1.625590e+04
 696	5.322153e+01	6.047422e+03	1.846678e+04
 697	5.322153e+01	5.456451e+03	1.743859e+04
 698	5.322153e+01	6.312151e+03	1.882903e+04
 699	5.322153e+01	6.258465e+03	1.874360e+04
 700	5.322153e+01	5.830954e+03	1.807163e+04
 701	5.322153e+01	4.790408e+03	1.614253e+04
 702	5.322153e+01	5.138053e+03	1.694655e+04
 703	5.322153e+01	6.293178e+03	1.875027e+04
 704	5.322153e+01	6.364638e+03	1.876678e+04
 705	5.322153e+01	5.437785e+03	1.746686e+04
 706	5.322153e+01	5.445687e+03	1.754697e+04
 707	5.322153e+01	6.581759e+03	1.917766e+04
 708	5.322153e+01	5.118195e+03	1.698777e+04
 709	5.322153e+01	5.177395e+03	1.704611e+04
 710	5.322153e+01	5.796248e+03	1.809776e+04
 711	5.322153e+01	5.391713e+03	1.746780e+04
 712	5.322153e+01	6.004603e+03	1.817987e+04
 713	5.322153e+01	4.896078e+03	1.655323e+04
 714	5.322153e+01	5.531834e+03	1.746557e+04
 715	5.322153e+01	5.156532e+03	1.697969e+04
 716	5.322153e+01	6.384237e+03	1.886932e+04
 717	5.322153e+01	5.354743e+03	1.722906e+04
 718	5.322153e+01	5.959173e+03	1.817406e+04
 719	5.322153e+01	6.120247e+03	1.845156e+04
 720	5.322153e+01	5.673522e+03	1.782085e+04
 721	5.322153e+01	6.090499e+03	1.851056e+04
 722	5.322153e+01	6.058864e+03	1.839393e+04
 723	5.322153e+01	5.255872e+03	1.715617e+04
 724	5.322153e+01	6.860549e+03	1.955016e+04
 725	5.322153e+01	5.321756e+03	1.729351e+04
 726	5.322153e+01	6.057932e+03	1.849128e+04
 727	5.322153e+01	6.333919e+03	1.873117e+04
 728	5.322153e+01	5.605058e+03	1.765629e+04
 729	5.322153e+01	5.639881e+03	1.780042e+04
 730	5.322153e+01	6.195685e+03	1.846467e+04
 731	5.322153e+01	6.176822e+03	1.855666e+04
 732	5.322153e+01	5.532359e+03	1.765730e+04
 733	5.322153e+01	5.670609e+03	1.781744e+04
 734	5.322153e+01	6.737776e+03	1.923867e+04
 735	5.322153e+01	5.523961e+03	1.766728e+04
 736	5.322153e+01	5.119064e+03	1.687152e+04
 737	5.322153e+01	4.901885e+03	1.650893e+04
 738	5.322153e+01	6.081586e+03	1.841317e+04
 739	5.322153e+01	5.545998e+03	1.768215e+04
 740	5.322153e+01	5.526952e+03	1.741597e+04
 741	5.322153e+01	5.625459e+03	1.770396e+04
 742	5.322153e+01	6.121139e+03	1.856874e+04
 743	5.322153e+01	6.927135e+03	1.962390e+04
 744	5.322153e+01	4.725210e+03	1.635159e+04
 745	5.322153e+01	5.993720e+03	1.828356e+04
 746	5.322153e+01	6.123087e+03	1.846594e+04
 747	5.322153e+01	6.057976e+03	1.836595e+04
 748	5.322153e+01	6.131483e+03	1.844146e+04
 749	5.322153e+01	6.884181e+03	1.967557e+04
 750	5.322153e+01	5.559717e+03	1.759958e+04
 751	5.322153e+01	5.724974e+03	1.790347e+04
 752	5.322153e+01	5.070909e+03	1.687216e+04
 753	5.322153e+01	5.759599e+03	1.787721e+04
 754	5.322153e+01	5.845853e+03	1.807436e+04
 755	5.056100e+01	5.226443e+03	1.712049e+04
 756	5.056100e+01	5.661974e+03	1.782401e+04
 757	5.056100e+01	5.083379e+03	1.689360e+04
 758	5.056100e+01	6.101815e+03	1.856209e+04
 759	5.056100e+01	5.399834e+03	1.742564e+04
 760	5.056100e+01	6.205099e+03	1.864145e+04
 761	5.056100e+01	4.840133e+03	1.633943e+04
 762	5.056100e+01	5.691369e+03	1.782646e+04
 763	5.056100e+01	6.981825e+03	1.962962e+04
 764	5.056100e+01	5.850437e+03	1.805673e+04
 765	5.056100e+01	5.039523e+03	1.672954e+04
 766	5.056100e+01	5.521566e+03	1.759623e+04
 767	5.056100e+01	6.502255e+03	1.889674e+04
 768	5.056100e+01	6.206205e+03	1.868100e+04
 769	5.056100e+01	5.358031e+03	1.730563e+04
 770	5.056100e+01	6.464689e+03	1.905548e+04
 771	5.056100e+01	5.610236e+03	1.775777e+04
 772	5.056100e+01	5.845747e+03	1.813066e+04
 773	5.056100e+01	6.136706e+03	1.861515e+04
 774	5.056100e+01	5.649191e+03	1.774502e+04
 775	5.056100e+01	5.121017e+03	1.692202e+04
 776	5.056100e+01	5.033010e+03	1.672128e+04
 777	5.056100e+01	5.883932e+03	1.794022e+04
 778	5.056100e+01	5.938754e+03	1.828203e+04
 779	5.056100e+01	5.546398e+03	1.763858e+04
 780	5.056100e+01	6.739167e+03	1.937363e+04
 781	5.056100e+01	5.380739e+03	1.731545e+04
 782	5.056100e+01	4.767929e+03	1.617101e+04
 783	5.056100e+01	6.687074e+03	1.942558e+04
 784	5.056100e+01	5.657975e+03	1.780194e+04
 785	5.056100e+01	6.049527e+03	1.845494e+04
 786	5.056100e+01	5.704472e+03	1.773236e+04
 787	5.056100e+01	5.814168e+03	1.812760e+04
 788	5.056100e+01	5.632693e+03	1.780321e+04
 789	5.056100e+01	5.496459e+03	1.756319e+04
 790	5.056100e+01	5.773082e+03	1.804071e+04
 791	5.056100e+01	4.947489e+03	1.668429e+04
 792	5.056100e+01	5.995099e+03	1.839430e+04
 793	5.056100e+01	5.645831e+03	1.784239e+04
 794	5.056100e+01	5.088976e+03	1.690847e+04
 795	5.056100e+01	6.273442e+03	1.874381e+04
 796	5.056100e+01	5.777426e+03	1.799592e+04
 797	5.056100e+01	5.692441e+03	1.782624e+04
 798	5.056100e+01	6.298269e+03	1.878391e+04
 799	5.056100e+01	4.546175e+03	1.584161e+04
 800	5.056100e+01	5.744798e+03	1.791532e+04
 801	5.056100e+01	6.012305e+03	1.830391e+04
 802	5.056100e+01	5.497766e+03	1.758243e+04
 803	5.056100e+01	6.206227e+03	1.863077e+04
 804	5.056100e+01	5.157192e+03	1.696234e+04
 805	5.056100e+01	6.572448e+03	1.912415e+04
 806	5.056100e+01	6.225751e+03	1.876161e+04
 807	5.056100e+01	5.245429e+03	1.721916e+04
 808	5.056100e+01	5.722684e+03	1.789650e+04
 809	5.056100e+01	6.160507e+03	1.837376e+04
 810	5.056100e+01	5.236232e+03	1.693363e+04
 811	5.056100e+01	5.119443e+03	1.690935e+04
 812	5.056100e+01	5.771088e+03	1.797119e+04
 813	5.056100e+01	5.617917e+03	1.776972e+04
 814	5.056100e+01	6.136574e+03	1.852141e+04
 815	5.056100e+01	7.061613e+03	1.983701e+04
 816	4.966721e+01	5.358471e+03	1.723498e+04
 817	4.966721e+01	5.330330e+03	1.731442e+04
 818	4.966721e+01	6.268790e+03	1.856032e+04
 819	4.966721e+01	5.831984e+03	1.801081e+04
 820	4.966721e+01	5.973774e+03	1.837632e+04
 821	4.966721e+01	7.437379e+03	2.029776e+04
 822	4.966721e+01	6.272015e+03	1.881357e+04
 823	4.966721e+01	6.735843e+03	1.927810e+04
 824	4.966721e+01	5.474865e+03	1.740796e+04
 825	4.966721e+01	5.977286e+03	1.810714e+04
 826	4.966721e+01	5.770199e+03	1.795521e+04
 827	4.966721e+01	5.791475e+03	1.805266e+04
 828	4.966721e+01	6.372710e+03	1.880663e+04
 829	4.966721e+01	6.244938e+03	1.857284e+04
 830	4.966721e+01	5.455505e+03	1.755674e+04
 831	4.966721e+01	5.892255e+03	1.822308e+04
 832	4.966721e+01	4.892021e+03	1.653084e+04
 833	4.966721e+01	4.488126e+03	1.581604e+04
 834	4.966721e+01	5.856436e+03	1.809258e+04
 835	4.966721e+01	6.211909e+03	1.854924e+04
 836	4.966721e+01	6.239244e+03	1.869163e+04
 837	4.966721e+01	6.340859e+03	1.882600e+04
 838	4.966721e+01	5.889651e+03	1.815546e+04
 839	4.966721e+01	5.366077e+03	1.732374e+04
 840	4.966721e+01	5.071045e+03	1.698369e+04
 841	4.966721e+01	5.329262e+03	1.724772e+04
 842	4.966721e+01	5.156312e+03	1.690329e+04
 843	4.966721e+01	6.060763e+03	1.848515e+04
 844	4.966721e+01	4.852504e+03	1.652256e+04
 845	4.966721e+01	5.615286e+03	1.772421e+04
 846	4.966721e+01	5.637105e+03	1.779231e+04
 847	4.966721e+01	4.802733e+03	1.646269e+04
 848	4.966721e+01	5.291962e+03	1.726781e+04
 849	4.966721e+01	5.908827e+03	1.824768e+04
 850	4.966721e+01	4.998586e+03	1.660768e+04
 851	4.966721e+01	6.413701e+03	1.899966e+04
 852	4.966721e+01	5.117931e+03	1.701253e+04
 853	4.966721e+01	5.154540e+03	1.707409e+04
 854	4.966721e+01	5.626392e+03	1.766660e+04
 855	4.966721e+01	5.447738e+03	1.754539e+04
 856	4.966721e+01	5.153568e+03	1.700382e+04
 857	4.966721e+01	6.130187e+03	1.852279e+04
 858	4.966721e+01	6.014393e+03	1.835202e+04
 859	4.966721e+01	4.997053e+03	1.680805e+04
 860	4.966721e+01	5.965495e+03	1.826208e+04
 861	4.966721e+01	5.248377e+03	1.721700e+04
 862	4.966721e+01	5.932012e+03	1.823306e+04
 863	4.966721e+01	6.066899e+03	1.837290e+04
 864	4.966721e+01	6.428129e+03	1.888452e+04
 865	4.966721e+01	6.484287e+03	1.903807e+04
 866	4.966721e+01	6.432201e+03	1.901188e+04
 867	4.966721e+01	4.561045e+03	1.583615e+04
 868	4.966721e+01	4.574547e+03	1.595825e+04
 869	4.966721e+01	6.104065e+03	1.843701e+04
 870	4.966721e+01	5.635384e+03	1.785341e+04
 871	4.966721e+01	6.152432e+03	1.852001e+04
 872	4.966721e+01	6.631762e+03	1.924241e+04
 873	4.966721e+01	6.328003e+03	1.877077e+04
 874	4.966721e+01	5.909168e+03	1.825092e+04
 875	4.966721e+01	5.823763e+03	1.811805e+04
 876	4.966721e+01	4.932633e+03	1.664851e+04
 877	4.966721e+01	5.589833e+03	1.770997e+04
 878	4.966721e+01	6.256981e+03	1.876851e+04
 879	4.966721e+01	6.518186e+03	1.921209e+04
 880	4.966721e+01	6.005030e+03	1.841289e+04
 881	4.966721e+01	6.200542e+03	1.869043e+04
 882	4.966721e+01	5.527221e+03	1.758876e+04
 883	4.966721e+01	5.301094e+03	1.725127e+04
 884	4.966721e+01	5.680718e+03	1.788987e+04
 885	4.966721e+01	5.399998e+03	1.743232e+04
 886	4.966721e+01	5.459550e+03	1.749970e+04
 887	4.966721e+01	5.535074e+03	1.754462e+04
 888	4.966721e+01	4.823318e+03	1.650604e+04
 889	4.966721e+01	4.772904e+03	1.644260e+04
 890	4.966721e+01	6.773299e+03	1.954688e+04
 891	4.792721e+01	5.618668e+03	1.782529e+04
 892	4.792721e+01	6.177191e+03	1.853230e+04
 893	4.792721e+01	5.486565e+03	1.745114e+04
 894	4.792721e+01	6.160770e+03	1.867595e+04
 895	4.792721e+01	5.028294e+03	1.671039e+04
 896	4.792721e+01	5.758296e+03	1.791322e+04
 897	4.792721e+01	6.146637e+03	1.841054e+04
 898	4.792721e+01	5.579863e+03	1.772758e+04
 899	4.792721e+01	4.965621e+03	1.659522e+04
 900	4.792721e+01	4.607763e+03	1.602446e+04
 901	4.792721e+01	5.441109e+03	1.750976e+04
 902	4.792721e+01	5.995926e+03	1.827962e+04
 903	4.792721e+01	5.160311e+03	1.703174e+04
 904	4.792721e+01	5.407262e+03	1.743044e+04
 905	4.792721e+01	6.052073e+03	1.832767e+04
 906	4.792721e+01	5.639875e+03	1.781994e+04
 907	4.792721e+01	6.162222e+03	1.858770e+04
 908	4.792721e+01	6.414692e+03	1.883127e+04
 909	4.792721e+01	6.602818e+03	1.917295e+04
 910	4.792721e+01	6.239829e+03	1.864466e+04
 911	4.792721e+01	5.899185e+03	1.824262e+04
 912	4.792721e+01	5.744839e+03	1.785560e+04
 913	4.792721e+01	5.694617e+03	1.782477e+04
 914	4.792721e+01	5.687714e+03	1.793593e+04
 915	4.792721e+01	5.662800e+03	1.782607e+04
 916	4.792721e+01	5.137659e+03	1.703001e+04
 917	4.792721e+01	6.163010e+03	1.847157e+04
 918	4.792721e+01	5.859605e+03	1.815183e+04
 919	4.792721e+01	5.534647e+03	1.761944e+04
 920	4.792721e+01	5.870424e+03	1.814070e+04
 921	4.792721e+01	5.629099e+03	1.775004e+04
 922	4.792721e+01	6.017302e+03	1.831102e+04
 923	4.792721e+01	5.825949e+03	1.807558e+04
 924	4.792721e+01	4.942994e+03	1.650875e+04
 925	4.792721e+01	6.646417e+03	1.918856e+04
 926	4.792721e+01	6.289036e+03	1.876547e+04
 927	4.792721e+01	5.651038e+03	1.786231e+04
 928	4.792721e+01	5.960569e+03	1.827336e+04
 929	4.792721e+01	4.953373e+03	1.654290e+04
 930	4.792721e+01	4.852824e+03	1.660112e+04
 931	4.792721e+01	6.091077e+03	1.845088e+04
 932	4.792721e+01	5.523065e+03	1.760407e+04
 933	4.792721e+01	5.108494e+03	1.690960e+04
 934	4.792721e+01	6.926470e+03	1.961795e+04
 935	4.792721e+01	6.328956e+03	1.879410e+04
 936	4.792721e+01	6.106998e+03	1.847761e+04
 937	4.792721e+01	5.340337e+03	1.722543e+04
 938	4.792721e+01	5.371160e+03	1.737515e+04
 939	4.792721e+01	5.805498e+03	1.797769e+04
 940	4.792721e+01	6.251248e+03	1.879543e+04
 941	4.792721e+01	4.914736e+03	1.667170e+04
 942	4.792721e+01	6.178820e+03	1.867000e+04
 943	4.792721e+01	5.566943e+03	1.766415e+04
 944	4.792721e+01	6.237459e+03	1.878294e+04
 945	4.792721e+01	5.616380e+03	1.774242e+04
 946	4.792721e+01	5.506771e+03	1.761770e+04
 947	4.792721e+01	4.823721e+03	1.635758e+04
 948	4.792721e+01	6.131247e+03	1.865142e+04
 949	4.792721e+01	6.111048e+03	1.848309e+04
 950	4.792721e+01	5.725045e+03	1.790857e+04
 951	4.792721e+01	6.366153e+03	1.879651e+04
 952	4.792721e+01	6.437342e+03	1.898961e+04
 953	4.792721e+01	5.210474e+03	1.717383e+04
 954	4.792721e+01	6.359034e+03	1.891567e+04
 955	4.792721e+01	5.605730e+03	1.775010e+04
 956	4.792721e+01	6.480715e+03	1.903824e+04
 957	4.792721e+01	4.862252e+03	1.642360e+04
 958	4.792721e+01	5.275924e+03	1.706153e+04
 959	4.792721e+01	5.948442e+03	1.833555e+04
 960	4.792721e+01	4.961976e+03	1.676442e+04
 961	4.792721e+01	6.240502e+03	1.861761e+04
 962	4.792721e+01	5.726744e+03	1.783062e+04
 963	4.792721e+01	5.223540e+03	1.707648e+04
 964	4.792721e+01	5.057956e+03	1.688971e+04
 965	4.792721e+01	5.932506e+03	1.825250e+04
 966	4.792721e+01	5.653943e+03	1.788072e+04
 967	4.792721e+01	5.930311e+03	1.820742e+04
 968	4.792721e+01	4.407777e+03	1.565493e+04
 969	4.792721e+01	5.230552e+03	1.722312e+04
 970	4.792721e+01	5.881164e+03	1.817612e+04
 971	4.792721e+01	5.553164e+03	1.762509e+04
 972	4.792721e+01	5.533713e+03	1.757760e+04
 973	4.792721e+01	5.186337e+03	1.699044e+04
 974	4.792721e+01	6.264638e+03	1.876964e+04
 975	4.792721e+01	5.834598e+03	1.812507e+04
 976	4.792721e+01	6.215849e+03	1.857633e+04
 977	4.792721e+01	5.534132e+03	1.752015e+04
 978	4.792721e+01	5.433810e+03	1.752040e+04
 979	4.792721e+01	6.146659e+03	1.853061e+04
 980	4.792721e+01	4.476536e+03	1.582108e+04
 981	4.792721e+01	5.696007e+03	1.776107e+04
 982	4.792721e+01	5.430755e+03	1.741424e+04
 983	4.792721e+01	6.797190e+03	1.945289e+04
 984	4.792721e+01	5.611644e+03	1.774366e+04
 985	4.792721e+01	5.487399e+03	1.745168e+04
 986	4.792721e+01	6.051529e+03	1.839401e+04
 987	4.792721e+01	6.125443e+03	1.846007e+04
 988	4.792721e+01	4.505496e+03	1.591189e+04
 989	4.792721e+01	4.897634e+03	1.654575e+04
 990	4.792721e+01	5.914064e+03	1.819806e+04
 991	4.792721e+01	5.929027e+03	1.819257e+04
 992	4.792721e+01	5.455368e+03	1.756032e+04
 993	4.792721e+01	5.720254e+03	1.797516e+04
 994	4.792721e+01	6.135533e+03	1.849321e+04
 995	4.792721e+01	6.120497e+03	1.848874e+04
 996	4.792721e+01	6.203113e+03	1.858888e+04
 997	4.792721e+01	5.225416e+03	1.699074e+04
 998	4.792721e+01	5.492655e+03	1.741578e+04
 999	4.792721e+01	6.840557e+03	1.943588e+04
1000	4.792721e+01	5.781067e+03	1.794204e+04
