   0	7.739123e-02	8.152563e-01	4.106610e+00
   1	4.261622e-02	1.663038e-01	3.119228e-01
   2	4.261622e-02	1.802037e-01	4.220823e-01
   3	4.261622e-02	1.132510e-01	7.977515e-02
   4	4.261622e-02	1.173202e-01	1.006288e-01
   5	4.251882e-02	1.410170e-01	3.465302e-01
   6	3.335550e-02	2.297597e-01	6.811090e-01
   7	3.335550e-02	1.040552e-01	9.447924e-02
   8	3.335550e-02	1.495961e-01	2.793709e-01
   9	3.335550e-02	1.573523e-01	5.398124e-01
  10	2.273071e-02	2.020351e-01	5.909590e-01
  11	2.273071e-02	1.335512e-01	1.822672e-01
  12	2.273071e-02	4.573949e-01	2.014006e+00
  13	2.273071e-02	2.500803e-01	6.026380e-01
  14	2.273071e-02	1.244388e+00	7.761586e+00
   0	7.739123e-02	8.152563e-01	4.106610e+00
   0	7.739123e-02	8.152563e-01	4.106610e+00
   1	4.261622e-02	1.663038e-01	3.119228e-01
   2	4.261622e-02	1.802037e-01	4.220823e-01
   3	4.261622e-02	1.132510e-01	7.977515e-02
   4	4.261622e-02	1.173202e-01	1.006288e-01
   5	4.251882e-02	1.410170e-01	3.465302e-01
   6	3.335550e-02	2.297597e-01	6.811090e-01
   7	3.335550e-02	1.040552e-01	9.447924e-02
   8	3.335550e-02	1.495961e-01	2.793709e-01
   9	3.335550e-02	1.573523e-01	5.398124e-01
  10	2.273071e-02	2.020351e-01	5.909590e-01
  11	2.273071e-02	1.335512e-01	1.822672e-01
  12	2.273071e-02	4.573949e-01	2.014006e+00
  13	2.273071e-02	2.500803e-01	6.026380e-01
  14	2.273071e-02	1.244388e+00	7.761586e+00
   0	7.739123e-02	8.152563e-01	4.106610e+00
   1	4.261622e-02	1.663038e-01	3.119228e-01
   2	4.261622e-02	1.802037e-01	4.220823e-01
   3	4.261622e-02	1.132510e-01	7.977515e-02
   4	4.261622e-02	1.173202e-01	1.006288e-01
   5	4.251882e-02	1.410170e-01	3.465302e-01
   6	3.335550e-02	2.297597e-01	6.811090e-01
   7	3.335550e-02	1.040552e-01	9.447924e-02
   8	3.335550e-02	1.495961e-01	2.793709e-01
   9	3.335550e-02	1.573523e-01	5.398124e-01
  10	2.273071e-02	2.020351e-01	5.909590e-01
  11	2.273071e-02	1.335512e-01	1.822672e-01
  12	2.273071e-02	4.573949e-01	2.014006e+00
  13	2.273071e-02	2.500803e-01	6.026380e-01
  14	2.273071e-02	1.244388e+00	7.761586e+00
  15	2.273071e-02	5.623560e+00	5.438009e+01
  16	2.273071e-02	5.628171e+00	5.438036e+01
  17	2.273071e-02	2.159891e-01	4.207583e-01
  18	2.273071e-02	1.830548e-01	3.948958e-01
  19	2.004233e-02	1.482357e-01	2.102548e-01
  20	2.004233e-02	2.514000e-01	5.935237e-01
  21	2.004233e-02	6.197853e+00	5.443241e+01
  22	1.896574e-02	2.484105e-01	6.872288e-01
  23	1.896574e-02	1.925714e-01	4.395462e-01
  24	1.896574e-02	3.046681e-01	1.130231e+00
  25	1.896574e-02	4.162913e-01	1.704848e+00
  26	1.896123e-02	2.454718e-01	6.736027e-01
  27	1.861399e-02	1.000002e+05	9.949873e+05
  28	1.861399e-02	1.529338e-01	3.255553e-01
  29	1.861399e-02	2.660810e-01	6.852861e-01
  30	1.861399e-02	1.986727e-01	4.608929e-01
  31	1.861399e-02	1.882328e-01	3.583252e-01
  32	1.861399e-02	5.635923e+00	5.437924e+01
  33	1.861399e-02	1.860072e-01	3.563237e-01
  34	1.861399e-02	1.262420e-01	1.812016e-01
  35	1.861399e-02	1.502508e-01	2.628440e-01
  36	1.861399e-02	1.199037e-01	1.900969e-01
  37	1.861399e-02	2.191630e-01	1.129352e+00
  38	1.861399e-02	2.003434e-01	4.566947e-01
  39	1.861399e-02	1.009713e-01	8.927170e-02
  40	1.861399e-02	1.790699e-01	4.162096e-01
  41	1.861399e-02	1.613951e-01	3.110631e-01
  42	1.861399e-02	5.839017e-01	4.284468e+00
  43	1.861399e-02	1.040923e-01	8.997966e-02
  44	1.861399e-02	1.463853e-01	2.868059e-01
  45	1.861399e-02	3.300073e-01	1.535745e+00
  46	1.848678e-02	1.219432e-01	1.792932e-01
  47	1.848678e-02	1.448944e-01	2.312496e-01
  48	1.734782e-02	4.643724e-01	2.465226e+00
  49	1.734782e-02	5.573524e+00	5.438443e+01
  50	1.734782e-02	5.586068e+00	5.438322e+01
  51	1.734782e-02	1.431825e-01	2.848707e-01
  52	1.734782e-02	1.593122e-01	3.231713e-01
  53	1.734782e-02	2.247964e-01	6.595377e-01
  54	1.671935e-02	1.181996e-01	1.860061e-01
  55	1.671935e-02	1.416978e-01	4.150152e-01
  56	1.671935e-02	1.607735e-01	4.253834e-01
  57	1.671935e-02	1.826775e-01	5.044823e-01
  58	1.671935e-02	3.271063e-01	1.252475e+00
  59	1.671935e-02	1.445135e-01	3.398621e-01
  60	1.671935e-02	3.431711e-01	1.577239e+00
  61	1.671935e-02	2.332060e-01	5.284662e-01
  62	1.671935e-02	1.839115e+00	1.689075e+01
  63	1.671935e-02	2.592847e-01	1.363299e+00
  64	1.594537e-02	1.106490e-01	1.629628e-01
  65	1.594537e-02	2.074259e-01	8.687186e-01
  66	1.594537e-02	1.240601e-01	2.122492e-01
  67	1.594537e-02	3.467927e-01	1.720650e+00
  68	1.594537e-02	1.592496e-01	2.972695e-01
  69	1.594537e-02	1.365843e-01	1.826941e-01
  70	1.594537e-02	2.188156e-01	4.385658e-01
  71	1.594537e-02	4.709993e+00	4.470519e+01
  72	1.594537e-02	1.964826e-01	4.244899e-01
  73	1.594537e-02	1.800861e-01	8.913312e-01
  74	1.594537e-02	2.358108e-01	7.479743e-01
  75	1.594537e-02	1.670037e-01	5.716574e-01
  76	1.594537e-02	2.232172e-01	5.478048e-01
  77	1.594537e-02	1.698260e-01	3.188201e-01
  78	1.594537e-02	1.566776e-01	3.260218e-01
  79	1.331729e-02	1.130209e-01	1.525332e-01
  80	1.331729e-02	2.539484e-01	1.082641e+00
  81	1.331729e-02	1.174999e-01	1.927344e-01
  82	1.331729e-02	1.968984e-01	3.623184e-01
  83	1.331729e-02	3.230113e-01	1.548986e+00
  84	1.331729e-02	2.245654e-01	7.795188e-01
  85	1.331729e-02	1.489397e-01	4.420313e-01
  86	1.331729e-02	1.630897e-01	2.921625e-01
  87	1.331729e-02	1.427318e-01	3.120360e-01
  88	1.331729e-02	1.603635e-01	2.523190e-01
  89	1.331729e-02	1.035938e-01	1.477349e-01
  90	1.331729e-02	1.415640e-01	2.574404e-01
  91	1.331729e-02	2.998538e-01	1.560298e+00
  92	1.331729e-02	1.745908e-01	4.284747e-01
  93	1.331729e-02	1.816249e-01	3.745561e-01
  94	1.331729e-02	5.756187e-01	2.868907e+00
  95	1.331729e-02	1.741001e-01	3.154465e-01
  96	1.331729e-02	3.733098e-01	1.817534e+00
  97	1.331729e-02	1.554330e-01	5.252896e-01
  98	1.331729e-02	1.264463e-01	2.513927e-01
  99	1.331729e-02	1.183369e-01	1.465197e-01
 100	1.331729e-02	1.919290e-01	5.924951e-01
 101	1.331729e-02	2.944448e-01	1.563542e+00
 102	1.331729e-02	1.555152e-01	3.007371e-01
 103	1.331729e-02	1.334651e-01	1.855412e-01
 104	1.331729e-02	2.644322e-01	1.326270e+00
 105	1.331729e-02	2.905164e-01	9.800356e-01
 106	1.331729e-02	1.000001e+05	9.949873e+05
 107	1.331729e-02	2.752192e-01	1.007343e+00
 108	1.331729e-02	1.563794e-01	2.900156e-01
 109	1.331729e-02	1.473905e-01	2.734547e-01
 110	1.331729e-02	2.243690e-01	5.942040e-01
 111	1.331729e-02	2.230709e-01	8.052902e-01
 112	1.331729e-02	1.284079e-01	2.210458e-01
 113	1.331729e-02	1.793827e-01	5.680326e-01
 114	1.331729e-02	1.082777e+00	9.111011e+00
 115	1.331729e-02	4.571692e-01	1.635141e+00
 116	1.331729e-02	1.891041e-01	4.172428e-01
 117	1.331729e-02	4.811601e-01	2.066504e+00
 118	1.305197e-02	1.477916e-01	2.224921e-01
 119	1.305197e-02	1.081429e-01	1.708375e-01
 120	1.305197e-02	1.332851e-01	2.777278e-01
 121	1.305197e-02	1.410599e-01	2.330028e-01
 122	1.305197e-02	2.609423e-01	8.464833e-01
 123	1.305197e-02	2.097321e-01	5.261293e-01
 124	1.305197e-02	2.971373e-01	1.010463e+00
 125	1.305197e-02	1.871334e-01	4.169208e-01
 126	1.305197e-02	5.555080e-01	3.969779e+00
 127	1.305197e-02	1.979151e-01	5.991570e-01
 128	1.305197e-02	1.832730e-01	4.412689e-01
 129	1.305197e-02	1.000001e+05	9.949873e+05
 130	1.305197e-02	1.359427e-01	2.347159e-01
 131	1.305197e-02	1.338011e-01	2.679982e-01
 132	1.305197e-02	2.057306e-01	6.758106e-01
 133	1.305197e-02	2.290077e-01	5.602727e-01
 134	1.305197e-02	1.320748e-01	2.186355e-01
 135	1.305197e-02	1.561622e-01	2.543383e-01
 136	1.305197e-02	1.047217e+00	7.811025e+00
 137	1.305197e-02	1.767676e-01	4.013870e-01
 138	1.305197e-02	3.095664e-01	1.110198e+00
 139	1.305197e-02	2.109185e-01	6.902558e-01
 140	1.305197e-02	1.000002e+05	9.949873e+05
 141	1.305197e-02	1.705720e-01	3.515688e-01
 142	1.305197e-02	2.772172e-01	1.083469e+00
 143	1.305197e-02	1.511509e-01	2.630865e-01
 144	1.266200e-02	3.029385e-01	1.865903e+00
 145	1.266200e-02	3.733866e-01	2.503841e+00
 146	1.266200e-02	1.308128e-01	2.526638e-01
 147	1.266200e-02	1.436686e-01	2.570815e-01
 148	1.266200e-02	1.202819e-01	1.834979e-01
 149	1.266200e-02	2.567929e-01	7.202163e-01
 150	1.266200e-02	1.703287e-01	3.157982e-01
 151	1.266200e-02	1.367434e-01	2.863478e-01
 152	1.266200e-02	1.180993e-01	1.601428e-01
 153	1.266200e-02	5.282941e-01	3.995424e+00
 154	1.266200e-02	1.148595e-01	1.254092e-01
 155	1.266200e-02	1.878305e-01	3.654761e-01
 156	1.266200e-02	2.113893e-01	9.936609e-01
 157	1.266200e-02	1.000001e+05	9.949873e+05
 158	1.266200e-02	1.772134e-01	3.980150e-01
 159	6.761668e-03	1.000001e+05	9.949873e+05
 160	6.761668e-03	1.234658e-01	2.168373e-01
 161	6.761668e-03	2.542082e-01	1.029752e+00
 162	6.761668e-03	1.946557e-01	6.369761e-01
 163	6.761668e-03	1.621644e-01	5.103166e-01
 164	6.761668e-03	1.781796e-01	3.143438e-01
 165	6.761668e-03	1.986744e-01	4.185460e-01
 166	6.761668e-03	1.992377e-01	6.105597e-01
 167	5.722932e-03	1.526865e-01	2.405477e-01
 168	5.722932e-03	1.368366e-01	2.265552e-01
 169	5.722932e-03	2.578548e-01	8.678246e-01
 170	5.722932e-03	1.128831e-01	1.282233e-01
 171	5.722932e-03	1.041927e-01	1.297410e-01
 172	5.722932e-03	1.432630e-01	2.648599e-01
 173	5.722932e-03	2.007005e-01	5.220413e-01
 174	4.072067e-03	1.602840e-01	3.728196e-01
 175	4.072067e-03	2.101855e-01	7.669886e-01
 176	4.072067e-03	1.637206e-01	3.162927e-01
 177	4.072067e-03	5.679275e+00	5.437540e+01
 178	4.072067e-03	1.000002e+05	9.949873e+05
 179	4.072067e-03	2.043562e-01	4.701740e-01
 180	4.072067e-03	9.185214e-02	1.149168e-01
 181	4.072067e-03	1.344503e-01	2.308206e-01
 182	4.072067e-03	1.936463e-01	6.366485e-01
 183	4.072067e-03	1.000001e+05	9.949873e+05
 184	4.072067e-03	1.441486e-01	2.794716e-01
 185	4.072067e-03	1.340341e-01	2.625245e-01
 186	4.072067e-03	1.000001e+05	9.949873e+05
 187	4.072067e-03	1.684614e-01	5.724409e-01
 188	4.072067e-03	1.689957e-01	3.026510e-01
 189	4.072067e-03	1.477830e-01	2.309994e-01
 190	4.072067e-03	1.539094e-01	4.441818e-01
 191	4.072067e-03	1.739749e-01	4.394682e-01
 192	4.072067e-03	2.574849e-01	1.235838e+00
 193	4.072067e-03	4.804439e+00	4.656918e+01
 194	4.072067e-03	4.287795e-01	2.566180e+00
 195	4.072067e-03	1.389443e-01	2.845034e-01
 196	4.072067e-03	1.081783e-01	1.452521e-01
 197	4.072067e-03	1.098137e-01	1.247991e-01
 198	4.072067e-03	9.250936e-01	5.389565e+00
 199	4.072067e-03	1.282978e-01	1.892523e-01
 200	4.072067e-03	2.426569e-01	6.269383e-01
 201	4.072067e-03	5.025644e-01	3.286512e+00
 202	4.072067e-03	1.024971e-01	1.630938e-01
 203	4.072067e-03	1.804447e-01	4.865941e-01
 204	4.072067e-03	1.482968e-01	3.286284e-01
 205	4.072067e-03	2.915815e-01	1.038798e+00
 206	4.072067e-03	1.000001e+05	9.949873e+05
 207	4.072067e-03	1.752421e-01	3.827390e-01
 208	4.072067e-03	2.075976e-01	6.548620e-01
 209	4.072067e-03	1.827507e-01	8.277056e-01
 210	4.072067e-03	1.768664e-01	5.684054e-01
 211	4.072067e-03	1.858526e-01	4.703870e-01
 212	4.072067e-03	1.692184e-01	4.651534e-01
 213	4.072067e-03	1.319870e-01	2.040231e-01
 214	4.072067e-03	1.563530e-01	3.090748e-01
 215	4.072067e-03	4.218991e-01	1.784880e+00
 216	4.072067e-03	1.975771e-01	6.733458e-01
 217	4.072067e-03	1.000001e+05	9.949873e+05
 218	4.072067e-03	1.000001e+05	9.949873e+05
 219	4.072067e-03	5.666985e+00	5.437720e+01
 220	4.072067e-03	1.065196e-01	1.456763e-01
 221	4.072067e-03	1.000001e+05	9.949873e+05
 222	4.072067e-03	1.991061e-01	6.917525e-01
 223	4.072067e-03	1.000002e+05	9.949873e+05
 224	4.072067e-03	3.632694e-01	1.706003e+00
 225	4.072067e-03	2.122226e-01	4.872942e-01
 226	4.072067e-03	1.368671e-01	2.412113e-01
 227	4.072067e-03	2.126882e-01	6.728426e-01
 228	4.072067e-03	1.953884e-01	7.047143e-01
 229	4.072067e-03	1.000002e+05	9.949873e+05
 230	4.072067e-03	2.051060e-01	7.860095e-01
 231	4.072067e-03	1.704251e-01	3.331231e-01
 232	4.072067e-03	1.214360e-01	2.011320e-01
 233	4.072067e-03	1.000001e+05	9.949873e+05
 234	4.072067e-03	1.091523e-01	1.993506e-01
 235	4.072067e-03	1.240341e-01	1.934609e-01
 236	4.072067e-03	1.268357e-01	1.775731e-01
 237	4.072067e-03	2.515283e-01	7.926747e-01
 238	4.072067e-03	1.545880e-01	4.383709e-01
 239	4.072067e-03	1.000001e+05	9.949873e+05
 240	4.072067e-03	2.124829e-01	7.432396e-01
 241	4.072067e-03	1.179426e-01	2.252176e-01
 242	4.072067e-03	1.227879e-01	2.910726e-01
 243	4.072067e-03	5.411176e-01	2.436619e+00
 244	4.072067e-03	2.292984e-01	9.622590e-01
 245	4.072067e-03	2.015560e-01	5.677285e-01
 246	4.072067e-03	2.338854e+00	1.932241e+01
 247	4.072067e-03	1.761047e-01	6.207494e-01
 248	4.072067e-03	5.125156e-01	3.622969e+00
 249	4.072067e-03	2.466877e-01	1.340995e+00
 250	4.072067e-03	1.578276e-01	3.237373e-01
 251	4.072067e-03	1.982250e-01	5.814242e-01
 252	4.072067e-03	4.172540e-01	1.818802e+00
 253	4.072067e-03	3.378026e-01	1.386375e+00
 254	4.072067e-03	1.179246e-01	2.448295e-01
 255	4.072067e-03	5.657571e-01	3.117455e+00
 256	4.072067e-03	8.967819e-02	1.143823e-01
 257	4.072067e-03	5.657436e+00	5.438062e+01
 258	4.072067e-03	1.000002e+05	9.949873e+05
 259	4.072067e-03	2.339956e-01	5.324676e-01
 260	4.072067e-03	1.032801e-01	1.541490e-01
 261	4.072067e-03	1.000001e+05	9.949873e+05
 262	4.072067e-03	1.271505e-01	3.336096e-01
 263	4.072067e-03	1.000002e+05	9.949873e+05
 264	4.072067e-03	1.000003e+05	9.949873e+05
 265	4.072067e-03	1.614754e-01	3.696314e-01
 266	4.072067e-03	1.000001e+05	9.949873e+05
 267	4.072067e-03	2.547178e-01	1.374545e+00
 268	4.072067e-03	2.907673e-01	9.051681e-01
 269	4.072067e-03	1.157705e-01	1.489956e-01
 270	4.072067e-03	1.898476e-01	6.049383e-01
 271	4.072067e-03	3.728474e-01	1.871294e+00
 272	4.072067e-03	1.659219e-01	4.137533e-01
 273	4.072067e-03	1.849889e+00	1.692409e+01
 274	4.072067e-03	1.481033e-01	2.590255e-01
 275	4.072067e-03	2.377134e-01	1.084648e+00
 276	4.072067e-03	4.854935e+00	4.662211e+01
 277	4.072067e-03	6.466633e+00	6.237941e+01
 278	4.072067e-03	1.593407e-01	3.000784e-01
 279	4.072067e-03	1.257637e-01	2.769637e-01
 280	4.072067e-03	1.666006e-01	4.208522e-01
 281	4.072067e-03	2.736450e-01	7.270827e-01
 282	4.072067e-03	3.046440e-01	1.074506e+00
 283	4.072067e-03	1.299619e-01	3.032705e-01
 284	4.072067e-03	1.437979e-01	3.868494e-01
 285	4.072067e-03	1.000004e+05	9.949873e+05
 286	4.072067e-03	1.163810e-01	3.294020e-01
 287	4.072067e-03	1.711185e-01	3.983364e-01
 288	4.072067e-03	2.177959e-01	4.548881e-01
 289	4.072067e-03	3.071939e-01	1.316925e+00
 290	4.072067e-03	4.490260e-01	2.511548e+00
 291	4.072067e-03	2.807719e-01	1.166568e+00
 292	4.072067e-03	1.000002e+05	9.949873e+05
 293	4.072067e-03	2.492769e-01	6.560913e-01
 294	4.072067e-03	1.412597e+00	1.138088e+01
 295	4.072067e-03	1.721242e-01	4.351532e-01
 296	4.072067e-03	1.620672e-01	4.225841e-01
 297	4.072067e-03	1.763278e-01	6.557940e-01
 298	2.830340e-03	1.262370e-01	1.939106e-01
 299	2.830340e-03	1.520026e-01	2.947173e-01
 300	2.830340e-03	6.284086e-01	2.742422e+00
 301	2.830340e-03	2.183291e-01	7.853623e-01
 302	2.830340e-03	1.940008e-01	4.663011e-01
 303	2.830340e-03	1.428327e-01	3.611265e-01
 304	2.830340e-03	1.067311e-01	1.761854e-01
 305	2.830340e-03	2.081838e-01	4.818158e-01
 306	2.830340e-03	1.901656e-01	6.310369e-01
 307	2.830340e-03	1.000002e+05	9.949873e+05
 308	2.830340e-03	1.310384e-01	3.069434e-01
 309	2.830340e-03	1.988255e-01	4.546541e-01
 310	2.830340e-03	1.384970e-01	4.423175e-01
 311	2.830340e-03	1.259311e-01	2.311856e-01
 312	2.830340e-03	1.934493e-01	4.233831e-01
 313	2.830340e-03	1.146655e+00	9.353773e+00
 314	2.830340e-03	1.287893e-01	2.232989e-01
 315	2.830340e-03	4.507230e-01	2.825706e+00
 316	2.830340e-03	3.479644e-01	1.528036e+00
 317	2.830340e-03	5.415730e-01	3.746605e+00
 318	2.830340e-03	1.000002e+05	9.949873e+05
 319	2.830340e-03	1.311416e-01	3.112648e-01
 320	2.830340e-03	3.720746e-01	1.513809e+00
 321	2.830340e-03	5.576361e+00	5.438455e+01
 322	2.830340e-03	1.000056e+05	9.949868e+05
 323	2.830340e-03	1.785152e-01	5.983309e-01
 324	2.830340e-03	2.314019e-01	7.727464e-01
 325	2.830340e-03	4.368249e-01	2.317951e+00
 326	2.830340e-03	1.552184e-01	3.307807e-01
 327	2.830340e-03	1.415928e-01	5.020303e-01
 328	2.830340e-03	5.743251e+00	5.438579e+01
 329	2.830340e-03	1.888159e-01	4.730852e-01
 330	2.830340e-03	1.592925e-01	3.260927e-01
 331	2.830340e-03	1.561722e-01	4.396190e-01
 332	2.830340e-03	3.393259e-01	1.304704e+00
 333	2.830340e-03	2.994621e-01	1.742378e+00
 334	2.830340e-03	1.494970e-01	5.278641e-01
 335	2.830340e-03	2.876905e-01	9.449477e-01
 336	2.830340e-03	2.156577e-01	9.800361e-01
 337	2.830340e-03	2.264186e-01	8.898446e-01
 338	2.830340e-03	2.683518e-01	9.405775e-01
 339	2.830340e-03	2.173245e-01	4.753546e-01
 340	2.830340e-03	1.263252e-01	1.841282e-01
 341	2.830340e-03	1.091398e+00	9.274069e+00
 342	2.830340e-03	4.985751e-01	3.272894e+00
 343	2.830340e-03	1.520255e-01	3.964548e-01
 344	2.830340e-03	1.798151e-01	4.967364e-01
 345	2.830340e-03	1.753750e-01	8.556083e-01
 346	2.830340e-03	8.708441e-01	7.570243e+00
 347	2.830340e-03	1.640445e-01	3.510489e-01
 348	2.830340e-03	1.130889e-01	2.454284e-01
 349	2.830340e-03	1.000003e+05	9.949873e+05
 350	2.830340e-03	2.067545e-01	7.311641e-01
 351	2.830340e-03	3.988310e-01	1.900658e+00
 352	2.830340e-03	9.396163e-02	1.025068e-01
 353	2.830340e-03	1.943584e-01	7.185712e-01
 354	2.830340e-03	1.915487e-01	5.116919e-01
 355	2.830340e-03	1.000002e+05	9.949873e+05
 356	2.830340e-03	1.007728e-01	1.603617e-01
 357	2.830340e-03	1.474865e-01	5.383216e-01
 358	2.830340e-03	2.029970e-01	7.211972e-01
 359	2.830340e-03	1.541625e-01	2.858576e-01
 360	2.830340e-03	7.664914e-01	5.782861e+00
 361	2.830340e-03	1.815513e-01	8.417186e-01
 362	2.830340e-03	3.350622e-01	1.170723e+00
 363	2.830340e-03	1.646734e-01	3.410441e-01
 364	2.830340e-03	1.615507e-01	4.399942e-01
 365	2.830340e-03	1.735716e-01	4.722356e-01
 366	2.830340e-03	1.982245e-01	4.268297e-01
 367	2.830340e-03	1.288424e-01	3.050536e-01
 368	2.830340e-03	2.015038e+00	1.835297e+01
 369	2.830340e-03	1.002565e-01	1.240115e-01
 370	2.830340e-03	1.997518e-01	6.913571e-01
 371	2.830340e-03	3.351386e-01	2.076606e+00
 372	2.830340e-03	1.977541e-01	4.095167e-01
 373	2.830340e-03	1.000004e+05	9.949873e+05
 374	2.830340e-03	1.426344e-01	3.253077e-01
 375	2.830340e-03	4.812786e-01	2.814356e+00
 376	2.830340e-03	1.000003e+05	9.949873e+05
 377	2.830340e-03	1.204876e-01	2.808662e-01
 378	2.830340e-03	1.476963e-01	2.463844e-01
 379	2.830340e-03	1.790599e-01	7.780851e-01
 380	2.830340e-03	2.305411e-01	7.079083e-01
 381	2.830340e-03	3.144381e-01	1.100861e+00
 382	2.830340e-03	1.931676e-01	4.544415e-01
 383	2.830340e-03	1.576494e-01	3.130344e-01
 384	2.830340e-03	1.630398e-01	2.725113e-01
 385	2.830340e-03	1.600296e-01	3.184186e-01
 386	2.830340e-03	1.521929e-01	3.004085e-01
 387	2.830340e-03	1.300660e-01	2.293846e-01
 388	2.830340e-03	1.534064e-01	3.759013e-01
 389	2.830340e-03	2.065198e-01	7.561738e-01
 390	2.830340e-03	1.516357e-01	2.184229e-01
 391	2.830340e-03	1.062745e-01	1.348087e-01
 392	2.830340e-03	1.087558e-01	1.782683e-01
 393	2.830340e-03	2.958179e-01	1.451378e+00
 394	2.830340e-03	4.192249e-01	3.175175e+00
 395	2.830340e-03	3.358564e-01	1.327320e+00
 396	2.830340e-03	2.223010e-01	8.664123e-01
 397	2.830340e-03	3.296345e-01	1.717918e+00
 398	2.830340e-03	2.149047e-01	8.331718e-01
 399	2.830340e-03	1.674152e-01	6.029536e-01
 400	2.830340e-03	1.676527e-01	3.147201e-01
 401	2.830340e-03	2.103630e-01	1.021628e+00
 402	2.830340e-03	2.177472e-01	4.363355e-01
 403	2.830340e-03	1.102703e-01	1.340669e-01
 404	2.830340e-03	1.641489e-01	4.643480e-01
 405	2.830340e-03	1.414692e-01	2.507995e-01
 406	2.830340e-03	4.829427e-01	3.662467e+00
 407	2.830340e-03	1.473028e-01	4.045312e-01
 408	2.830340e-03	4.112974e-01	2.198904e+00
 409	2.830340e-03	1.152082e-01	2.792706e-01
 410	2.830340e-03	1.867295e-01	5.405938e-01
 411	2.830340e-03	2.086658e-01	8.610359e-01
 412	2.830340e-03	1.520657e-01	4.435296e-01
 413	2.830340e-03	2.834154e-01	1.569444e+00
 414	2.830340e-03	1.668168e-01	7.958671e-01
 415	2.830340e-03	1.590827e-01	4.030470e-01
 416	2.801337e-03	8.485571e-01	7.001819e+00
 417	2.801337e-03	3.233414e-01	1.645639e+00
 418	2.801337e-03	1.106547e-01	1.385873e-01
 419	2.801337e-03	1.959304e-01	4.157135e-01
 420	2.801337e-03	8.515284e-01	6.433071e+00
 421	2.801337e-03	2.838324e-01	1.285672e+00
 422	2.801337e-03	1.162105e-01	1.731051e-01
 423	2.801337e-03	3.156008e-01	1.098788e+00
 424	2.801337e-03	2.254534e-01	5.549148e-01
 425	2.801337e-03	1.955866e-01	6.073485e-01
 426	2.801337e-03	2.853679e-01	1.385919e+00
 427	2.801337e-03	3.509712e-01	1.709057e+00
 428	2.801337e-03	5.759049e+00	5.438479e+01
 429	2.801337e-03	1.577423e-01	3.191738e-01
 430	2.801337e-03	2.353271e-01	1.050961e+00
 431	2.801337e-03	1.300667e-01	2.057389e-01
 432	2.801337e-03	3.135202e-01	1.482447e+00
 433	2.801337e-03	1.124845e-01	2.187543e-01
 434	2.801337e-03	5.236329e-01	2.804686e+00
 435	2.801337e-03	2.186520e-01	6.361188e-01
 436	2.801337e-03	2.003198e-01	5.189508e-01
 437	2.801337e-03	1.229507e-01	1.764216e-01
 438	2.801337e-03	1.545329e-01	3.172497e-01
 439	2.801337e-03	2.563827e-01	8.219837e-01
 440	2.801337e-03	1.108711e-01	2.128857e-01
 441	2.801337e-03	1.140708e-01	2.446517e-01
 442	2.801337e-03	2.220388e-01	1.048418e+00
 443	2.801337e-03	2.256543e-01	1.126475e+00
 444	2.801337e-03	8.524534e-02	9.789407e-02
 445	2.801337e-03	1.000002e+05	9.949873e+05
 446	2.801337e-03	2.197138e-01	6.282144e-01
 447	2.801337e-03	1.527481e+00	1.035750e+01
 448	2.801337e-03	1.730182e+00	1.593531e+01
 449	2.801337e-03	7.091864e-01	4.656241e+00
 450	2.801337e-03	2.033671e-01	4.107617e-01
 451	2.801337e-03	2.029607e-01	8.187649e-01
 452	2.801337e-03	1.241052e-01	2.161375e-01
 453	2.801337e-03	1.700103e-01	3.397644e-01
 454	2.801337e-03	1.577981e-01	3.218976e-01
 455	2.801337e-03	1.936905e-01	6.110443e-01
 456	2.801337e-03	2.477396e-01	6.202674e-01
 457	2.801337e-03	1.252813e-01	3.207101e-01
 458	2.801337e-03	1.573341e-01	2.330739e-01
 459	2.801337e-03	3.298425e-01	1.519982e+00
 460	2.801337e-03	1.064187e+00	7.065182e+00
 461	2.801337e-03	1.924360e-01	8.076972e-01
 462	2.801337e-03	4.949284e-01	3.579516e+00
 463	2.801337e-03	1.911906e-01	5.713438e-01
 464	2.801337e-03	7.011906e+00	5.499106e+01
 465	2.801337e-03	2.031583e-01	4.749022e-01
 466	2.801337e-03	1.000002e+05	9.949873e+05
 467	2.801337e-03	1.544647e-01	3.602717e-01
 468	2.801337e-03	2.037447e-01	6.776035e-01
 469	2.801337e-03	4.095813e-01	2.055257e+00
 470	2.801337e-03	1.722027e-01	4.377452e-01
 471	2.801337e-03	9.949513e-02	1.821301e-01
 472	2.801337e-03	1.853802e-01	4.464404e-01
 473	2.801337e-03	1.389456e-01	3.146449e-01
 474	2.801337e-03	1.280077e-01	2.516004e-01
 475	2.801337e-03	4.321635e-01	2.764208e+00
 476	2.801337e-03	1.000002e+05	9.949873e+05
 477	2.801337e-03	2.743036e-01	1.394546e+00
 478	2.801337e-03	1.296626e-01	2.631827e-01
 479	2.801337e-03	2.422364e-01	5.747651e-01
 480	2.801337e-03	1.145994e-01	2.339727e-01
 481	2.801337e-03	2.470583e-01	8.782620e-01
 482	2.801337e-03	1.744822e-01	3.057104e-01
 483	2.801337e-03	5.657186e+00	5.460670e+01
 484	2.801337e-03	6.696993e-01	3.415300e+00
 485	2.801337e-03	5.829715e+00	5.439568e+01
 486	2.801337e-03	5.588299e+00	5.438331e+01
 487	2.801337e-03	1.792633e-01	4.388827e-01
 488	2.801337e-03	1.208529e-01	2.238565e-01
 489	2.801337e-03	2.282526e-01	7.833139e-01
 490	2.801337e-03	2.989448e-01	1.415048e+00
 491	2.801337e-03	3.065153e-01	1.262999e+00
 492	2.801337e-03	3.159916e-01	1.627745e+00
 493	2.801337e-03	1.872581e-01	6.779720e-01
 494	2.801337e-03	5.616131e+00	5.438125e+01
 495	2.801337e-03	1.830541e-01	4.884083e-01
 496	2.801337e-03	1.566923e-01	3.114412e-01
 497	2.801337e-03	6.458186e-01	4.568997e+00
 498	2.801337e-03	1.514687e-01	2.709894e-01
 499	2.801337e-03	5.574521e+00	5.438432e+01
 500	2.801337e-03	1.313544e-01	3.791266e-01
 501	2.801337e-03	3.656225e-01	2.112176e+00
 502	2.801337e-03	1.813109e-01	7.767419e-01
 503	2.801337e-03	1.000001e+05	9.949873e+05
 504	2.801337e-03	1.294338e-01	3.904706e-01
 505	2.801337e-03	1.358035e-01	2.641861e-01
 506	2.801337e-03	1.685827e-01	3.076492e-01
 507	2.801337e-03	1.519715e-01	2.371753e-01
 508	2.801337e-03	1.581099e-01	4.674667e-01
 509	2.801337e-03	1.643680e-01	3.789332e-01
 510	2.801337e-03	5.883376e-01	4.677394e+00
 511	2.801337e-03	3.638758e-01	1.539959e+00
 512	2.801337e-03	1.939620e-01	4.244928e-01
 513	2.801337e-03	1.124535e-01	1.758132e-01
 514	2.801337e-03	1.612468e-01	5.294000e-01
 515	2.801337e-03	2.920951e-01	1.306157e+00
 516	2.801337e-03	3.245309e-01	1.146210e+00
 517	2.801337e-03	1.371044e-01	2.923268e-01
 518	2.801337e-03	1.991792e-01	5.344224e-01
 519	2.801337e-03	2.028311e-01	5.356326e-01
 520	2.801337e-03	1.669453e-01	4.349715e-01
 521	2.801337e-03	5.601070e+00	5.438227e+01
 522	2.801337e-03	1.397478e-01	2.679143e-01
 523	2.801337e-03	1.982422e-01	5.746791e-01
 524	2.801337e-03	9.052870e-02	1.034412e-01
 525	2.801337e-03	1.000001e+05	9.949873e+05
 526	2.801337e-03	1.831981e-01	3.519008e-01
 527	2.801337e-03	1.110668e+00	9.635177e+00
 528	2.801337e-03	1.000023e+05	9.949871e+05
 529	2.801337e-03	1.010833e-01	1.450405e-01
 530	2.801337e-03	1.604393e-01	6.583878e-01
 531	2.801337e-03	5.630564e-01	3.752422e+00
 532	2.801337e-03	1.374971e+00	1.112279e+01
 533	2.801337e-03	1.000002e+05	9.949873e+05
 534	2.801337e-03	1.928424e-01	4.309754e-01
 535	2.801337e-03	6.957212e-01	4.877667e+00
 536	2.801337e-03	1.865575e-01	5.053454e-01
 537	2.801337e-03	5.618927e+00	5.438073e+01
 538	2.801337e-03	4.631888e-01	2.630282e+00
 539	2.801337e-03	1.971568e-01	5.235189e-01
 540	2.801337e-03	1.231162e-01	2.546589e-01
 541	2.801337e-03	1.736926e-01	5.404987e-01
 542	2.801337e-03	3.741527e-01	1.370037e+00
 543	2.801337e-03	1.115006e-01	1.323375e-01
 544	2.801337e-03	2.660518e-01	1.127774e+00
 545	2.801337e-03	3.178085e-01	1.542523e+00
 546	2.801337e-03	4.343071e-01	2.430034e+00
 547	2.801337e-03	2.004548e-01	5.258641e-01
 548	2.801337e-03	1.505141e-01	4.436483e-01
 549	2.801337e-03	1.000003e+05	9.949873e+05
 550	2.801337e-03	2.728101e-01	7.424137e-01
 551	2.801337e-03	1.158224e-01	1.880082e-01
 552	2.801337e-03	1.000003e+05	9.949873e+05
 553	2.801337e-03	1.692205e-01	3.757947e-01
 554	2.801337e-03	8.467437e-01	6.797195e+00
 555	2.801337e-03	1.000002e+05	9.949873e+05
 556	2.801337e-03	1.524498e-01	3.088679e-01
 557	2.801337e-03	2.198257e-01	4.332260e-01
 558	2.801337e-03	1.190447e-01	2.940737e-01
 559	2.801337e-03	2.057364e-01	6.900616e-01
 560	2.801337e-03	1.276607e-01	2.424859e-01
 561	2.801337e-03	1.961017e-01	6.728814e-01
 562	2.801337e-03	2.822878e-01	1.170324e+00
 563	2.801337e-03	2.061191e-01	4.133511e-01
 564	2.801337e-03	2.908174e-01	9.249967e-01
 565	2.801337e-03	1.068362e-01	1.538621e-01
 566	2.801337e-03	1.535650e-01	3.031315e-01
 567	2.801337e-03	1.311239e-01	2.501510e-01
 568	2.801337e-03	1.000002e+05	9.949873e+05
 569	2.801337e-03	4.700250e-01	1.942640e+00
 570	2.801337e-03	1.609651e-01	5.558994e-01
 571	2.801337e-03	2.333363e-01	5.863269e-01
 572	2.801337e-03	1.000003e+05	9.949873e+05
 573	2.801337e-03	1.610117e-01	3.235194e-01
 574	2.801337e-03	1.154160e-01	1.576786e-01
 575	2.801337e-03	1.381695e-01	2.425805e-01
 576	2.801337e-03	2.805129e-01	1.108980e+00
 577	2.801337e-03	2.574226e-01	1.533642e+00
 578	2.801337e-03	2.119337e-01	1.019493e+00
 579	2.801337e-03	5.445545e-01	2.802751e+00
 580	2.801337e-03	2.628057e+00	2.490791e+01
 581	2.801337e-03	2.187581e-01	6.995511e-01
 582	2.801337e-03	1.350226e-01	2.240234e-01
 583	2.801337e-03	3.454870e-01	1.756920e+00
 584	2.801337e-03	8.204197e-01	4.768112e+00
 585	2.801337e-03	1.132356e-01	1.929083e-01
 586	2.801337e-03	1.440984e-01	3.401938e-01
 587	2.801337e-03	3.181236e-01	1.941055e+00
 588	2.801337e-03	5.649775e-01	4.230721e+00
 589	2.801337e-03	1.654237e-01	3.398484e-01
 590	2.801337e-03	2.378168e-01	9.316550e-01
 591	2.801337e-03	2.310345e-01	1.090547e+00
 592	2.801337e-03	3.674715e-01	2.282563e+00
 593	2.801337e-03	3.440215e-01	1.174420e+00
 594	2.801337e-03	5.166937e-01	3.613277e+00
 595	2.801337e-03	3.971351e-01	1.698276e+00
 596	2.801337e-03	1.642654e-01	5.110400e-01
 597	2.801337e-03	2.744228e-01	1.056453e+00
 598	2.801337e-03	1.235544e-01	2.393354e-01
 599	2.801337e-03	1.358070e-01	2.207742e-01
 600	2.801337e-03	1.600598e-01	2.924200e-01
 601	2.801337e-03	1.861858e-01	7.282446e-01
 602	2.801337e-03	1.826996e-01	3.942540e-01
 603	2.801337e-03	2.592862e-01	1.003274e+00
 604	2.801337e-03	1.942401e-01	5.475400e-01
 605	2.801337e-03	3.973228e+00	3.827120e+01
 606	2.801337e-03	1.599041e-01	3.804053e-01
 607	2.801337e-03	2.698439e-01	8.469756e-01
 608	2.801337e-03	3.058077e-01	1.347144e+00
 609	2.801337e-03	5.911245e-01	3.087025e+00
 610	2.801337e-03	1.351497e-01	2.195905e-01
 611	2.801337e-03	1.000001e+05	9.949873e+05
 612	2.801337e-03	1.574738e-01	2.975602e-01
 613	2.801337e-03	1.195385e-01	1.668942e-01
 614	2.801337e-03	1.086905e-01	1.737640e-01
 615	2.801337e-03	5.607647e+00	5.438160e+01
 616	2.801337e-03	3.241463e-01	9.232586e-01
 617	2.801337e-03	1.987472e-01	6.737836e-01
 618	2.801337e-03	2.176421e-01	8.167284e-01
 619	2.801337e-03	4.699463e-01	3.487914e+00
 620	2.801337e-03	2.907624e-01	1.364854e+00
 621	2.801337e-03	2.126722e-01	6.327851e-01
 622	2.801337e-03	3.764215e-01	1.845656e+00
 623	2.801337e-03	5.736595e+00	5.437619e+01
 624	2.801337e-03	3.504303e-01	1.232490e+00
 625	2.801337e-03	1.000001e+05	9.949873e+05
 626	2.801337e-03	1.613668e-01	3.677916e-01
 627	2.801337e-03	6.256897e-01	4.862240e+00
 628	2.801337e-03	2.548934e+00	2.360507e+01
 629	2.801337e-03	1.308181e-01	2.619553e-01
 630	2.801337e-03	6.032440e-01	2.922892e+00
 631	2.801337e-03	4.592096e-01	2.380779e+00
 632	2.801337e-03	1.000004e+05	9.949873e+05
 633	2.801337e-03	1.867886e-01	3.657146e-01
 634	2.801337e-03	5.257395e-01	3.355559e+00
 635	2.801337e-03	1.122499e-01	1.857031e-01
 636	2.801337e-03	3.556064e-01	2.331118e+00
 637	2.801337e-03	1.498222e+00	1.347457e+01
 638	2.801337e-03	5.988332e+00	5.442101e+01
 639	2.801337e-03	1.539665e-01	2.982546e-01
 640	2.801337e-03	3.992068e-01	2.793540e+00
 641	2.801337e-03	1.000059e+05	9.949867e+05
 642	2.801337e-03	1.751225e-01	3.477289e-01
 643	2.801337e-03	1.363324e-01	3.045618e-01
 644	2.801337e-03	1.106728e-01	1.990140e-01
 645	2.801337e-03	2.477584e+00	2.329952e+01
 646	2.801337e-03	1.165762e-01	2.040216e-01
 647	2.801337e-03	1.970358e+00	1.807450e+01
 648	2.801337e-03	1.000005e+05	9.949873e+05
 649	2.801337e-03	3.268693e-01	1.110543e+00
 650	2.801337e-03	3.296922e-01	1.754249e+00
 651	2.801337e-03	1.380279e-01	2.122047e-01
 652	2.801337e-03	1.899081e-01	7.026472e-01
 653	2.801337e-03	3.109308e-01	9.178887e-01
 654	2.801337e-03	1.217160e+00	1.128932e+01
 655	2.801337e-03	1.035817e+00	5.698500e+00
 656	2.801337e-03	2.777537e-01	1.603813e+00
 657	2.801337e-03	1.773538e-01	4.759598e-01
 658	2.801337e-03	1.884758e-01	4.728140e-01
 659	2.801337e-03	1.597345e-01	2.637104e-01
 660	2.801337e-03	2.127154e+00	1.902443e+01
 661	2.801337e-03	1.000017e+05	9.949872e+05
 662	2.801337e-03	3.485726e-01	2.462864e+00
 663	2.801337e-03	1.000001e+05	9.949873e+05
 664	2.801337e-03	1.000005e+05	9.949873e+05
 665	2.801337e-03	1.908932e-01	5.843950e-01
 666	2.801337e-03	2.825598e-01	1.258373e+00
 667	2.801337e-03	7.243089e-01	4.841378e+00
 668	2.801337e-03	7.312717e-01	3.278456e+00
 669	2.801337e-03	2.101255e-01	6.212123e-01
 670	2.801337e-03	8.964761e-02	8.845825e-02
 671	2.801337e-03	3.779013e-01	1.671063e+00
 672	2.801337e-03	5.109837e-01	2.700557e+00
 673	2.801337e-03	2.122506e-01	7.284483e-01
 674	2.801337e-03	5.389219e-01	2.679486e+00
 675	2.801337e-03	1.608040e-01	4.511476e-01
 676	2.801337e-03	1.432191e-01	2.286155e-01
 677	2.801337e-03	1.200303e-01	1.994407e-01
 678	2.801337e-03	4.155742e-01	2.158165e+00
 679	2.801337e-03	1.113410e-01	1.624137e-01
 680	2.801337e-03	1.371513e-01	2.286842e-01
 681	2.801337e-03	1.753866e-01	4.286393e-01
 682	2.801337e-03	1.000002e+05	9.949873e+05
 683	2.801337e-03	1.401200e-01	3.119614e-01
 684	2.801337e-03	1.273674e-01	2.227740e-01
 685	2.801337e-03	5.495912e-01	3.326057e+00
 686	2.801337e-03	1.954917e-01	4.694137e-01
 687	2.801337e-03	1.000001e+05	9.949873e+05
 688	2.801337e-03	1.513436e-01	2.985843e-01
 689	2.801337e-03	1.498719e-01	2.985849e-01
 690	2.801337e-03	1.162537e-01	2.296336e-01
 691	2.801337e-03	1.921271e-01	5.273739e-01
 692	2.801337e-03	1.752538e-01	5.666352e-01
 693	2.801337e-03	1.644934e-01	3.543255e-01
 694	2.801337e-03	2.331025e-01	1.172716e+00
 695	2.801337e-03	1.459055e-01	3.202207e-01
 696	2.801337e-03	2.614949e-01	1.396738e+00
 697	2.801337e-03	1.114488e+00	5.814930e+00
 698	2.801337e-03	2.271239e-01	7.798255e-01
 699	2.801337e-03	2.171416e-01	8.648696e-01
 700	2.801337e-03	1.000001e+05	9.949873e+05
 701	2.801337e-03	1.285756e-01	2.198390e-01
 702	2.801337e-03	5.698252e+00	5.437636e+01
 703	2.801337e-03	5.190852e-01	2.975035e+00
 704	2.801337e-03	1.886174e-01	5.071839e-01
 705	2.801337e-03	2.820097e-01	1.356589e+00
 706	2.801337e-03	2.440159e-01	8.754145e-01
 707	2.801337e-03	5.213898e-01	3.251911e+00
 708	2.801337e-03	1.593973e-01	4.507770e-01
 709	2.801337e-03	1.070223e-01	2.111363e-01
 710	2.553342e-03	5.845360e+00	5.436881e+01
 711	2.553342e-03	7.721364e+00	5.599887e+01
 712	2.553342e-03	1.604193e-01	3.373474e-01
 713	2.553342e-03	1.475112e-01	3.420416e-01
 714	2.553342e-03	5.447648e-01	2.444598e+00
 715	2.553342e-03	1.284162e+00	9.902081e+00
 716	2.553342e-03	1.532971e+00	1.388678e+01
 717	2.553342e-03	4.560444e-01	2.143426e+00
 718	2.553342e-03	1.292007e-01	2.714761e-01
 719	2.553342e-03	1.781192e-01	3.784697e-01
 720	2.553342e-03	1.309189e-01	2.676662e-01
 721	2.553342e-03	7.967421e-01	6.239660e+00
 722	2.553342e-03	5.619439e+00	5.438047e+01
 723	2.553342e-03	5.754652e-01	4.274654e+00
 724	2.553342e-03	2.405181e-01	6.972471e-01
 725	2.553342e-03	5.922469e-01	2.532522e+00
 726	2.553342e-03	9.809389e-02	1.091522e-01
 727	2.553342e-03	1.000056e+05	9.949868e+05
 728	2.553342e-03	1.331678e-01	2.226897e-01
 729	2.553342e-03	1.738883e-01	4.409476e-01
 730	2.553342e-03	1.942895e-01	7.698345e-01
 731	2.553342e-03	1.230809e-01	2.025146e-01
 732	2.553342e-03	1.338303e-01	2.097308e-01
 733	2.553342e-03	1.531008e+00	1.157347e+01
 734	2.553342e-03	1.888501e-01	6.239918e-01
 735	2.553342e-03	1.699220e-01	4.215312e-01
 736	2.553342e-03	2.014364e-01	5.349850e-01
 737	2.553342e-03	2.154410e-01	5.165976e-01
 738	2.553342e-03	2.287450e-01	6.562650e-01
 739	2.553342e-03	3.029649e-01	1.220181e+00
 740	2.553342e-03	3.015931e+00	2.744743e+01
 741	2.553342e-03	4.890726e-01	2.545682e+00
 742	2.553342e-03	1.097929e-01	1.600024e-01
 743	2.553342e-03	2.983525e-01	1.402642e+00
 744	2.553342e-03	1.544321e+00	1.337144e+01
 745	2.553342e-03	1.481075e-01	3.213316e-01
 746	2.553342e-03	1.656205e-01	3.276532e-01
 747	2.553342e-03	1.361484e-01	2.638590e-01
 748	2.553342e-03	2.192179e-01	6.279843e-01
 749	2.553342e-03	1.187819e-01	2.001877e-01
 750	2.553342e-03	1.707194e-01	5.986060e-01
 751	2.553342e-03	1.857399e-01	5.741406e-01
 752	2.553342e-03	2.956131e-01	1.065560e+00
 753	2.553342e-03	1.000002e+05	9.949873e+05
 754	2.553342e-03	1.540623e-01	3.476187e-01
 755	2.553342e-03	1.281037e-01	2.307795e-01
 756	2.553342e-03	6.580352e-01	4.575093e+00
 757	2.553342e-03	1.000003e+05	9.949873e+05
 758	2.553342e-03	1.353734e-01	3.066432e-01
 759	2.553342e-03	2.159814e-01	7.339452e-01
 760	2.553342e-03	1.466941e-01	3.043387e-01
 761	2.553342e-03	1.438508e-01	3.838806e-01
 762	2.553342e-03	1.397801e-01	5.161095e-01
 763	2.553342e-03	1.676457e-01	2.585366e-01
 764	2.553342e-03	4.409600e-01	2.733841e+00
 765	2.553342e-03	2.699524e-01	5.707323e-01
 766	2.553342e-03	5.492543e-01	4.034269e+00
 767	2.553342e-03	1.783922e-01	3.653694e-01
 768	2.553342e-03	1.016370e+00	5.718179e+00
 769	2.553342e-03	1.112068e+01	7.651425e+01
 770	2.553342e-03	5.678492e+00	5.437645e+01
 771	2.553342e-03	2.354080e-01	7.522950e-01
 772	2.553342e-03	2.133127e-01	1.141135e+00
 773	2.553342e-03	8.181816e-02	7.077343e-02
 774	1.835281e-03	1.092286e+00	5.513248e+00
 775	1.835281e-03	1.292806e-01	2.752448e-01
 776	1.835281e-03	1.524273e-01	2.878607e-01
 777	1.835281e-03	1.283829e-01	3.076172e-01
 778	1.835281e-03	1.519027e-01	3.003269e-01
 779	1.835281e-03	1.546995e-01	3.554168e-01
 780	1.835281e-03	5.731135e+00	5.437332e+01
 781	1.835281e-03	3.356538e-01	1.481157e+00
 782	1.835281e-03	3.431197e-01	1.779969e+00
 783	1.835281e-03	3.151262e-01	1.597368e+00
 784	1.835281e-03	2.728577e+00	1.554503e+01
 785	1.835281e-03	1.262122e-01	2.033386e-01
 786	1.835281e-03	1.501449e-01	3.483181e-01
 787	1.835281e-03	5.712767e+00	5.438004e+01
 788	1.835281e-03	9.214442e-01	5.233302e+00
 789	1.835281e-03	1.658828e-01	4.552250e-01
 790	1.835281e-03	1.204940e-01	2.508486e-01
 791	1.835281e-03	1.457321e-01	5.714520e-01
 792	1.835281e-03	3.013641e-01	1.297124e+00
 793	1.835281e-03	1.833828e-01	4.062728e-01
 794	1.835281e-03	1.479452e-01	3.690026e-01
 795	1.835281e-03	3.721201e-01	1.357481e+00
 796	1.835281e-03	2.139830e-01	7.156143e-01
 797	1.835281e-03	3.229613e-01	9.405227e-01
 798	1.835281e-03	1.750414e-01	3.373173e-01
 799	1.835281e-03	3.818242e-01	2.449850e+00
 800	1.835281e-03	4.398865e-01	1.914936e+00
 801	1.835281e-03	5.867797e+00	5.437847e+01
 802	1.835281e-03	5.745753e+00	5.438537e+01
 803	1.835281e-03	2.446094e-01	8.011270e-01
 804	1.835281e-03	5.478243e-01	3.042467e+00
 805	1.835281e-03	5.567397e+00	5.438512e+01
 806	1.835281e-03	1.312125e-01	3.544501e-01
 807	1.835281e-03	5.826081e+00	5.437359e+01
 808	1.835281e-03	1.153056e-01	2.881351e-01
 809	1.835281e-03	2.455083e-01	1.032024e+00
 810	1.835281e-03	1.367779e+00	7.895224e+00
 811	1.835281e-03	1.930211e-01	4.073742e-01
 812	1.835281e-03	1.522307e-01	3.442902e-01
 813	1.835281e-03	4.311556e-01	2.167561e+00
 814	1.835281e-03	1.000001e+05	9.949873e+05
 815	1.835281e-03	5.625296e-01	3.532205e+00
 816	1.835281e-03	2.868361e-01	8.516623e-01
 817	1.835281e-03	1.000038e+05	9.949870e+05
 818	1.835281e-03	1.635328e-01	3.605468e-01
 819	1.835281e-03	1.747474e-01	4.147339e-01
 820	1.835281e-03	2.723500e-01	7.929901e-01
 821	1.835281e-03	3.400478e-01	1.399461e+00
 822	1.835281e-03	3.718620e-01	2.337405e+00
 823	1.835281e-03	3.764331e-01	2.831572e+00
 824	1.835281e-03	1.907532e-01	4.930447e-01
 825	1.835281e-03	9.291510e-01	5.674035e+00
 826	1.835281e-03	5.689010e+00	5.437823e+01
 827	1.835281e-03	3.884122e-01	1.902736e+00
 828	1.835281e-03	1.618289e-01	3.749301e-01
 829	1.835281e-03	1.000004e+05	9.949873e+05
 830	1.835281e-03	4.067959e-01	2.041717e+00
 831	1.835281e-03	4.385545e-01	1.545570e+00
 832	1.835281e-03	7.839783e+00	5.706611e+01
 833	1.835281e-03	2.421923e-01	9.005128e-01
 834	1.835281e-03	1.227142e+00	1.005080e+01
 835	1.835281e-03	1.099611e+00	7.705935e+00
 836	1.835281e-03	5.730310e+00	5.438845e+01
 837	1.835281e-03	2.669688e+00	2.467334e+01
 838	1.835281e-03	3.674027e-01	1.331885e+00
 839	1.835281e-03	8.142884e-01	5.596407e+00
 840	1.835281e-03	5.257979e-01	4.267216e+00
 841	1.835281e-03	1.998091e-01	5.698766e-01
 842	1.835281e-03	1.295166e+00	1.124247e+01
 843	1.835281e-03	1.646491e-01	5.220523e-01
 844	1.835281e-03	2.179278e-01	8.515237e-01
 845	1.835281e-03	2.408709e-01	9.918157e-01
 846	1.835281e-03	1.247043e+00	9.802444e+00
 847	1.835281e-03	1.346152e-01	2.773242e-01
 848	1.835281e-03	8.770244e-02	1.072743e-01
 849	1.835281e-03	6.044313e+00	5.452104e+01
 850	1.835281e-03	3.348937e-01	1.847394e+00
 851	1.835281e-03	1.356506e-01	2.955070e-01
 852	1.835281e-03	1.000005e+05	9.949873e+05
 853	1.835281e-03	4.407036e-01	1.886455e+00
 854	1.835281e-03	3.675580e-01	1.514312e+00
 855	1.835281e-03	3.214258e-01	1.497739e+00
 856	1.835281e-03	1.264591e-01	1.995693e-01
 857	1.835281e-03	1.973552e-01	6.745468e-01
 858	1.835281e-03	1.000002e+05	9.949873e+05
 859	1.835281e-03	1.219240e-01	1.824696e-01
 860	1.835281e-03	1.117091e-01	1.717870e-01
 861	1.835281e-03	1.165446e-01	1.675509e-01
 862	1.835281e-03	1.000004e+05	9.949873e+05
 863	1.835281e-03	2.675695e-01	7.143515e-01
 864	1.835281e-03	1.000001e+05	9.949873e+05
 865	1.835281e-03	1.490411e-01	2.633073e-01
 866	1.835281e-03	1.890792e-01	6.646056e-01
 867	1.835281e-03	1.296338e-01	3.113609e-01
 868	1.835281e-03	4.754293e-01	2.307739e+00
 869	1.835281e-03	2.299851e-01	7.681538e-01
 870	1.835281e-03	9.401710e-01	7.985689e+00
 871	1.835281e-03	3.865204e-01	1.239865e+00
 872	1.835281e-03	1.324908e-01	3.195744e-01
 873	1.835281e-03	5.849465e-01	4.709724e+00
 874	1.835281e-03	1.905886e-01	4.815474e-01
 875	1.835281e-03	2.136096e-01	1.160191e+00
 876	1.835281e-03	1.136072e-01	1.947752e-01
 877	1.835281e-03	2.317974e-01	7.449998e-01
 878	1.835281e-03	1.747263e+00	1.294526e+01
 879	1.835281e-03	5.344853e-01	3.360681e+00
 880	1.835281e-03	7.628748e-01	4.057593e+00
 881	1.835281e-03	1.000002e+05	9.949873e+05
 882	1.835281e-03	2.193724e-01	5.638635e-01
 883	1.835281e-03	3.316294e-01	1.016432e+00
 884	1.835281e-03	2.073402e-01	7.147666e-01
 885	1.835281e-03	2.372924e-01	6.448963e-01
 886	1.835281e-03	1.294103e-01	2.314798e-01
 887	1.835281e-03	3.242512e-01	1.688742e+00
 888	1.835281e-03	1.361002e-01	2.055230e-01
 889	1.835281e-03	1.367956e-01	3.730797e-01
 890	1.835281e-03	5.065520e-01	2.677475e+00
 891	1.835281e-03	2.063064e-01	4.782978e-01
 892	1.835281e-03	2.017083e-01	5.887058e-01
 893	1.835281e-03	1.288941e-01	2.669922e-01
 894	1.835281e-03	1.264894e-01	2.192577e-01
 895	1.835281e-03	3.355697e+00	2.945195e+01
 896	1.835281e-03	1.415608e-01	4.403377e-01
 897	1.835281e-03	1.260835e-01	2.683512e-01
 898	1.835281e-03	1.000001e+05	9.949873e+05
 899	1.835281e-03	4.682751e-01	1.840689e+00
 900	1.835281e-03	1.846224e-01	5.520073e-01
 901	1.835281e-03	5.597258e+00	5.438230e+01
 902	1.835281e-03	2.620506e-01	1.306400e+00
 903	1.835281e-03	6.751124e+00	5.713782e+01
 904	1.835281e-03	3.543983e-01	2.130602e+00
 905	1.835281e-03	5.741469e+00	5.438091e+01
 906	1.835281e-03	2.526485e-01	9.644302e-01
 907	1.835281e-03	1.322214e-01	2.335548e-01
 908	1.835281e-03	2.445482e-01	9.210329e-01
 909	1.835281e-03	1.192766e-01	2.213191e-01
 910	1.835281e-03	1.000007e+05	9.949873e+05
 911	1.835281e-03	1.260082e-01	1.710598e-01
 912	1.835281e-03	2.776582e-01	1.486638e+00
 913	1.835281e-03	5.068700e-01	2.837857e+00
 914	1.835281e-03	3.250754e-01	1.588695e+00
 915	1.835281e-03	1.470230e-01	5.610326e-01
 916	1.835281e-03	1.097375e-01	2.393963e-01
 917	1.835281e-03	2.240544e-01	6.744292e-01
 918	1.835281e-03	1.552777e-01	3.454614e-01
 919	1.835281e-03	1.000001e+05	9.949873e+05
 920	1.835281e-03	4.366081e-01	3.121357e+00
 921	1.835281e-03	1.099338e-01	2.022528e-01
 922	1.835281e-03	5.238861e-01	3.734265e+00
 923	1.835281e-03	1.000003e+05	9.949873e+05
 924	1.835281e-03	4.191646e-01	1.851608e+00
 925	1.835281e-03	1.730983e-01	3.744882e-01
 926	1.835281e-03	2.113943e-01	4.999173e-01
 927	1.835281e-03	1.499263e-01	4.311807e-01
 928	1.835281e-03	1.670151e-01	4.792808e-01
 929	1.835281e-03	1.391681e-01	2.695407e-01
 930	1.835281e-03	1.558200e-01	3.001632e-01
 931	1.835281e-03	1.722903e-01	4.088222e-01
 932	1.835281e-03	1.000002e+05	9.949873e+05
 933	1.835281e-03	1.750485e-01	3.324589e-01
 934	1.835281e-03	1.306206e-01	1.901721e-01
 935	1.835281e-03	1.000001e+05	9.949873e+05
 936	1.835281e-03	1.556898e-01	3.600939e-01
 937	1.835281e-03	1.165412e-01	1.687963e-01
 938	1.835281e-03	4.429630e-01	3.135880e+00
 939	1.835281e-03	3.906488e+00	3.661407e+01
 940	1.835281e-03	3.962533e-01	1.755404e+00
 941	1.835281e-03	2.015856e-01	5.900429e-01
 942	1.835281e-03	3.923234e-01	1.948442e+00
 943	1.835281e-03	6.704574e-01	4.270977e+00
 944	1.835281e-03	1.651483e-01	3.380503e-01
 945	1.835281e-03	2.290428e-01	1.042278e+00
 946	1.835281e-03	3.511564e-01	2.285205e+00
 947	1.835281e-03	1.000005e+05	9.949873e+05
 948	1.835281e-03	1.449297e-01	2.873732e-01
 949	1.835281e-03	8.435312e-01	6.570945e+00
 950	1.835281e-03	1.591167e+00	8.756239e+00
 951	1.835281e-03	2.301433e-01	6.154220e-01
 952	1.835281e-03	5.104378e-01	3.774788e+00
 953	1.835281e-03	2.276340e-01	8.849380e-01
 954	1.835281e-03	2.287398e-01	7.060141e-01
 955	1.835281e-03	5.992187e+00	5.444029e+01
 956	1.835281e-03	1.858530e-01	7.622735e-01
 957	1.835281e-03	1.000003e+05	9.949873e+05
 958	1.835281e-03	6.577563e-01	5.306271e+00
 959	1.835281e-03	1.578115e-01	4.659011e-01
 960	1.835281e-03	1.238441e-01	2.450303e-01
 961	1.835281e-03	1.425211e-01	2.901098e-01
 962	1.835281e-03	1.000006e+05	9.949873e+05
 963	1.835281e-03	7.755765e-01	6.426646e+00
 964	1.835281e-03	2.088443e-01	4.664802e-01
 965	1.835281e-03	6.854957e-01	4.997354e+00
 966	1.835281e-03	9.758487e-01	7.854276e+00
 967	1.835281e-03	4.027451e-01	1.821228e+00
 968	1.835281e-03	1.808068e-01	5.306990e-01
 969	1.835281e-03	7.770071e-01	5.938269e+00
 970	1.835281e-03	1.049985e+00	5.652182e+00
 971	1.835281e-03	1.459159e-01	2.776528e-01
 972	1.835281e-03	4.020295e-01	1.800211e+00
 973	1.835281e-03	7.619124e-01	4.079782e+00
 974	1.835281e-03	3.508621e-01	2.094559e+00
 975	1.835281e-03	1.357234e-01	2.618141e-01
 976	1.835281e-03	9.970502e-01	9.071951e+00
 977	1.835281e-03	1.471852e-01	2.552379e-01
 978	1.835281e-03	1.602436e-01	3.271211e-01
 979	1.835281e-03	1.066802e+00	9.334635e+00
 980	1.835281e-03	1.554193e-01	4.021417e-01
 981	1.835281e-03	5.685668e-01	3.835201e+00
 982	1.835281e-03	4.561405e-01	2.968615e+00
 983	1.835281e-03	3.797360e-01	1.657755e+00
 984	1.835281e-03	1.000002e+05	9.949873e+05
 985	1.835281e-03	1.320631e-01	2.352545e-01
 986	1.835281e-03	2.058116e-01	6.673206e-01
 987	1.835281e-03	1.654523e-01	3.934434e-01
 988	1.835281e-03	2.424947e-01	8.731566e-01
 989	1.835281e-03	2.952337e+00	2.760089e+01
 990	1.835281e-03	1.000002e+05	9.949873e+05
 991	1.835281e-03	6.936290e-01	6.017039e+00
 992	1.835281e-03	1.817958e-01	5.336957e-01
 993	1.835281e-03	2.098465e-01	6.330093e-01
 994	1.835281e-03	4.919799e-01	3.015276e+00
 995	1.835281e-03	1.987719e-01	6.351821e-01
 996	1.835281e-03	1.468631e-01	3.181948e-01
 997	1.835281e-03	1.000020e+05	9.949871e+05
 998	1.835281e-03	4.738970e-01	1.979802e+00
