   0	9.974393e-02	5.337342e+01	1.616129e+02
   1	9.473319e-02	1.046265e+01	7.420780e+01
   0	3.446547e-02	2.261225e+07	7.137104e+08
   1	3.386853e-02	1.000010e+04	3.160696e+05
   2	3.386853e-02	3.000010e+04	5.469003e+05
   0	4.054065e-02	4.000010e+04	6.311893e+05
   1	4.054065e-02	2.000010e+04	4.467661e+05
   2	4.054065e-02	2.000010e+04	4.467661e+05
   3	4.054065e-02	1.000010e+04	3.160696e+05
   0	1.048283e-01	1.048283e-01	1.387779e-17
   1	1.048283e-01	1.048283e-01	1.387779e-17
   2	1.048283e-01	1.048283e-01	1.387779e-17
   3	1.048283e-01	1.048283e-01	1.387779e-17
   4	1.048283e-01	1.048283e-01	1.387779e-17
   5	1.048283e-01	1.048283e-01	1.387779e-17
   6	1.048283e-01	1.048283e-01	1.387779e-17
   7	1.048283e-01	1.048283e-01	1.387779e-17
   8	1.048283e-01	1.048283e-01	1.387779e-17
   9	1.048283e-01	1.048283e-01	1.387779e-17
  10	1.048283e-01	1.048283e-01	1.387779e-17
  11	1.048283e-01	1.048283e-01	1.387779e-17
  12	1.048283e-01	1.048283e-01	1.387779e-17
  13	1.048283e-01	1.048283e-01	1.387779e-17
  14	1.048283e-01	1.048283e-01	1.387779e-17
  15	1.048283e-01	1.048283e-01	1.387779e-17
  16	1.048283e-01	1.048283e-01	1.387779e-17
  17	1.048283e-01	1.048283e-01	1.387779e-17
  18	1.048283e-01	1.048283e-01	1.387779e-17
   0	1.048283e-01	1.048283e-01	1.387779e-17
   1	1.048283e-01	1.048283e-01	1.387779e-17
   2	1.048283e-01	1.048283e-01	1.387779e-17
   3	1.048283e-01	1.048283e-01	1.387779e-17
   0	1.048283e-01	1.048283e-01	1.387779e-17
   1	1.048283e-01	1.048283e-01	1.387779e-17
   2	1.048283e-01	1.048283e-01	1.387779e-17
   3	1.048283e-01	1.048283e-01	1.387779e-17
   4	1.048283e-01	1.048283e-01	1.387779e-17
   5	1.048283e-01	1.048283e-01	1.387779e-17
   6	1.048283e-01	1.048283e-01	1.387779e-17
   7	1.048283e-01	1.048283e-01	1.387779e-17
   8	1.048283e-01	1.048283e-01	1.387779e-17
   9	1.048283e-01	1.048283e-01	1.387779e-17
  10	1.048283e-01	1.048283e-01	1.387779e-17
  11	1.048283e-01	1.048283e-01	1.387779e-17
  12	1.048283e-01	1.048283e-01	1.387779e-17
  13	1.048283e-01	1.048283e-01	1.387779e-17
  14	1.048283e-01	1.048283e-01	1.387779e-17
  15	1.048283e-01	1.048283e-01	1.387779e-17
  16	1.048283e-01	1.048283e-01	1.387779e-17
  17	1.048283e-01	1.048283e-01	1.387779e-17
  18	1.048283e-01	1.048283e-01	1.387779e-17
  19	1.048283e-01	1.048283e-01	1.387779e-17
  20	1.048283e-01	1.048283e-01	1.387779e-17
  21	1.048283e-01	1.048283e-01	1.387779e-17
  22	1.048283e-01	1.048283e-01	1.387779e-17
  23	1.048283e-01	1.048283e-01	1.387779e-17
  24	1.048283e-01	1.048283e-01	1.387779e-17
  25	1.048283e-01	1.048283e-01	1.387779e-17
  26	1.048283e-01	1.048283e-01	1.387779e-17
  27	1.048283e-01	1.048283e-01	1.387779e-17
  28	1.048283e-01	1.048283e-01	1.387779e-17
  29	1.048283e-01	1.048283e-01	1.387779e-17
  30	1.048283e-01	1.048283e-01	1.387779e-17
  31	1.048283e-01	1.048283e-01	1.387779e-17
  32	1.048283e-01	1.048283e-01	1.387779e-17
  33	1.048283e-01	1.048283e-01	1.387779e-17
  34	1.048283e-01	1.048283e-01	1.387779e-17
  35	1.048283e-01	1.048283e-01	1.387779e-17
  36	1.048283e-01	1.048283e-01	1.387779e-17
  37	1.048283e-01	1.048283e-01	1.387779e-17
  38	1.048283e-01	1.048283e-01	1.387779e-17
  39	1.048283e-01	1.048283e-01	1.387779e-17
  40	1.048283e-01	1.048283e-01	1.387779e-17
  41	1.048283e-01	1.048283e-01	1.387779e-17
  42	1.048283e-01	1.048283e-01	1.387779e-17
  43	1.048283e-01	1.048283e-01	1.387779e-17
  44	1.048283e-01	1.048283e-01	1.387779e-17
  45	1.048283e-01	1.048283e-01	1.387779e-17
  46	1.048283e-01	1.048283e-01	1.387779e-17
  47	1.048283e-01	1.048283e-01	1.387779e-17
  48	1.048283e-01	1.048283e-01	1.387779e-17
  49	1.048283e-01	1.048283e-01	1.387779e-17
  50	1.048283e-01	1.048283e-01	1.387779e-17
  51	1.048283e-01	1.048283e-01	1.387779e-17
  52	1.048283e-01	1.048283e-01	1.387779e-17
  53	1.048283e-01	1.048283e-01	1.387779e-17
  54	1.048283e-01	1.048283e-01	1.387779e-17
  55	1.048283e-01	1.048283e-01	1.387779e-17
  56	1.048283e-01	1.048283e-01	1.387779e-17
  57	1.048283e-01	1.048283e-01	1.387779e-17
  58	1.048283e-01	1.048283e-01	1.387779e-17
  59	1.048283e-01	1.048283e-01	1.387779e-17
  60	1.048283e-01	1.048283e-01	1.387779e-17
  61	1.048283e-01	1.048283e-01	1.387779e-17
  62	1.048283e-01	1.048283e-01	1.387779e-17
  63	1.048283e-01	1.048283e-01	1.387779e-17
  64	1.048283e-01	1.048283e-01	1.387779e-17
  65	1.048283e-01	1.048283e-01	1.387779e-17
  66	1.048283e-01	1.048283e-01	1.387779e-17
  67	1.048283e-01	1.048283e-01	1.387779e-17
  68	1.048283e-01	1.048283e-01	1.387779e-17
  69	1.048283e-01	1.048283e-01	1.387779e-17
  70	1.048283e-01	1.048283e-01	1.387779e-17
  71	1.048283e-01	1.048283e-01	1.387779e-17
  72	1.048283e-01	1.048283e-01	1.387779e-17
  73	1.048283e-01	1.048283e-01	1.387779e-17
  74	1.048283e-01	1.048283e-01	1.387779e-17
  75	1.048283e-01	1.048283e-01	1.387779e-17
  76	1.048283e-01	1.048283e-01	1.387779e-17
  77	1.048283e-01	1.048283e-01	1.387779e-17
  78	1.048283e-01	1.048283e-01	1.387779e-17
  79	1.048283e-01	1.048283e-01	1.387779e-17
  80	1.048283e-01	1.048283e-01	1.387779e-17
  81	1.048283e-01	1.048283e-01	1.387779e-17
  82	1.048283e-01	1.048283e-01	1.387779e-17
  83	1.048283e-01	1.048283e-01	1.387779e-17
  84	1.048283e-01	1.048283e-01	1.387779e-17
  85	1.048283e-01	1.048283e-01	1.387779e-17
  86	1.048283e-01	1.048283e-01	1.387779e-17
  87	1.048283e-01	1.048283e-01	1.387779e-17
  88	1.048283e-01	1.048283e-01	1.387779e-17
  89	1.048283e-01	1.048283e-01	1.387779e-17
  90	1.048283e-01	1.048283e-01	1.387779e-17
  91	1.048283e-01	1.048283e-01	1.387779e-17
  92	1.048283e-01	1.048283e-01	1.387779e-17
  93	1.048283e-01	1.048283e-01	1.387779e-17
  94	1.048283e-01	1.048283e-01	1.387779e-17
  95	1.048283e-01	1.048283e-01	1.387779e-17
  96	1.048283e-01	1.048283e-01	1.387779e-17
  97	1.048283e-01	1.048283e-01	1.387779e-17
  98	1.048283e-01	1.048283e-01	1.387779e-17
  99	1.048283e-01	1.048283e-01	1.387779e-17
 100	1.048283e-01	1.048283e-01	1.387779e-17
 101	1.048283e-01	1.048283e-01	1.387779e-17
 102	1.048283e-01	1.048283e-01	1.387779e-17
 103	1.048283e-01	1.048283e-01	1.387779e-17
 104	1.048283e-01	1.048283e-01	1.387779e-17
 105	1.048283e-01	1.048283e-01	1.387779e-17
 106	1.048283e-01	1.048283e-01	1.387779e-17
 107	1.048283e-01	1.048283e-01	1.387779e-17
 108	1.048283e-01	1.048283e-01	1.387779e-17
 109	1.048283e-01	1.048283e-01	1.387779e-17
 110	1.048283e-01	1.048283e-01	1.387779e-17
 111	1.048283e-01	1.048283e-01	1.387779e-17
 112	1.048283e-01	1.048283e-01	1.387779e-17
 113	1.048283e-01	1.048283e-01	1.387779e-17
 114	1.048283e-01	1.048283e-01	1.387779e-17
 115	1.048283e-01	1.048283e-01	1.387779e-17
 116	1.048283e-01	1.048283e-01	1.387779e-17
 117	1.048283e-01	1.048283e-01	1.387779e-17
 118	1.048283e-01	1.048283e-01	1.387779e-17
 119	1.048283e-01	1.048283e-01	1.387779e-17
 120	1.048283e-01	1.048283e-01	1.387779e-17
 121	1.048283e-01	1.048283e-01	1.387779e-17
 122	1.048283e-01	1.048283e-01	1.387779e-17
 123	1.048283e-01	1.048283e-01	1.387779e-17
 124	1.048283e-01	1.048283e-01	1.387779e-17
 125	1.048283e-01	1.048283e-01	1.387779e-17
 126	1.048283e-01	1.048283e-01	1.387779e-17
 127	1.048283e-01	1.048283e-01	1.387779e-17
 128	1.048283e-01	1.048283e-01	1.387779e-17
 129	1.048283e-01	1.048283e-01	1.387779e-17
 130	1.048283e-01	1.048283e-01	1.387779e-17
 131	1.048283e-01	1.048283e-01	1.387779e-17
 132	1.048283e-01	1.048283e-01	1.387779e-17
 133	1.048283e-01	1.048283e-01	1.387779e-17
 134	1.048283e-01	1.048283e-01	1.387779e-17
 135	1.048283e-01	1.048283e-01	1.387779e-17
 136	1.048283e-01	1.048283e-01	1.387779e-17
 137	1.048283e-01	1.048283e-01	1.387779e-17
 138	1.048283e-01	1.048283e-01	1.387779e-17
 139	1.048283e-01	1.048283e-01	1.387779e-17
 140	1.048283e-01	1.048283e-01	1.387779e-17
 141	1.048283e-01	1.048283e-01	1.387779e-17
 142	1.048283e-01	1.048283e-01	1.387779e-17
 143	1.048283e-01	1.048283e-01	1.387779e-17
 144	1.048283e-01	1.048283e-01	1.387779e-17
 145	1.048283e-01	1.048283e-01	1.387779e-17
 146	1.048283e-01	1.048283e-01	1.387779e-17
 147	1.048283e-01	1.048283e-01	1.387779e-17
 148	1.048283e-01	1.048283e-01	1.387779e-17
 149	1.048283e-01	1.048283e-01	1.387779e-17
 150	1.048283e-01	1.048283e-01	1.387779e-17
 151	1.048283e-01	1.048283e-01	1.387779e-17
 152	1.048283e-01	1.048283e-01	1.387779e-17
 153	1.048283e-01	1.048283e-01	1.387779e-17
 154	1.048283e-01	1.048283e-01	1.387779e-17
 155	1.048283e-01	1.048283e-01	1.387779e-17
 156	1.048283e-01	1.048283e-01	1.387779e-17
 157	1.048283e-01	1.048283e-01	1.387779e-17
 158	1.048283e-01	1.048283e-01	1.387779e-17
 159	1.048283e-01	1.048283e-01	1.387779e-17
 160	1.048283e-01	1.048283e-01	1.387779e-17
 161	1.048283e-01	1.048283e-01	1.387779e-17
 162	1.048283e-01	1.048283e-01	1.387779e-17
 163	1.048283e-01	1.048283e-01	1.387779e-17
 164	1.048283e-01	1.048283e-01	1.387779e-17
 165	1.048283e-01	1.048283e-01	1.387779e-17
 166	1.048283e-01	1.048283e-01	1.387779e-17
 167	1.048283e-01	1.048283e-01	1.387779e-17
 168	1.048283e-01	1.048283e-01	1.387779e-17
 169	1.048283e-01	1.048283e-01	1.387779e-17
 170	1.048283e-01	1.048283e-01	1.387779e-17
 171	1.048283e-01	1.048283e-01	1.387779e-17
 172	1.048283e-01	1.048283e-01	1.387779e-17
 173	1.048283e-01	1.048283e-01	1.387779e-17
 174	1.048283e-01	1.048283e-01	1.387779e-17
 175	1.048283e-01	1.048283e-01	1.387779e-17
 176	1.048283e-01	1.048283e-01	1.387779e-17
 177	1.048283e-01	1.048283e-01	1.387779e-17
 178	1.048283e-01	1.048283e-01	1.387779e-17
 179	1.048283e-01	1.048283e-01	1.387779e-17
 180	1.048283e-01	1.048283e-01	1.387779e-17
 181	1.048283e-01	1.048283e-01	1.387779e-17
 182	1.048283e-01	1.048283e-01	1.387779e-17
 183	1.048283e-01	1.048283e-01	1.387779e-17
 184	1.048283e-01	1.048283e-01	1.387779e-17
 185	1.048283e-01	1.048283e-01	1.387779e-17
 186	1.048283e-01	1.048283e-01	1.387779e-17
 187	1.048283e-01	1.048283e-01	1.387779e-17
 188	1.048283e-01	1.048283e-01	1.387779e-17
 189	1.048283e-01	1.048283e-01	1.387779e-17
 190	1.048283e-01	1.048283e-01	1.387779e-17
 191	1.048283e-01	1.048283e-01	1.387779e-17
 192	1.048283e-01	1.048283e-01	1.387779e-17
 193	1.048283e-01	1.048283e-01	1.387779e-17
 194	1.048283e-01	1.048283e-01	1.387779e-17
 195	1.048283e-01	1.048283e-01	1.387779e-17
 196	1.048283e-01	1.048283e-01	1.387779e-17
 197	1.048283e-01	1.048283e-01	1.387779e-17
 198	1.048283e-01	1.048283e-01	1.387779e-17
 199	1.048283e-01	1.048283e-01	1.387779e-17
 200	1.048283e-01	1.048283e-01	1.387779e-17
 201	1.048283e-01	1.048283e-01	1.387779e-17
 202	1.048283e-01	1.048283e-01	1.387779e-17
 203	1.048283e-01	1.048283e-01	1.387779e-17
 204	1.048283e-01	1.048283e-01	1.387779e-17
 205	1.048283e-01	1.048283e-01	1.387779e-17
 206	1.048283e-01	1.048283e-01	1.387779e-17
 207	1.048283e-01	1.048283e-01	1.387779e-17
 208	1.048283e-01	1.048283e-01	1.387779e-17
 209	1.048283e-01	1.048283e-01	1.387779e-17
 210	1.048283e-01	1.048283e-01	1.387779e-17
 211	1.048283e-01	1.048283e-01	1.387779e-17
 212	1.048283e-01	1.048283e-01	1.387779e-17
 213	1.048283e-01	1.048283e-01	1.387779e-17
 214	1.048283e-01	1.048283e-01	1.387779e-17
 215	1.048283e-01	1.048283e-01	1.387779e-17
 216	1.048283e-01	1.048283e-01	1.387779e-17
 217	1.048283e-01	1.048283e-01	1.387779e-17
 218	1.048283e-01	1.048283e-01	1.387779e-17
 219	1.048283e-01	1.048283e-01	1.387779e-17
 220	1.048283e-01	1.048283e-01	1.387779e-17
 221	1.048283e-01	1.048283e-01	1.387779e-17
 222	1.048283e-01	1.048283e-01	1.387779e-17
 223	1.048283e-01	1.048283e-01	1.387779e-17
 224	1.048283e-01	1.048283e-01	1.387779e-17
 225	1.048283e-01	1.048283e-01	1.387779e-17
 226	1.048283e-01	1.048283e-01	1.387779e-17
 227	1.048283e-01	1.048283e-01	1.387779e-17
 228	1.048283e-01	1.048283e-01	1.387779e-17
 229	1.048283e-01	1.048283e-01	1.387779e-17
 230	1.048283e-01	1.048283e-01	1.387779e-17
 231	1.048283e-01	1.048283e-01	1.387779e-17
 232	1.048283e-01	1.048283e-01	1.387779e-17
 233	1.048283e-01	1.048283e-01	1.387779e-17
 234	1.048283e-01	1.048283e-01	1.387779e-17
 235	1.048283e-01	1.048283e-01	1.387779e-17
 236	1.048283e-01	1.048283e-01	1.387779e-17
 237	1.048283e-01	1.048283e-01	1.387779e-17
 238	1.048283e-01	1.048283e-01	1.387779e-17
 239	1.048283e-01	1.048283e-01	1.387779e-17
 240	1.048283e-01	1.048283e-01	1.387779e-17
 241	1.048283e-01	1.048283e-01	1.387779e-17
 242	1.048283e-01	1.048283e-01	1.387779e-17
 243	1.048283e-01	1.048283e-01	1.387779e-17
 244	1.048283e-01	1.048283e-01	1.387779e-17
 245	1.048283e-01	1.048283e-01	1.387779e-17
 246	1.048283e-01	1.048283e-01	1.387779e-17
 247	1.048283e-01	1.048283e-01	1.387779e-17
 248	1.048283e-01	1.048283e-01	1.387779e-17
 249	1.048283e-01	1.048283e-01	1.387779e-17
 250	1.048283e-01	1.048283e-01	1.387779e-17
 251	1.048283e-01	1.048283e-01	1.387779e-17
 252	1.048283e-01	1.048283e-01	1.387779e-17
 253	1.048283e-01	1.048283e-01	1.387779e-17
 254	1.048283e-01	1.048283e-01	1.387779e-17
 255	1.048283e-01	1.048283e-01	1.387779e-17
 256	1.048283e-01	1.048283e-01	1.387779e-17
 257	1.048283e-01	1.048283e-01	1.387779e-17
 258	1.048283e-01	1.048283e-01	1.387779e-17
 259	1.048283e-01	1.048283e-01	1.387779e-17
 260	1.048283e-01	1.048283e-01	1.387779e-17
 261	1.048283e-01	1.048283e-01	1.387779e-17
 262	1.048283e-01	1.048283e-01	1.387779e-17
 263	1.048283e-01	1.048283e-01	1.387779e-17
 264	1.048283e-01	1.048283e-01	1.387779e-17
 265	1.048283e-01	1.048283e-01	1.387779e-17
 266	1.048283e-01	1.048283e-01	1.387779e-17
 267	1.048283e-01	1.048283e-01	1.387779e-17
 268	1.048283e-01	1.048283e-01	1.387779e-17
 269	1.048283e-01	1.048283e-01	1.387779e-17
 270	1.048283e-01	1.048283e-01	1.387779e-17
 271	1.048283e-01	1.048283e-01	1.387779e-17
 272	1.048283e-01	1.048283e-01	1.387779e-17
 273	1.048283e-01	1.048283e-01	1.387779e-17
 274	1.048283e-01	1.048283e-01	1.387779e-17
 275	1.048283e-01	1.048283e-01	1.387779e-17
 276	1.048283e-01	1.048283e-01	1.387779e-17
 277	1.048283e-01	1.048283e-01	1.387779e-17
 278	1.048283e-01	1.048283e-01	1.387779e-17
 279	1.048283e-01	1.048283e-01	1.387779e-17
 280	1.048283e-01	1.048283e-01	1.387779e-17
 281	1.048283e-01	1.048283e-01	1.387779e-17
 282	1.048283e-01	1.048283e-01	1.387779e-17
 283	1.048283e-01	1.048283e-01	1.387779e-17
 284	1.048283e-01	1.048283e-01	1.387779e-17
 285	1.048283e-01	1.048283e-01	1.387779e-17
 286	1.048283e-01	1.048283e-01	1.387779e-17
 287	1.048283e-01	1.048283e-01	1.387779e-17
 288	1.048283e-01	1.048283e-01	1.387779e-17
 289	1.048283e-01	1.048283e-01	1.387779e-17
 290	1.048283e-01	1.048283e-01	1.387779e-17
 291	1.048283e-01	1.048283e-01	1.387779e-17
 292	1.048283e-01	1.048283e-01	1.387779e-17
 293	1.048283e-01	1.048283e-01	1.387779e-17
 294	1.048283e-01	1.048283e-01	1.387779e-17
 295	1.048283e-01	1.048283e-01	1.387779e-17
 296	1.048283e-01	1.048283e-01	1.387779e-17
 297	1.048283e-01	1.048283e-01	1.387779e-17
 298	1.048283e-01	1.048283e-01	1.387779e-17
 299	1.048283e-01	1.048283e-01	1.387779e-17
 300	1.048283e-01	1.048283e-01	1.387779e-17
 301	1.048283e-01	1.048283e-01	1.387779e-17
 302	1.048283e-01	1.048283e-01	1.387779e-17
 303	1.048283e-01	1.048283e-01	1.387779e-17
 304	1.048283e-01	1.048283e-01	1.387779e-17
 305	1.048283e-01	1.048283e-01	1.387779e-17
 306	1.048283e-01	1.048283e-01	1.387779e-17
 307	1.048283e-01	1.048283e-01	1.387779e-17
 308	1.048283e-01	1.048283e-01	1.387779e-17
 309	1.048283e-01	1.048283e-01	1.387779e-17
 310	1.048283e-01	1.048283e-01	1.387779e-17
 311	1.048283e-01	1.048283e-01	1.387779e-17
 312	1.048283e-01	1.048283e-01	1.387779e-17
 313	1.048283e-01	1.048283e-01	1.387779e-17
 314	1.048283e-01	1.048283e-01	1.387779e-17
 315	1.048283e-01	1.048283e-01	1.387779e-17
 316	1.048283e-01	1.048283e-01	1.387779e-17
 317	1.048283e-01	1.048283e-01	1.387779e-17
 318	1.048283e-01	1.048283e-01	1.387779e-17
 319	1.048283e-01	1.048283e-01	1.387779e-17
 320	1.048283e-01	1.048283e-01	1.387779e-17
 321	1.048283e-01	1.048283e-01	1.387779e-17
 322	1.048283e-01	1.048283e-01	1.387779e-17
 323	1.048283e-01	1.048283e-01	1.387779e-17
 324	1.048283e-01	1.048283e-01	1.387779e-17
 325	1.048283e-01	1.048283e-01	1.387779e-17
 326	1.048283e-01	1.048283e-01	1.387779e-17
 327	1.048283e-01	1.048283e-01	1.387779e-17
 328	1.048283e-01	1.048283e-01	1.387779e-17
 329	1.048283e-01	1.048283e-01	1.387779e-17
 330	1.048283e-01	1.048283e-01	1.387779e-17
 331	1.048283e-01	1.048283e-01	1.387779e-17
 332	1.048283e-01	1.048283e-01	1.387779e-17
 333	1.048283e-01	1.048283e-01	1.387779e-17
 334	1.048283e-01	1.048283e-01	1.387779e-17
 335	1.048283e-01	1.048283e-01	1.387779e-17
 336	1.048283e-01	1.048283e-01	1.387779e-17
 337	1.048283e-01	1.048283e-01	1.387779e-17
 338	1.048283e-01	1.048283e-01	1.387779e-17
 339	1.048283e-01	1.048283e-01	1.387779e-17
 340	1.048283e-01	1.048283e-01	1.387779e-17
 341	1.048283e-01	1.048283e-01	1.387779e-17
 342	1.048283e-01	1.048283e-01	1.387779e-17
 343	1.048283e-01	1.048283e-01	1.387779e-17
 344	1.048283e-01	1.048283e-01	1.387779e-17
 345	1.048283e-01	1.048283e-01	1.387779e-17
 346	1.048283e-01	1.048283e-01	1.387779e-17
 347	1.048283e-01	1.048283e-01	1.387779e-17
 348	1.048283e-01	1.048283e-01	1.387779e-17
 349	1.048283e-01	1.048283e-01	1.387779e-17
 350	1.048283e-01	1.048283e-01	1.387779e-17
 351	1.048283e-01	1.048283e-01	1.387779e-17
 352	1.048283e-01	1.048283e-01	1.387779e-17
 353	1.048283e-01	1.048283e-01	1.387779e-17
 354	1.048283e-01	1.048283e-01	1.387779e-17
 355	1.048283e-01	1.048283e-01	1.387779e-17
 356	1.048283e-01	1.048283e-01	1.387779e-17
 357	1.048283e-01	1.048283e-01	1.387779e-17
 358	1.048283e-01	1.048283e-01	1.387779e-17
 359	1.048283e-01	1.048283e-01	1.387779e-17
 360	1.048283e-01	1.048283e-01	1.387779e-17
 361	1.048283e-01	1.048283e-01	1.387779e-17
 362	1.048283e-01	1.048283e-01	1.387779e-17
 363	1.048283e-01	1.048283e-01	1.387779e-17
 364	1.048283e-01	1.048283e-01	1.387779e-17
 365	1.048283e-01	1.048283e-01	1.387779e-17
 366	1.048283e-01	1.048283e-01	1.387779e-17
 367	1.048283e-01	1.048283e-01	1.387779e-17
 368	1.048283e-01	1.048283e-01	1.387779e-17
 369	1.048283e-01	1.048283e-01	1.387779e-17
 370	1.048283e-01	1.048283e-01	1.387779e-17
 371	1.048283e-01	1.048283e-01	1.387779e-17
 372	1.048283e-01	1.048283e-01	1.387779e-17
 373	1.048283e-01	1.048283e-01	1.387779e-17
 374	1.048283e-01	1.048283e-01	1.387779e-17
 375	1.048283e-01	1.048283e-01	1.387779e-17
 376	1.048283e-01	1.048283e-01	1.387779e-17
 377	1.048283e-01	1.048283e-01	1.387779e-17
 378	1.048283e-01	1.048283e-01	1.387779e-17
 379	1.048283e-01	1.048283e-01	1.387779e-17
 380	1.048283e-01	1.048283e-01	1.387779e-17
 381	1.048283e-01	1.048283e-01	1.387779e-17
 382	1.048283e-01	1.048283e-01	1.387779e-17
 383	1.048283e-01	1.048283e-01	1.387779e-17
 384	1.048283e-01	1.048283e-01	1.387779e-17
 385	1.048283e-01	1.048283e-01	1.387779e-17
 386	1.048283e-01	1.048283e-01	1.387779e-17
 387	1.048283e-01	1.048283e-01	1.387779e-17
 388	1.048283e-01	1.048283e-01	1.387779e-17
 389	1.048283e-01	1.048283e-01	1.387779e-17
 390	1.048283e-01	1.048283e-01	1.387779e-17
 391	1.048283e-01	1.048283e-01	1.387779e-17
 392	1.048283e-01	1.048283e-01	1.387779e-17
 393	1.048283e-01	1.048283e-01	1.387779e-17
 394	1.048283e-01	1.048283e-01	1.387779e-17
 395	1.048283e-01	1.048283e-01	1.387779e-17
 396	1.048283e-01	1.048283e-01	1.387779e-17
 397	1.048283e-01	1.048283e-01	1.387779e-17
 398	1.048283e-01	1.048283e-01	1.387779e-17
 399	1.048283e-01	1.048283e-01	1.387779e-17
 400	1.048283e-01	1.048283e-01	1.387779e-17
 401	1.048283e-01	1.048283e-01	1.387779e-17
 402	1.048283e-01	1.048283e-01	1.387779e-17
 403	1.048283e-01	1.048283e-01	1.387779e-17
 404	1.048283e-01	1.048283e-01	1.387779e-17
 405	1.048283e-01	1.048283e-01	1.387779e-17
 406	1.048283e-01	1.048283e-01	1.387779e-17
 407	1.048283e-01	1.048283e-01	1.387779e-17
 408	1.048283e-01	1.048283e-01	1.387779e-17
 409	1.048283e-01	1.048283e-01	1.387779e-17
 410	1.048283e-01	1.048283e-01	1.387779e-17
 411	1.048283e-01	1.048283e-01	1.387779e-17
 412	1.048283e-01	1.048283e-01	1.387779e-17
 413	1.048283e-01	1.048283e-01	1.387779e-17
 414	1.048283e-01	1.048283e-01	1.387779e-17
 415	1.048283e-01	1.048283e-01	1.387779e-17
 416	1.048283e-01	1.048283e-01	1.387779e-17
 417	1.048283e-01	1.048283e-01	1.387779e-17
 418	1.048283e-01	1.048283e-01	1.387779e-17
 419	1.048283e-01	1.048283e-01	1.387779e-17
 420	1.048283e-01	1.048283e-01	1.387779e-17
 421	1.048283e-01	1.048283e-01	1.387779e-17
 422	1.048283e-01	1.048283e-01	1.387779e-17
 423	1.048283e-01	1.048283e-01	1.387779e-17
 424	1.048283e-01	1.048283e-01	1.387779e-17
 425	1.048283e-01	1.048283e-01	1.387779e-17
 426	1.048283e-01	1.048283e-01	1.387779e-17
 427	1.048283e-01	1.048283e-01	1.387779e-17
 428	1.048283e-01	1.048283e-01	1.387779e-17
 429	1.048283e-01	1.048283e-01	1.387779e-17
 430	1.048283e-01	1.048283e-01	1.387779e-17
 431	1.048283e-01	1.048283e-01	1.387779e-17
 432	1.048283e-01	1.048283e-01	1.387779e-17
 433	1.048283e-01	1.048283e-01	1.387779e-17
 434	1.048283e-01	1.048283e-01	1.387779e-17
 435	1.048283e-01	1.048283e-01	1.387779e-17
 436	1.048283e-01	1.048283e-01	1.387779e-17
 437	1.048283e-01	1.048283e-01	1.387779e-17
 438	1.048283e-01	1.048283e-01	1.387779e-17
 439	1.048283e-01	1.048283e-01	1.387779e-17
 440	1.048283e-01	1.048283e-01	1.387779e-17
 441	1.048283e-01	1.048283e-01	1.387779e-17
 442	1.048283e-01	1.048283e-01	1.387779e-17
 443	1.048283e-01	1.048283e-01	1.387779e-17
 444	1.048283e-01	1.048283e-01	1.387779e-17
 445	1.048283e-01	1.048283e-01	1.387779e-17
 446	1.048283e-01	1.048283e-01	1.387779e-17
 447	1.048283e-01	1.048283e-01	1.387779e-17
 448	1.048283e-01	1.048283e-01	1.387779e-17
 449	1.048283e-01	1.048283e-01	1.387779e-17
 450	1.048283e-01	1.048283e-01	1.387779e-17
 451	1.048283e-01	1.048283e-01	1.387779e-17
 452	1.048283e-01	1.048283e-01	1.387779e-17
 453	1.048283e-01	1.048283e-01	1.387779e-17
 454	1.048283e-01	1.048283e-01	1.387779e-17
 455	1.048283e-01	1.048283e-01	1.387779e-17
 456	1.048283e-01	1.048283e-01	1.387779e-17
 457	1.048283e-01	1.048283e-01	1.387779e-17
 458	1.048283e-01	1.048283e-01	1.387779e-17
 459	1.048283e-01	1.048283e-01	1.387779e-17
 460	1.048283e-01	1.048283e-01	1.387779e-17
 461	1.048283e-01	1.048283e-01	1.387779e-17
   0	2.203341e+03	2.203341e+03	4.547474e-13
   0	2.203341e+03	2.203341e+03	4.547474e-13
   1	2.203341e+03	2.203341e+03	4.547474e-13
   2	2.203341e+03	2.203341e+03	4.547474e-13
   3	2.203341e+03	2.203341e+03	4.547474e-13
   4	2.203341e+03	2.203341e+03	4.547474e-13
   5	2.203341e+03	2.203341e+03	4.547474e-13
   6	2.203341e+03	2.203341e+03	4.547474e-13
   7	2.203341e+03	2.203341e+03	4.547474e-13
   8	2.203341e+03	2.203341e+03	4.547474e-13
   9	2.203341e+03	2.203341e+03	4.547474e-13
  10	2.203341e+03	2.203341e+03	4.547474e-13
  11	2.203341e+03	2.203341e+03	4.547474e-13
  12	2.203341e+03	2.203341e+03	4.547474e-13
  13	2.203341e+03	2.203341e+03	4.547474e-13
  14	2.203341e+03	2.203341e+03	4.547474e-13
  15	2.203341e+03	2.203341e+03	4.547474e-13
  16	2.203341e+03	2.203341e+03	4.547474e-13
  17	2.203341e+03	2.203341e+03	4.547474e-13
  18	2.203341e+03	2.203341e+03	4.547474e-13
  19	2.203341e+03	2.203341e+03	4.547474e-13
  20	2.203341e+03	2.203341e+03	4.547474e-13
  21	2.203341e+03	2.203341e+03	4.547474e-13
  22	2.203341e+03	2.203341e+03	4.547474e-13
  23	2.203341e+03	2.203341e+03	4.547474e-13
  24	2.203341e+03	2.203341e+03	4.547474e-13
  25	2.203341e+03	2.203341e+03	4.547474e-13
  26	2.203341e+03	2.203341e+03	4.547474e-13
  27	2.203341e+03	2.203341e+03	4.547474e-13
  28	2.203341e+03	2.203341e+03	4.547474e-13
  29	2.203341e+03	2.203341e+03	4.547474e-13
  30	2.203341e+03	2.203341e+03	4.547474e-13
  31	2.203341e+03	2.203341e+03	4.547474e-13
  32	2.203341e+03	2.203341e+03	4.547474e-13
  33	2.203341e+03	2.203341e+03	4.547474e-13
  34	2.203341e+03	2.203341e+03	4.547474e-13
  35	2.203341e+03	2.203341e+03	4.547474e-13
  36	2.203341e+03	2.203341e+03	4.547474e-13
  37	2.203341e+03	2.203341e+03	4.547474e-13
  38	2.203341e+03	2.203341e+03	4.547474e-13
  39	2.203341e+03	2.203341e+03	4.547474e-13
  40	2.203341e+03	2.203341e+03	4.547474e-13
  41	2.203341e+03	2.203341e+03	4.547474e-13
   0	2.203341e+03	2.203341e+03	4.547474e-13
   0	2.203341e+03	2.203341e+03	4.547474e-13
   0	2.203341e+03	2.203341e+03	4.547474e-13
   0	2.203341e+03	2.203341e+03	4.547474e-13
   0	5.481744e-17	5.481744e-17	1.848893e-32
   1	5.481744e-17	5.481744e-17	1.848893e-32
   2	5.481744e-17	5.481744e-17	1.848893e-32
   3	5.481744e-17	5.481744e-17	1.848893e-32
   4	5.481744e-17	5.481744e-17	1.848893e-32
   5	5.481744e-17	5.481744e-17	1.848893e-32
   6	5.481744e-17	5.481744e-17	1.848893e-32
   7	5.481744e-17	5.481744e-17	1.848893e-32
   8	5.481744e-17	5.481744e-17	1.848893e-32
   9	5.481744e-17	5.481744e-17	1.848893e-32
  10	5.481744e-17	5.481744e-17	1.848893e-32
  11	5.481744e-17	5.481744e-17	1.848893e-32
  12	5.481744e-17	5.481744e-17	1.848893e-32
  13	5.481744e-17	5.481744e-17	1.848893e-32
  14	5.481744e-17	5.481744e-17	1.848893e-32
  15	5.481744e-17	5.481744e-17	1.848893e-32
  16	5.481744e-17	5.481744e-17	1.848893e-32
  17	5.481744e-17	5.481744e-17	1.848893e-32
  18	5.481744e-17	5.481744e-17	1.848893e-32
  19	5.481744e-17	5.481744e-17	1.848893e-32
  20	5.481744e-17	5.481744e-17	1.848893e-32
  21	5.481744e-17	5.481744e-17	1.848893e-32
  22	5.481744e-17	5.481744e-17	1.848893e-32
  23	5.481744e-17	5.481744e-17	1.848893e-32
  24	5.481744e-17	5.481744e-17	1.848893e-32
   0	5.481744e-17	5.481744e-17	1.848893e-32
   0	1.002715e-15	1.002715e-15	0.000000e+00
   1	1.002715e-15	1.002715e-15	0.000000e+00
   2	1.002715e-15	1.002715e-15	0.000000e+00
   3	1.002715e-15	1.002715e-15	0.000000e+00
   4	1.002715e-15	1.002715e-15	0.000000e+00
   5	1.002715e-15	1.002715e-15	0.000000e+00
   6	1.002715e-15	1.002715e-15	0.000000e+00
   7	1.002715e-15	1.002715e-15	0.000000e+00
   8	1.002715e-15	1.002715e-15	0.000000e+00
   9	1.002715e-15	1.002715e-15	0.000000e+00
  10	1.002715e-15	1.002715e-15	0.000000e+00
  11	1.002715e-15	1.002715e-15	0.000000e+00
  12	1.002715e-15	1.002715e-15	0.000000e+00
  13	1.002715e-15	1.002715e-15	0.000000e+00
  14	1.002715e-15	1.002715e-15	0.000000e+00
  15	1.002715e-15	1.002715e-15	0.000000e+00
  16	1.002715e-15	1.002715e-15	0.000000e+00
  17	1.002715e-15	1.002715e-15	0.000000e+00
  18	1.002715e-15	1.002715e-15	0.000000e+00
  19	1.002715e-15	1.002715e-15	0.000000e+00
  20	1.002715e-15	1.002715e-15	0.000000e+00
  21	1.002715e-15	1.002715e-15	0.000000e+00
  22	1.002715e-15	1.002715e-15	0.000000e+00
  23	1.002715e-15	1.002715e-15	0.000000e+00
  24	1.002715e-15	1.002715e-15	0.000000e+00
  25	1.002715e-15	1.002715e-15	0.000000e+00
  26	1.002715e-15	1.002715e-15	0.000000e+00
  27	1.002715e-15	1.002715e-15	0.000000e+00
  28	1.002715e-15	1.002715e-15	0.000000e+00
  29	1.002715e-15	1.002715e-15	0.000000e+00
  30	1.002715e-15	1.002715e-15	0.000000e+00
  31	1.002715e-15	1.002715e-15	0.000000e+00
  32	1.002715e-15	1.002715e-15	0.000000e+00
  33	1.002715e-15	1.002715e-15	0.000000e+00
  34	1.002715e-15	1.002715e-15	0.000000e+00
  35	1.002715e-15	1.002715e-15	0.000000e+00
  36	1.002715e-15	1.002715e-15	0.000000e+00
  37	1.002715e-15	1.002715e-15	0.000000e+00
  38	1.002715e-15	1.002715e-15	0.000000e+00
  39	1.002715e-15	1.002715e-15	0.000000e+00
  40	1.002715e-15	1.002715e-15	0.000000e+00
  41	1.002715e-15	1.002715e-15	0.000000e+00
  42	1.002715e-15	1.002715e-15	0.000000e+00
  43	1.002715e-15	1.002715e-15	0.000000e+00
  44	1.002715e-15	1.002715e-15	0.000000e+00
  45	1.002715e-15	1.002715e-15	0.000000e+00
  46	1.002715e-15	1.002715e-15	0.000000e+00
  47	1.002715e-15	1.002715e-15	0.000000e+00
  48	1.002715e-15	1.002715e-15	0.000000e+00
  49	1.002715e-15	1.002715e-15	0.000000e+00
  50	1.002715e-15	1.002715e-15	0.000000e+00
  51	1.002715e-15	1.002715e-15	0.000000e+00
  52	1.002715e-15	1.002715e-15	0.000000e+00
  53	1.002715e-15	1.002715e-15	0.000000e+00
  54	1.002715e-15	1.002715e-15	0.000000e+00
  55	1.002715e-15	1.002715e-15	0.000000e+00
  56	1.002715e-15	1.002715e-15	0.000000e+00
  57	1.002715e-15	1.002715e-15	0.000000e+00
