   0	4.180362e+00	2.561011e+125	1.145033e+127
   1	4.180362e+00	3.732986e+131	1.669025e+133
   2	4.180362e+00	4.029131e+132	1.801432e+134
   3	3.905571e+00	5.601887e+119	2.504614e+121
   4	3.620414e+00	3.962897e+69	1.771819e+71
   5	3.620414e+00	2.585048e+147	1.155780e+149
   6	2.979363e+00	2.594947e+142	1.160205e+144
   7	2.979363e+00	9.749297e+137	4.358928e+139
   8	2.979363e+00	9.686921e+126	4.331040e+128
   9	2.979363e+00	1.855314e+113	7.547073e+114
  10	2.741534e+00	1.570363e+140	7.021122e+141
  11	2.741534e+00	6.376381e+104	2.850891e+106
  12	2.728117e+00	6.358867e+131	2.843061e+133
  13	2.200607e+00	4.770144e+124	2.132740e+126
  14	2.200607e+00	7.218371e+143	3.227346e+145
  15	2.200607e+00	8.349501e+136	3.733077e+138
  16	2.200607e+00	8.546103e+145	3.820978e+147
  17	2.200607e+00	9.428782e+119	4.214731e+121
  18	2.200607e+00	4.680648e+121	2.092726e+123
  19	2.200607e+00	3.926726e+141	1.755646e+143
  20	2.200607e+00	1.809763e+146	8.091483e+147
  21	1.362349e+00	2.111570e+130	9.440869e+131
  22	1.362349e+00	4.650927e+135	2.079382e+137
  23	1.362349e+00	3.000594e+139	1.341571e+141
  24	1.362349e+00	1.077473e+131	4.817403e+132
  25	1.362349e+00	7.154398e+145	2.261382e+147
  26	1.362349e+00	2.949446e+138	1.318703e+140
  27	1.362349e+00	9.414713e+84	4.209335e+86
  28	1.362349e+00	2.428169e+135	1.085639e+137
  29	1.362349e+00	2.301379e+150	1.028951e+152
  30	1.362349e+00	2.191367e+66	9.797641e+67
  31	1.362349e+00	4.860582e+90	2.173175e+92
  32	1.362349e+00	7.334809e+145	3.279406e+147
  33	1.362349e+00	4.410434e+112	1.971913e+114
  34	1.362349e+00	3.631018e+69	1.623401e+71
  35	1.362349e+00	9.145003e+116	4.088747e+118
  36	1.362349e+00	2.296268e+110	1.026666e+112
  37	1.362349e+00	1.460024e+71	6.470776e+72
  38	1.362349e+00	1.004487e+47	4.491079e+48
  39	1.362349e+00	5.121827e+63	2.289978e+65
  40	1.362349e+00	7.070925e+72	3.161423e+74
  41	1.362349e+00	1.174419e+101	5.250847e+102
  42	1.362349e+00	1.836755e+37	8.212164e+38
  43	1.362349e+00	7.065164e+140	3.158848e+142
  44	1.362349e+00	1.209731e+78	5.408728e+79
  45	1.362349e+00	3.673995e+96	1.642650e+98
  46	1.362349e+00	2.424509e+71	1.084002e+73
  47	1.362349e+00	5.239467e+72	2.342575e+74
  48	1.362349e+00	1.524278e+124	6.815076e+125
  49	1.362349e+00	3.066750e+67	1.371149e+69
  50	1.362349e+00	4.462912e+145	1.995376e+147
  51	1.362349e+00	7.075539e+145	3.163481e+147
  52	1.362349e+00	2.733887e+143	1.222326e+145
  53	1.362349e+00	1.074734e+114	4.805155e+115
  54	1.362349e+00	4.742496e+89	2.120378e+91
  55	1.301887e+00	8.595794e+141	3.843195e+143
  56	1.301887e+00	5.750756e+102	2.571173e+104
  57	1.301887e+00	6.460562e+11	2.888527e+13
  58	1.301887e+00	8.940865e+128	3.997477e+130
  59	1.301887e+00	8.212830e+39	3.671946e+41
  60	1.301887e+00	1.996831e+144	8.927866e+145
  61	1.301887e+00	2.694614e+103	1.204767e+105
  62	1.301887e+00	1.310550e+86	5.859494e+87
  63	1.301887e+00	2.406287e+65	1.075855e+67
  64	1.048503e+00	1.152807e+83	5.154219e+84
  65	1.048503e+00	1.796749e+71	8.033218e+72
  66	1.048503e+00	6.228913e+73	2.784958e+75
  67	1.048503e+00	1.112072e+118	4.972096e+119
  68	1.048503e+00	5.863469e+52	2.621567e+54
  69	1.048503e+00	1.406876e+128	6.290167e+129
  70	1.048503e+00	4.147433e+127	1.854325e+129
  71	1.048503e+00	1.962552e+88	8.774603e+89
  72	1.048503e+00	1.955882e+33	8.744706e+34
  73	1.048503e+00	4.441548e+71	1.985824e+73
  74	1.048503e+00	1.149182e+142	5.138014e+143
  75	1.048503e+00	4.072994e+44	1.821043e+46
  76	1.048503e+00	2.134747e+76	9.544493e+77
  77	1.048503e+00	6.798800e+145	3.039755e+147
  78	1.048503e+00	1.181832e+104	5.283990e+105
  79	1.048503e+00	1.036956e+150	4.636250e+151
  80	9.215431e-01	9.520443e+30	4.256578e+32
  81	9.215431e-01	2.880194e+77	1.287740e+79
  82	9.215431e-01	1.057175e+41	3.584241e+42
  83	9.215431e-01	1.121594e+127	5.014669e+128
  84	9.215431e-01	1.765060e+46	7.891614e+47
  85	9.215431e-01	1.070731e+60	4.786596e+61
  86	9.215431e-01	3.119351e+128	1.394667e+130
  87	9.215431e-01	6.155806e+84	2.752272e+86
  88	9.215431e-01	2.074262e+84	9.274055e+85
  89	9.215431e-01	2.049878e+124	9.165041e+125
  90	9.215431e-01	5.541859e+117	2.477775e+119
  91	9.215431e-01	2.593263e+64	1.159453e+66
  92	9.215431e-01	1.353646e+54	6.052174e+55
  93	9.215431e-01	1.993952e+120	8.914994e+121
  94	9.215431e-01	1.559704e+35	6.973466e+36
  95	9.215431e-01	1.443283e+52	6.452944e+53
  96	9.215431e-01	4.437862e+133	1.984176e+135
  97	9.215431e-01	3.100814e+122	1.386379e+124
  98	9.215431e-01	1.143753e+95	5.113740e+96
  99	9.215431e-01	3.643808e+138	1.629153e+140
 100	9.215431e-01	2.984442e+108	1.334350e+110
 101	6.857593e-01	1.237137e+95	5.531260e+96
 102	6.857593e-01	7.531630e+118	3.367405e+120
 103	6.857593e-01	1.201507e+08	5.367044e+09
 104	6.857593e-01	1.379227e+28	6.166546e+29
 105	6.857593e-01	1.353646e+54	6.052126e+55
 106	6.857593e-01	9.608907e+91	4.296159e+93
 107	6.857593e-01	1.389434e+85	6.212185e+86
 108	6.857593e-01	2.349612e+65	1.050516e+67
 109	6.857593e-01	2.313947e+126	1.034570e+128
 110	6.857593e-01	1.288608e+86	5.761390e+87
 111	6.857593e-01	9.334077e+42	4.170659e+44
 112	6.857593e-01	9.953241e+38	4.450112e+40
 113	6.857593e-01	3.194352e+46	1.428200e+48
 114	6.857593e-01	1.093175e+113	4.887605e+114
 115	6.857593e-01	9.732958e+96	4.351623e+98
 116	4.594681e-01	1.315268e+53	5.880587e+54
 117	4.594681e-01	4.150825e+111	1.855841e+113
 118	4.594681e-01	5.479845e+43	2.450049e+45
 119	4.594681e-01	1.159239e+75	5.182976e+76
 120	4.594681e-01	9.412654e+109	4.208391e+111
 121	4.594681e-01	1.360112e+128	6.081085e+129
 122	4.594681e-01	2.625878e+133	1.174035e+135
 123	4.594681e-01	1.774518e+135	7.933902e+136
 124	4.594681e-01	2.008822e+20	8.978232e+21
 125	4.594681e-01	1.058583e+109	4.732942e+110
 126	4.594681e-01	3.729008e+28	1.667246e+30
 127	4.594681e-01	1.061241e+91	4.744826e+92
 128	4.594681e-01	2.916490e+24	1.303684e+26
 129	4.594681e-01	5.336646e+140	2.386024e+142
 130	4.594681e-01	1.583444e+123	7.079605e+124
 131	4.594681e-01	3.089148e+53	1.381162e+55
 132	4.594681e-01	6.334108e+58	2.831991e+60
 133	4.594681e-01	8.000931e+135	3.577230e+137
 134	4.594681e-01	1.638421e+75	7.325409e+76
 135	4.594681e-01	1.856628e+74	8.301016e+75
 136	4.594681e-01	1.205979e+135	5.391955e+136
 137	4.594681e-01	6.024622e+53	2.693619e+55
 138	4.594681e-01	4.656749e+99	2.082041e+101
 139	4.594681e-01	3.841494e+52	1.717539e+54
 140	4.594681e-01	1.618033e+73	7.234052e+74
 141	4.594681e-01	1.785792e+27	7.984300e+28
 142	4.594681e-01	3.326027e+101	1.487073e+103
 143	4.594681e-01	3.179227e+82	1.421438e+84
 144	4.594681e-01	2.351323e+91	1.051280e+93
 145	4.594681e-01	1.260717e+83	5.636688e+84
 146	4.594681e-01	1.011175e+138	4.520980e+139
 147	4.594681e-01	1.052095e+138	3.325352e+139
 148	4.594681e-01	1.907459e+134	8.528285e+135
 149	4.594681e-01	1.291302e+105	5.773436e+106
 150	4.594681e-01	7.755097e+40	3.467318e+42
 151	4.594681e-01	2.210881e+105	9.884890e+106
 152	4.594681e-01	3.061504e+68	1.368804e+70
 153	4.594681e-01	1.073718e+34	4.800613e+35
 154	4.594681e-01	1.106605e+94	4.947652e+95
 155	4.594681e-01	9.841284e+124	4.400056e+126
 156	4.594681e-01	4.031429e+113	1.802459e+115
 157	4.594681e-01	3.530160e+49	1.578341e+51
 158	4.594681e-01	1.303227e+74	5.826750e+75
 159	4.594681e-01	4.122107e+42	1.843001e+44
 160	4.594681e-01	2.978417e+107	1.331655e+109
 161	4.594681e-01	5.033490e+109	2.250482e+111
 162	4.226668e-01	1.097037e+31	4.904870e+32
 163	4.226668e-01	1.231606e+69	5.506534e+70
 164	4.226668e-01	1.210530e+44	5.412303e+45
 165	4.226668e-01	1.842381e+105	8.237317e+106
 166	4.226668e-01	5.046946e+36	2.256499e+38
 167	4.226668e-01	1.009399e+126	4.513043e+127
 168	4.226668e-01	1.891340e+110	8.456213e+111
 169	4.226668e-01	1.316701e+40	5.886994e+41
 170	4.226668e-01	5.516316e+61	2.466355e+63
 171	4.226668e-01	7.147861e+26	3.195779e+28
 172	4.226668e-01	1.068658e+98	4.777990e+99
 173	4.226668e-01	4.785274e+133	2.139505e+135
 174	4.226668e-01	1.360755e+74	6.083962e+75
 175	4.226668e-01	3.723855e+24	1.664775e+26
 176	4.226668e-01	8.766388e+37	3.919468e+39
 177	4.226668e-01	1.619915e+97	7.242667e+98
 178	4.226668e-01	4.407651e+39	1.970669e+41
 179	4.226668e-01	4.630117e+63	2.070133e+65
 180	4.226668e-01	2.490382e+105	1.113454e+107
 181	4.226668e-01	1.116451e+43	4.729184e+44
 182	4.226668e-01	1.219821e+46	5.453682e+47
 183	4.226668e-01	3.194254e+53	1.428156e+55
   0	4.180362e+00	2.561011e+125	1.145033e+127
   1	4.180362e+00	3.732986e+131	1.669025e+133
   2	4.180362e+00	4.029131e+132	1.801432e+134
   3	3.905571e+00	5.601887e+119	2.504614e+121
   4	3.620414e+00	3.962897e+69	1.771819e+71
   5	3.620414e+00	2.585048e+147	1.155780e+149
   6	2.979363e+00	2.594947e+142	1.160205e+144
   7	2.979363e+00	9.749297e+137	4.358928e+139
   8	2.979363e+00	9.686921e+126	4.331040e+128
   9	2.979363e+00	1.855314e+113	7.547073e+114
  10	2.741534e+00	1.570363e+140	7.021122e+141
  11	2.741534e+00	6.376381e+104	2.850891e+106
  12	2.728117e+00	6.358867e+131	2.843061e+133
  13	2.200607e+00	4.770144e+124	2.132740e+126
  14	2.200607e+00	7.218371e+143	3.227346e+145
  15	2.200607e+00	8.349501e+136	3.733077e+138
  16	2.200607e+00	8.546103e+145	3.820978e+147
  17	2.200607e+00	9.428782e+119	4.214731e+121
  18	2.200607e+00	4.680648e+121	2.092726e+123
  19	2.200607e+00	3.926726e+141	1.755646e+143
  20	2.200607e+00	1.809763e+146	8.091483e+147
  21	1.362349e+00	2.111570e+130	9.440869e+131
  22	1.362349e+00	4.650927e+135	2.079382e+137
  23	1.362349e+00	3.000594e+139	1.341571e+141
  24	1.362349e+00	1.077473e+131	4.817403e+132
  25	1.362349e+00	7.154398e+145	2.261382e+147
  26	1.362349e+00	2.949446e+138	1.318703e+140
  27	1.362349e+00	9.414713e+84	4.209335e+86
  28	1.362349e+00	2.428169e+135	1.085639e+137
  29	1.362349e+00	2.301379e+150	1.028951e+152
  30	1.362349e+00	2.191367e+66	9.797641e+67
  31	1.362349e+00	4.860582e+90	2.173175e+92
  32	1.362349e+00	7.334809e+145	3.279406e+147
  33	1.362349e+00	4.410434e+112	1.971913e+114
  34	1.362349e+00	3.631018e+69	1.623401e+71
  35	1.362349e+00	9.145003e+116	4.088747e+118
  36	1.362349e+00	2.296268e+110	1.026666e+112
  37	1.362349e+00	1.460024e+71	6.470776e+72
  38	1.362349e+00	1.004487e+47	4.491079e+48
  39	1.362349e+00	5.121827e+63	2.289978e+65
  40	1.362349e+00	7.070925e+72	3.161423e+74
  41	1.362349e+00	1.174419e+101	5.250847e+102
  42	1.362349e+00	1.836755e+37	8.212164e+38
  43	1.362349e+00	7.065164e+140	3.158848e+142
  44	1.362349e+00	1.209731e+78	5.408728e+79
  45	1.362349e+00	3.673995e+96	1.642650e+98
  46	1.362349e+00	2.424509e+71	1.084002e+73
  47	1.362349e+00	5.239467e+72	2.342575e+74
  48	1.362349e+00	1.524278e+124	6.815076e+125
  49	1.362349e+00	3.066750e+67	1.371149e+69
  50	1.362349e+00	4.462912e+145	1.995376e+147
  51	1.362349e+00	7.075539e+145	3.163481e+147
  52	1.362349e+00	2.733887e+143	1.222326e+145
  53	1.362349e+00	1.074734e+114	4.805155e+115
  54	1.362349e+00	4.742496e+89	2.120378e+91
  55	1.301887e+00	8.595794e+141	3.843195e+143
  56	1.301887e+00	5.750756e+102	2.571173e+104
  57	1.301887e+00	6.460562e+11	2.888527e+13
  58	1.301887e+00	8.940865e+128	3.997477e+130
  59	1.301887e+00	8.212830e+39	3.671946e+41
  60	1.301887e+00	1.996831e+144	8.927866e+145
  61	1.301887e+00	2.694614e+103	1.204767e+105
  62	1.301887e+00	1.310550e+86	5.859494e+87
  63	1.301887e+00	2.406287e+65	1.075855e+67
  64	1.048503e+00	1.152807e+83	5.154219e+84
  65	1.048503e+00	1.796749e+71	8.033218e+72
  66	1.048503e+00	6.228913e+73	2.784958e+75
  67	1.048503e+00	1.112072e+118	4.972096e+119
  68	1.048503e+00	5.863469e+52	2.621567e+54
  69	1.048503e+00	1.406876e+128	6.290167e+129
  70	1.048503e+00	4.147433e+127	1.854325e+129
  71	1.048503e+00	1.962552e+88	8.774603e+89
  72	1.048503e+00	1.955882e+33	8.744706e+34
  73	1.048503e+00	4.441548e+71	1.985824e+73
  74	1.048503e+00	1.149182e+142	5.138014e+143
  75	1.048503e+00	4.072994e+44	1.821043e+46
  76	1.048503e+00	2.134747e+76	9.544493e+77
  77	1.048503e+00	6.798800e+145	3.039755e+147
  78	1.048503e+00	1.181832e+104	5.283990e+105
  79	1.048503e+00	1.036956e+150	4.636250e+151
  80	9.215431e-01	9.520443e+30	4.256578e+32
  81	9.215431e-01	2.880194e+77	1.287740e+79
  82	9.215431e-01	1.057175e+41	3.584241e+42
  83	9.215431e-01	1.121594e+127	5.014669e+128
  84	9.215431e-01	1.765060e+46	7.891614e+47
  85	9.215431e-01	1.070731e+60	4.786596e+61
  86	9.215431e-01	3.119351e+128	1.394667e+130
  87	9.215431e-01	6.155806e+84	2.752272e+86
  88	9.215431e-01	2.074262e+84	9.274055e+85
  89	9.215431e-01	2.049878e+124	9.165041e+125
  90	9.215431e-01	5.541859e+117	2.477775e+119
  91	9.215431e-01	2.593263e+64	1.159453e+66
  92	9.215431e-01	1.353646e+54	6.052174e+55
  93	9.215431e-01	1.993952e+120	8.914994e+121
  94	9.215431e-01	1.559704e+35	6.973466e+36
  95	9.215431e-01	1.443283e+52	6.452944e+53
  96	9.215431e-01	4.437862e+133	1.984176e+135
  97	9.215431e-01	3.100814e+122	1.386379e+124
  98	9.215431e-01	1.143753e+95	5.113740e+96
  99	9.215431e-01	3.643808e+138	1.629153e+140
 100	9.215431e-01	2.984442e+108	1.334350e+110
 101	6.857593e-01	1.237137e+95	5.531260e+96
 102	6.857593e-01	7.531630e+118	3.367405e+120
 103	6.857593e-01	1.201507e+08	5.367044e+09
 104	6.857593e-01	1.379227e+28	6.166546e+29
 105	6.857593e-01	1.353646e+54	6.052126e+55
 106	6.857593e-01	9.608907e+91	4.296159e+93
 107	6.857593e-01	1.389434e+85	6.212185e+86
 108	6.857593e-01	2.349612e+65	1.050516e+67
 109	6.857593e-01	2.313947e+126	1.034570e+128
 110	6.857593e-01	1.288608e+86	5.761390e+87
 111	6.857593e-01	9.334077e+42	4.170659e+44
 112	6.857593e-01	9.953241e+38	4.450112e+40
 113	6.857593e-01	3.194352e+46	1.428200e+48
 114	6.857593e-01	1.093175e+113	4.887605e+114
 115	6.857593e-01	9.732958e+96	4.351623e+98
 116	4.594681e-01	1.315268e+53	5.880587e+54
 117	4.594681e-01	4.150825e+111	1.855841e+113
 118	4.594681e-01	5.479845e+43	2.450049e+45
 119	4.594681e-01	1.159239e+75	5.182976e+76
 120	4.594681e-01	9.412654e+109	4.208391e+111
 121	4.594681e-01	1.360112e+128	6.081085e+129
 122	4.594681e-01	2.625878e+133	1.174035e+135
 123	4.594681e-01	1.774518e+135	7.933902e+136
 124	4.594681e-01	2.008822e+20	8.978232e+21
 125	4.594681e-01	1.058583e+109	4.732942e+110
   0	4.180362e+00	2.561011e+125	1.145033e+127
   1	4.180362e+00	3.732986e+131	1.669025e+133
   2	4.180362e+00	4.029131e+132	1.801432e+134
   3	3.905571e+00	5.601887e+119	2.504614e+121
   4	3.620414e+00	3.962897e+69	1.771819e+71
   5	3.620414e+00	2.585048e+147	1.155780e+149
   6	2.979363e+00	2.594947e+142	1.160205e+144
   7	2.979363e+00	9.749297e+137	4.358928e+139
   8	2.979363e+00	9.686921e+126	4.331040e+128
   9	2.979363e+00	1.855314e+113	7.547073e+114
  10	2.741534e+00	1.570363e+140	7.021122e+141
  11	2.741534e+00	6.376381e+104	2.850891e+106
  12	2.728117e+00	6.358867e+131	2.843061e+133
  13	2.200607e+00	4.770144e+124	2.132740e+126
  14	2.200607e+00	7.218371e+143	3.227346e+145
  15	2.200607e+00	8.349501e+136	3.733077e+138
  16	2.200607e+00	8.546103e+145	3.820978e+147
  17	2.200607e+00	9.428782e+119	4.214731e+121
  18	2.200607e+00	4.680648e+121	2.092726e+123
  19	2.200607e+00	3.926726e+141	1.755646e+143
  20	2.200607e+00	1.809763e+146	8.091483e+147
  21	1.362349e+00	2.111570e+130	9.440869e+131
  22	1.362349e+00	4.650927e+135	2.079382e+137
  23	1.362349e+00	3.000594e+139	1.341571e+141
  24	1.362349e+00	1.077473e+131	4.817403e+132
  25	1.362349e+00	7.154398e+145	2.261382e+147
  26	1.362349e+00	2.949446e+138	1.318703e+140
  27	1.362349e+00	9.414713e+84	4.209335e+86
  28	1.362349e+00	2.428169e+135	1.085639e+137
  29	1.362349e+00	2.301379e+150	1.028951e+152
  30	1.362349e+00	2.191367e+66	9.797641e+67
  31	1.362349e+00	4.860582e+90	2.173175e+92
  32	1.362349e+00	7.334809e+145	3.279406e+147
  33	1.362349e+00	4.410434e+112	1.971913e+114
  34	1.362349e+00	3.631018e+69	1.623401e+71
  35	1.362349e+00	9.145003e+116	4.088747e+118
  36	1.362349e+00	2.296268e+110	1.026666e+112
  37	1.362349e+00	1.460024e+71	6.470776e+72
  38	1.362349e+00	1.004487e+47	4.491079e+48
  39	1.362349e+00	5.121827e+63	2.289978e+65
  40	1.362349e+00	7.070925e+72	3.161423e+74
  41	1.362349e+00	1.174419e+101	5.250847e+102
  42	1.362349e+00	1.836755e+37	8.212164e+38
  43	1.362349e+00	7.065164e+140	3.158848e+142
  44	1.362349e+00	1.209731e+78	5.408728e+79
  45	1.362349e+00	3.673995e+96	1.642650e+98
  46	1.362349e+00	2.424509e+71	1.084002e+73
  47	1.362349e+00	5.239467e+72	2.342575e+74
  48	1.362349e+00	1.524278e+124	6.815076e+125
  49	1.362349e+00	3.066750e+67	1.371149e+69
  50	1.362349e+00	4.462912e+145	1.995376e+147
  51	1.362349e+00	7.075539e+145	3.163481e+147
  52	1.362349e+00	2.733887e+143	1.222326e+145
  53	1.362349e+00	1.074734e+114	4.805155e+115
  54	1.362349e+00	4.742496e+89	2.120378e+91
  55	1.301887e+00	8.595794e+141	3.843195e+143
  56	1.301887e+00	5.750756e+102	2.571173e+104
  57	1.301887e+00	6.460562e+11	2.888527e+13
  58	1.301887e+00	8.940865e+128	3.997477e+130
  59	1.301887e+00	8.212830e+39	3.671946e+41
  60	1.301887e+00	1.996831e+144	8.927866e+145
  61	1.301887e+00	2.694614e+103	1.204767e+105
  62	1.301887e+00	1.310550e+86	5.859494e+87
  63	1.301887e+00	2.406287e+65	1.075855e+67
  64	1.048503e+00	1.152807e+83	5.154219e+84
  65	1.048503e+00	1.796749e+71	8.033218e+72
  66	1.048503e+00	6.228913e+73	2.784958e+75
  67	1.048503e+00	1.112072e+118	4.972096e+119
  68	1.048503e+00	5.863469e+52	2.621567e+54
  69	1.048503e+00	1.406876e+128	6.290167e+129
  70	1.048503e+00	4.147433e+127	1.854325e+129
  71	1.048503e+00	1.962552e+88	8.774603e+89
  72	1.048503e+00	1.955882e+33	8.744706e+34
  73	1.048503e+00	4.441548e+71	1.985824e+73
  74	1.048503e+00	1.149182e+142	5.138014e+143
  75	1.048503e+00	4.072994e+44	1.821043e+46
  76	1.048503e+00	2.134747e+76	9.544493e+77
  77	1.048503e+00	6.798800e+145	3.039755e+147
  78	1.048503e+00	1.181832e+104	5.283990e+105
  79	1.048503e+00	1.036956e+150	4.636250e+151
  80	9.215431e-01	9.520443e+30	4.256578e+32
  81	9.215431e-01	2.880194e+77	1.287740e+79
  82	9.215431e-01	1.057175e+41	3.584241e+42
  83	9.215431e-01	1.121594e+127	5.014669e+128
  84	9.215431e-01	1.765060e+46	7.891614e+47
  85	9.215431e-01	1.070731e+60	4.786596e+61
  86	9.215431e-01	3.119351e+128	1.394667e+130
  87	9.215431e-01	6.155806e+84	2.752272e+86
  88	9.215431e-01	2.074262e+84	9.274055e+85
  89	9.215431e-01	2.049878e+124	9.165041e+125
  90	9.215431e-01	5.541859e+117	2.477775e+119
  91	9.215431e-01	2.593263e+64	1.159453e+66
  92	9.215431e-01	1.353646e+54	6.052174e+55
  93	9.215431e-01	1.993952e+120	8.914994e+121
  94	9.215431e-01	1.559704e+35	6.973466e+36
  95	9.215431e-01	1.443283e+52	6.452944e+53
  96	9.215431e-01	4.437862e+133	1.984176e+135
  97	9.215431e-01	3.100814e+122	1.386379e+124
  98	9.215431e-01	1.143753e+95	5.113740e+96
  99	9.215431e-01	3.643808e+138	1.629153e+140
 100	9.215431e-01	2.984442e+108	1.334350e+110
 101	6.857593e-01	1.237137e+95	5.531260e+96
 102	6.857593e-01	7.531630e+118	3.367405e+120
 103	6.857593e-01	1.201507e+08	5.367044e+09
 104	6.857593e-01	1.379227e+28	6.166546e+29
 105	6.857593e-01	1.353646e+54	6.052126e+55
 106	6.857593e-01	9.608907e+91	4.296159e+93
 107	6.857593e-01	1.389434e+85	6.212185e+86
 108	6.857593e-01	2.349612e+65	1.050516e+67
 109	6.857593e-01	2.313947e+126	1.034570e+128
 110	6.857593e-01	1.288608e+86	5.761390e+87
 111	6.857593e-01	9.334077e+42	4.170659e+44
 112	6.857593e-01	9.953241e+38	4.450112e+40
 113	6.857593e-01	3.194352e+46	1.428200e+48
 114	6.857593e-01	1.093175e+113	4.887605e+114
 115	6.857593e-01	9.732958e+96	4.351623e+98
 116	4.594681e-01	1.315268e+53	5.880587e+54
 117	4.594681e-01	4.150825e+111	1.855841e+113
 118	4.594681e-01	5.479845e+43	2.450049e+45
 119	4.594681e-01	1.159239e+75	5.182976e+76
 120	4.594681e-01	9.412654e+109	4.208391e+111
 121	4.594681e-01	1.360112e+128	6.081085e+129
 122	4.594681e-01	2.625878e+133	1.174035e+135
 123	4.594681e-01	1.774518e+135	7.933902e+136
 124	4.594681e-01	2.008822e+20	8.978232e+21
 125	4.594681e-01	1.058583e+109	4.732942e+110
 126	4.594681e-01	3.729008e+28	1.667246e+30
 127	4.594681e-01	1.061241e+91	4.744826e+92
 128	4.594681e-01	2.916490e+24	1.303684e+26
 129	4.594681e-01	5.336646e+140	2.386024e+142
 130	4.594681e-01	1.583444e+123	7.079605e+124
 131	4.594681e-01	3.089148e+53	1.381162e+55
 132	4.594681e-01	6.334108e+58	2.831991e+60
 133	4.594681e-01	8.000931e+135	3.577230e+137
 134	4.594681e-01	1.638421e+75	7.325409e+76
 135	4.594681e-01	1.856628e+74	8.301016e+75
 136	4.594681e-01	1.205979e+135	5.391955e+136
 137	4.594681e-01	6.024622e+53	2.693619e+55
 138	4.594681e-01	4.656749e+99	2.082041e+101
 139	4.594681e-01	3.841494e+52	1.717539e+54
 140	4.594681e-01	1.618033e+73	7.234052e+74
 141	4.594681e-01	1.785792e+27	7.984300e+28
 142	4.594681e-01	3.326027e+101	1.487073e+103
 143	4.594681e-01	3.179227e+82	1.421438e+84
 144	4.594681e-01	2.351323e+91	1.051280e+93
 145	4.594681e-01	1.260717e+83	5.636688e+84
 146	4.594681e-01	1.011175e+138	4.520980e+139
 147	4.594681e-01	1.052095e+138	3.325352e+139
 148	4.594681e-01	1.907459e+134	8.528285e+135
 149	4.594681e-01	1.291302e+105	5.773436e+106
 150	4.594681e-01	7.755097e+40	3.467318e+42
 151	4.594681e-01	2.210881e+105	9.884890e+106
 152	4.594681e-01	3.061504e+68	1.368804e+70
 153	4.594681e-01	1.073718e+34	4.800613e+35
 154	4.594681e-01	1.106605e+94	4.947652e+95
 155	4.594681e-01	9.841284e+124	4.400056e+126
 156	4.594681e-01	4.031429e+113	1.802459e+115
 157	4.594681e-01	3.530160e+49	1.578341e+51
 158	4.594681e-01	1.303227e+74	5.826750e+75
 159	4.594681e-01	4.122107e+42	1.843001e+44
 160	4.594681e-01	2.978417e+107	1.331655e+109
 161	4.594681e-01	5.033490e+109	2.250482e+111
 162	4.226668e-01	1.097037e+31	4.904870e+32
 163	4.226668e-01	1.231606e+69	5.506534e+70
 164	4.226668e-01	1.210530e+44	5.412303e+45
 165	4.226668e-01	1.842381e+105	8.237317e+106
 166	4.226668e-01	5.046946e+36	2.256499e+38
 167	4.226668e-01	1.009399e+126	4.513043e+127
 168	4.226668e-01	1.891340e+110	8.456213e+111
 169	4.226668e-01	1.316701e+40	5.886994e+41
 170	4.226668e-01	5.516316e+61	2.466355e+63
 171	4.226668e-01	7.147861e+26	3.195779e+28
 172	4.226668e-01	1.068658e+98	4.777990e+99
 173	4.226668e-01	4.785274e+133	2.139505e+135
 174	4.226668e-01	1.360755e+74	6.083962e+75
 175	4.226668e-01	3.723855e+24	1.664775e+26
 176	4.226668e-01	8.766388e+37	3.919468e+39
 177	4.226668e-01	1.619915e+97	7.242667e+98
 178	4.226668e-01	4.407651e+39	1.970669e+41
 179	4.226668e-01	4.630117e+63	2.070133e+65
 180	4.226668e-01	2.490382e+105	1.113454e+107
 181	4.226668e-01	1.116451e+43	4.729184e+44
 182	4.226668e-01	1.219821e+46	5.453682e+47
 183	4.226668e-01	3.194254e+53	1.428156e+55
 184	4.226668e-01	3.038567e+69	1.358549e+71
 185	4.226668e-01	1.915776e+71	8.565470e+72
 186	4.226668e-01	6.850907e+138	3.063053e+140
 187	4.226668e-01	3.655494e+85	1.634378e+87
 188	4.226668e-01	1.688941e+66	7.551284e+67
 189	4.226668e-01	1.762550e+144	7.880394e+145
 190	4.226668e-01	2.362514e+40	1.056284e+42
 191	4.226668e-01	3.174383e+85	1.419272e+87
 192	4.226668e-01	4.111631e+144	1.838318e+146
 193	4.226668e-01	6.454801e+39	2.885953e+41
 194	4.226668e-01	3.522612e+113	1.574966e+115
 195	4.226668e-01	7.089714e+51	3.169824e+53
 196	4.226668e-01	4.300823e+116	1.922905e+118
 197	4.226668e-01	3.774639e+74	1.687648e+76
 198	4.226668e-01	3.045886e+47	1.361821e+49
 199	4.226668e-01	1.208269e+53	5.402194e+54
 200	4.226668e-01	2.746520e+70	1.227974e+72
 201	4.226668e-01	1.258063e+81	5.624823e+82
 202	4.226668e-01	4.573111e+143	2.044646e+145
 203	4.226668e-01	1.892429e+125	8.461086e+126
 204	4.188093e-01	2.351083e+92	1.051173e+94
 205	4.188093e-01	3.069854e+83	1.372537e+85
 206	4.188093e-01	9.858021e+32	4.407539e+34
 207	4.188093e-01	1.570028e+124	7.019622e+125
 208	4.188093e-01	2.883215e+49	1.289090e+51
 209	4.188093e-01	2.175565e+32	9.715791e+33
 210	4.188093e-01	1.101951e+90	4.926844e+91
 211	4.188093e-01	1.129921e+67	5.051897e+68
 212	4.188093e-01	4.405449e+80	1.969684e+82
 213	4.188093e-01	3.606769e+100	1.612593e+102
 214	3.370333e-01	7.064786e+138	3.158678e+140
 215	3.370333e-01	7.211671e+73	3.224351e+75
 216	3.370333e-01	1.893391e+116	8.465387e+117
 217	3.370333e-01	3.924053e+41	1.752555e+43
 218	3.370333e-01	6.152071e+30	2.750602e+32
 219	3.370333e-01	2.722162e+60	1.217084e+62
 220	3.370333e-01	2.963835e+49	1.325136e+51
 221	3.370333e-01	5.643058e+107	2.523021e+109
 222	3.370333e-01	1.099690e+89	4.916731e+90
 223	3.370333e-01	1.391236e+81	6.220241e+82
 224	3.370333e-01	8.162837e+138	2.914232e+140
 225	3.370333e-01	7.360212e+53	3.290764e+55
 226	3.370333e-01	5.313768e+63	2.333645e+65
 227	3.370333e-01	4.284571e+55	1.915600e+57
 228	3.370333e-01	9.460103e+53	4.229629e+55
 229	2.935191e-01	5.390316e+147	2.410020e+149
 230	2.935191e-01	1.146380e+101	5.125485e+102
 231	2.935191e-01	6.583585e+141	2.943532e+143
 232	2.935191e-01	3.157421e+86	1.411689e+88
 233	2.935191e-01	2.160370e+77	9.659053e+78
 234	2.935191e-01	5.229278e+105	2.338019e+107
 235	2.935191e-01	1.452681e+121	6.494964e+122
 236	2.935191e-01	1.196770e+67	5.350779e+68
 237	2.935191e-01	5.620691e+58	2.513021e+60
 238	2.935191e-01	6.051505e+89	2.705638e+91
 239	2.935191e-01	9.436897e+53	4.219253e+55
 240	2.935191e-01	1.630679e+75	7.290794e+76
 241	2.935191e-01	8.486057e+145	3.794131e+147
 242	2.935191e-01	2.990846e+22	1.270908e+24
 243	2.935191e-01	3.071996e+80	1.373495e+82
 244	2.935191e-01	8.333643e+135	3.116714e+137
 245	2.935191e-01	1.570191e+53	7.019271e+54
 246	2.871826e-01	4.001911e+39	1.789255e+41
 247	2.871826e-01	3.040641e+117	1.040721e+119
 248	2.871826e-01	1.309478e+103	5.854698e+104
 249	2.871826e-01	1.173208e+73	5.245435e+74
 250	2.871826e-01	1.709782e+107	7.644464e+108
 251	2.871826e-01	7.415032e+97	3.315274e+99
 252	2.871826e-01	1.419121e+54	6.344913e+55
 253	2.871826e-01	2.004954e+56	8.964184e+57
 254	2.871826e-01	2.965903e+117	1.326060e+119
 255	2.871826e-01	1.822479e+139	8.148335e+140
 256	2.871826e-01	2.581106e+127	1.154017e+129
 257	2.871826e-01	2.786186e+64	1.245709e+66
 258	2.871826e-01	4.007968e+118	1.791970e+120
 259	2.871826e-01	2.610310e+86	1.167073e+88
 260	2.871826e-01	1.649962e+85	7.377008e+86
 261	2.871826e-01	1.021721e+131	4.568134e+132
 262	2.871826e-01	2.136418e+62	9.551963e+63
 263	2.871826e-01	1.088471e+55	4.866574e+56
 264	2.871826e-01	3.814327e+145	1.705221e+147
 265	2.871826e-01	5.634529e+91	2.519208e+93
 266	2.871826e-01	5.289157e+95	2.364791e+97
 267	2.871826e-01	5.102921e+74	2.281525e+76
 268	2.871826e-01	5.667752e+113	2.534062e+115
 269	2.871826e-01	5.109946e+89	2.284665e+91
 270	2.871826e-01	5.438764e+67	2.431681e+69
 271	2.871826e-01	2.370549e+76	1.059877e+78
 272	2.871826e-01	1.581973e+44	7.073031e+45
 273	2.871826e-01	6.931792e+37	3.099216e+39
 274	2.871826e-01	3.484169e+28	1.319060e+30
 275	2.871826e-01	2.819294e+105	1.260511e+107
 276	2.871826e-01	4.155624e+122	1.857987e+124
 277	2.871826e-01	1.848872e+61	8.266337e+62
 278	2.871826e-01	1.239683e+133	5.542647e+134
 279	2.871826e-01	3.288852e+38	1.470451e+40
 280	2.871826e-01	2.255709e+123	1.008532e+125
 281	2.871826e-01	7.567436e+32	3.252190e+34
 282	2.871826e-01	1.445355e+47	6.462209e+48
 283	2.871826e-01	2.230281e+46	9.784452e+47
 284	2.871826e-01	8.435463e+29	3.771497e+31
 285	2.871826e-01	2.401694e+51	1.073772e+53
 286	2.871826e-01	2.959600e+108	1.323242e+110
 287	2.871826e-01	1.247451e+77	5.577374e+78
 288	2.871826e-01	2.428330e+107	1.085711e+109
 289	2.871826e-01	9.160065e+34	4.095481e+36
 290	2.871826e-01	1.045773e+52	4.474289e+53
 291	2.871826e-01	8.567535e+25	2.739770e+27
 292	2.871826e-01	8.251264e+101	3.689155e+103
 293	2.871826e-01	1.834911e+84	8.203920e+85
 294	2.871826e-01	2.966767e+128	1.326447e+130
 295	2.871826e-01	8.958574e+97	4.004881e+99
 296	2.871826e-01	1.919074e+43	8.580215e+44
 297	2.871826e-01	1.925267e+64	8.607903e+65
 298	2.871826e-01	2.370451e+87	1.059833e+89
 299	2.871826e-01	1.949710e+91	8.717187e+92
 300	2.871826e-01	7.350014e+104	3.286204e+106
 301	2.871826e-01	7.319455e+91	3.272541e+93
 302	2.871826e-01	5.977191e+81	2.672413e+83
 303	2.871826e-01	9.195188e+148	4.111185e+150
 304	2.871826e-01	9.366840e+137	4.187931e+139
 305	2.871826e-01	4.571142e+76	2.043766e+78
 306	2.871826e-01	5.350274e+115	2.392117e+117
 307	2.871826e-01	6.760152e+125	3.022476e+127
 308	2.871826e-01	2.565102e+59	1.146862e+61
 309	2.871826e-01	1.354267e+60	6.054951e+61
 310	2.871826e-01	3.228711e+136	1.443563e+138
 311	2.871826e-01	1.396223e+83	6.242535e+84
 312	2.871826e-01	6.601325e+119	2.951464e+121
 313	2.871826e-01	1.021191e+89	4.565762e+90
 314	2.871826e-01	2.183382e+87	9.761941e+88
 315	2.871826e-01	5.308768e+19	1.990968e+21
 316	2.871826e-01	1.556050e+113	6.957129e+114
 317	2.871826e-01	5.841119e+125	2.611575e+127
 318	2.871826e-01	6.252510e+101	2.795508e+103
 319	2.871826e-01	8.418554e+116	3.763950e+118
 320	2.871826e-01	5.862909e+17	2.615827e+19
 321	2.871826e-01	1.183016e+96	5.289284e+97
 322	2.871826e-01	1.181080e+59	5.280629e+60
 323	2.871826e-01	4.080616e+143	1.296407e+145
 324	2.871826e-01	1.579922e+149	6.389746e+150
 325	2.871826e-01	2.124545e+62	9.498877e+63
 326	2.871826e-01	2.037072e+33	9.107786e+34
 327	2.871826e-01	9.527774e+55	4.259884e+57
 328	2.871826e-01	3.646316e+59	1.630274e+61
 329	2.871826e-01	2.740631e+105	1.225341e+107
 330	2.871826e-01	2.042424e+145	9.131713e+146
 331	2.871826e-01	2.078797e+67	9.293216e+68
 332	2.871826e-01	2.703671e+98	1.208816e+100
 333	2.871826e-01	2.848731e+99	1.273673e+101
 334	2.871826e-01	9.669793e+110	4.323382e+112
 335	2.871826e-01	1.383785e+128	6.186928e+129
 336	2.871826e-01	1.619505e+141	7.240835e+142
 337	2.871826e-01	7.588120e+50	3.392649e+52
 338	2.871826e-01	1.432921e+96	6.406615e+97
 339	2.871826e-01	8.922011e+46	3.989047e+48
 340	2.599244e-01	1.344843e+98	6.012818e+99
 341	2.599244e-01	1.224237e+114	5.473587e+115
 342	2.599244e-01	1.253894e+69	5.605151e+70
 343	2.599244e-01	4.667659e+102	2.086919e+104
 344	2.599244e-01	4.185288e+39	1.871250e+41
 345	2.599244e-01	3.115847e+144	1.393101e+146
 346	2.599244e-01	5.347179e+37	1.904692e+39
 347	2.599244e-01	8.693964e+129	3.887087e+131
 348	2.599244e-01	8.338787e+72	3.728286e+74
 349	2.599244e-01	9.983643e+60	4.463705e+62
 350	2.599244e-01	1.701421e+47	7.607083e+48
 351	2.599244e-01	8.693535e+55	3.886895e+57
 352	2.599244e-01	7.892431e+66	3.528720e+68
 353	2.599244e-01	3.322038e+147	1.485289e+149
 354	2.599244e-01	1.886232e+130	8.433379e+131
 355	2.599244e-01	5.479670e+144	2.449970e+146
 356	2.599244e-01	6.677856e+113	2.985681e+115
 357	2.599244e-01	1.090888e+88	4.877381e+89
 358	2.599244e-01	3.845770e+49	1.719451e+51
 359	2.599244e-01	8.356211e+95	3.736077e+97
 360	2.599244e-01	1.248492e+78	5.582031e+79
 361	2.599244e-01	2.875576e+22	1.285589e+24
 362	2.599244e-01	1.864554e+56	8.332921e+57
 363	2.599244e-01	7.284110e+76	3.256698e+78
 364	2.599244e-01	1.173147e+54	5.245163e+55
 365	2.599244e-01	1.494678e+44	6.682732e+45
 366	2.599244e-01	1.186264e+67	5.303806e+68
 367	2.599244e-01	2.984334e+46	1.334301e+48
 368	2.599244e-01	3.776663e+101	1.568003e+103
 369	2.599244e-01	9.022834e+54	4.034125e+56
 370	2.599244e-01	2.593404e+87	1.159515e+89
 371	2.599244e-01	1.193546e+84	5.336366e+85
 372	2.599244e-01	1.260921e+89	5.637601e+90
 373	2.599244e-01	4.861562e+111	2.173613e+113
 374	2.599244e-01	3.653415e+121	1.633448e+123
 375	2.599244e-01	1.319577e+113	5.899850e+114
 376	2.599244e-01	3.154531e+112	1.410396e+114
 377	2.599244e-01	1.498321e+136	6.699021e+137
 378	2.599244e-01	4.824822e+85	2.157187e+87
 379	2.599244e-01	7.487463e+68	3.347658e+70
 380	2.599244e-01	2.058764e+117	9.204769e+118
 381	2.599244e-01	1.408137e+50	6.295807e+51
 382	2.599244e-01	1.939578e+89	8.671796e+90
 383	2.599244e-01	2.087244e+102	9.332106e+103
 384	2.529377e-01	2.168717e+119	9.696374e+120
 385	2.529377e-01	2.689920e+53	1.202668e+55
 386	2.529377e-01	5.238071e+138	2.341951e+140
 387	2.529377e-01	1.531933e+98	6.849302e+99
 388	2.529377e-01	1.319461e+40	5.888093e+41
 389	2.529377e-01	1.482599e+108	6.628727e+109
 390	2.529377e-01	2.373637e+98	1.061257e+100
 391	2.529377e-01	1.312043e+69	5.866167e+70
 392	2.529377e-01	6.902460e+87	3.086102e+89
 393	2.529377e-01	5.601280e+75	2.503843e+77
 394	2.529377e-01	2.359143e+68	1.054125e+70
 395	2.529377e-01	1.414149e+132	6.322685e+133
 396	2.262356e-01	6.042586e+59	2.701651e+61
 397	2.262356e-01	1.277817e+121	5.713144e+122
 398	2.262356e-01	9.079818e+51	4.059603e+53
 399	2.262356e-01	1.253524e+111	5.604530e+112
 400	2.262356e-01	6.836670e+146	3.056687e+148
 401	2.262356e-01	5.125243e+47	2.291505e+49
 402	2.262356e-01	3.353784e+53	1.499483e+55
 403	2.262356e-01	1.139803e+89	5.096079e+90
 404	2.262356e-01	2.196723e+150	9.821587e+151
 405	2.262356e-01	1.188001e+81	5.311573e+82
 406	2.262356e-01	4.216158e+118	1.885052e+120
 407	2.262356e-01	4.581883e+121	2.048547e+123
 408	2.262356e-01	4.897354e+65	2.189616e+67
 409	2.262356e-01	1.478319e+103	6.609590e+104
 410	2.262356e-01	3.953586e+125	1.767655e+127
 411	2.262356e-01	6.984330e+57	3.122706e+59
 412	2.262356e-01	9.051116e+65	4.046770e+67
 413	2.262356e-01	1.776731e+142	7.943794e+143
 414	2.262356e-01	1.390676e+77	6.217736e+78
 415	2.262356e-01	8.441279e+78	3.774111e+80
 416	2.262356e-01	3.080574e+143	1.377330e+145
 417	2.262356e-01	6.016613e+67	2.690038e+69
 418	2.262356e-01	8.621061e+144	3.854492e+146
 419	2.262356e-01	4.695435e+50	2.099337e+52
 420	2.262356e-01	7.275386e+106	3.252838e+108
 421	2.262356e-01	8.098844e+141	3.621007e+143
 422	2.262356e-01	4.183843e+94	1.870485e+96
 423	2.262356e-01	6.470057e+76	2.892774e+78
 424	2.262356e-01	1.061686e+111	4.746818e+112
 425	2.262356e-01	2.214904e+60	9.661280e+61
 426	2.262356e-01	7.152286e+31	3.197772e+33
 427	2.262356e-01	4.479335e+97	1.682653e+99
 428	2.262356e-01	2.142219e+140	9.577897e+141
 429	2.262356e-01	4.764044e+67	2.130012e+69
 430	2.262356e-01	3.417187e+90	1.527831e+92
 431	2.262356e-01	2.877680e+134	1.286616e+136
 432	2.262356e-01	1.397649e+74	6.248915e+75
 433	2.262356e-01	6.129286e+87	2.740415e+89
 434	2.262356e-01	3.287643e+126	1.469911e+128
 435	2.168369e-01	6.794328e+134	3.037756e+136
 436	2.168369e-01	1.993620e+41	8.056394e+42
 437	2.168369e-01	1.377497e+149	6.158811e+150
 438	2.168369e-01	2.319823e+123	1.037197e+125
 439	2.168369e-01	1.112641e+99	4.974638e+100
 440	2.168369e-01	1.200925e+78	5.369358e+79
 441	2.168369e-01	3.548560e+104	1.586568e+106
 442	2.168369e-01	1.061845e+64	4.747528e+65
 443	2.168369e-01	3.809803e+144	1.703370e+146
 444	2.168369e-01	8.313720e+145	3.717079e+147
 445	2.168369e-01	5.820853e+131	2.602514e+133
 446	2.168369e-01	4.394735e+77	1.964894e+79
 447	2.168369e-01	1.278836e+89	4.354357e+90
 448	2.168369e-01	4.886221e+83	2.184638e+85
 449	2.168369e-01	8.045239e+134	3.597041e+136
 450	2.168369e-01	3.847996e+99	1.720446e+101
 451	2.168369e-01	4.669990e+143	2.087961e+145
 452	2.168369e-01	2.728700e+71	1.220006e+73
 453	2.168369e-01	1.235338e+135	5.523218e+136
 454	2.168369e-01	6.225507e+129	2.783292e+131
 455	2.168369e-01	7.345469e+147	3.284172e+149
 456	2.168369e-01	7.055182e+72	3.154384e+74
 457	2.168369e-01	1.098339e+130	4.910691e+131
 458	2.168369e-01	7.006232e+30	2.957550e+32
 459	2.168369e-01	4.861211e+130	2.173456e+132
 460	2.168369e-01	1.972939e+112	8.821044e+113
 461	2.168369e-01	9.666854e+64	4.322068e+66
 462	2.168369e-01	3.291141e+54	1.471475e+56
 463	2.168369e-01	9.013125e+39	3.153472e+41
 464	2.168369e-01	1.153505e+91	5.157342e+92
 465	2.168369e-01	2.571479e+31	1.149713e+33
 466	2.168369e-01	4.442559e+145	1.986276e+147
 467	2.168369e-01	1.137359e+135	5.085153e+136
 468	2.168369e-01	1.350422e+119	6.037762e+120
 469	2.168369e-01	5.291019e+139	2.365624e+141
 470	2.168369e-01	1.546655e+87	6.915122e+88
 471	2.168369e-01	1.965095e+99	8.785975e+100
 472	2.168369e-01	6.925661e+136	3.096468e+138
 473	2.168369e-01	7.498762e+36	3.351855e+38
 474	2.168369e-01	4.148230e+96	1.854681e+98
 475	2.168369e-01	1.992148e+126	8.906928e+127
 476	2.168369e-01	1.169548e+141	5.229069e+142
 477	2.168369e-01	1.825748e+62	8.162951e+63
 478	2.168369e-01	7.108588e+102	3.178262e+104
 479	2.168369e-01	2.954956e+98	1.321166e+100
 480	2.168369e-01	7.861486e+111	3.514884e+113
 481	2.168369e-01	2.404972e+143	1.075267e+145
 482	2.168369e-01	1.758288e+150	7.861206e+151
 483	2.168369e-01	2.048059e+49	9.156910e+50
 484	2.168369e-01	7.707101e+115	3.445843e+117
 485	2.168369e-01	1.753725e+91	7.838478e+92
 486	2.168369e-01	6.952639e+81	3.108537e+83
 487	2.168369e-01	2.298144e+72	1.027504e+74
 488	2.168369e-01	1.101911e+23	4.926664e+24
 489	2.168369e-01	6.212676e+30	1.963986e+32
 490	2.168369e-01	2.255978e+142	1.008652e+144
 491	2.168369e-01	9.975563e+120	4.460092e+122
 492	2.168369e-01	9.227167e+86	4.125483e+88
 493	2.168369e-01	1.107288e+79	4.950704e+80
 494	2.168369e-01	3.547690e+141	1.586178e+143
 495	2.168369e-01	2.303016e+35	1.029682e+37
 496	2.168369e-01	1.056999e+84	4.586333e+85
 497	2.168369e-01	6.025595e+38	2.694054e+40
 498	2.168369e-01	2.157018e+150	9.641301e+151
 499	2.168369e-01	4.647776e+122	2.078029e+124
 500	2.168369e-01	1.781055e+74	7.963126e+75
 501	2.168369e-01	3.774056e+150	1.687386e+152
 502	2.168369e-01	8.604986e+54	3.845654e+56
 503	2.168369e-01	2.487153e+128	1.112011e+130
 504	2.168369e-01	3.287517e+26	1.469853e+28
 505	2.168369e-01	8.221218e+89	3.675721e+91
 506	2.168369e-01	3.654265e+144	1.633676e+146
 507	2.168369e-01	3.751637e+80	1.677364e+82
 508	2.168369e-01	1.089920e+112	4.873054e+113
 509	2.168369e-01	2.010470e+134	8.988849e+135
 510	2.168369e-01	4.315754e+127	1.929581e+129
 511	2.168369e-01	1.137345e+90	5.085090e+91
 512	2.168369e-01	2.670392e+107	1.193937e+109
 513	2.168369e-01	1.751036e+132	7.828912e+133
 514	2.168369e-01	6.613898e+150	2.957085e+152
 515	2.168369e-01	1.265968e+112	5.660165e+113
 516	2.168369e-01	2.406496e+127	1.075949e+129
 517	2.168369e-01	2.055862e+65	9.191796e+66
 518	2.168369e-01	1.539369e+49	6.882545e+50
 519	2.168369e-01	2.614755e+83	8.943417e+84
 520	2.168369e-01	1.587443e+38	7.097488e+39
 521	2.168369e-01	4.356553e+139	1.947823e+141
 522	2.168369e-01	1.002125e+118	4.480518e+119
 523	2.168369e-01	1.868900e+112	8.355885e+113
 524	2.168369e-01	1.133605e+92	3.583057e+93
 525	2.168369e-01	2.875387e+65	1.271572e+67
 526	2.168369e-01	8.700508e+90	3.890013e+92
 527	2.168369e-01	6.534102e+132	2.921408e+134
 528	2.168369e-01	3.033341e+141	1.356212e+143
 529	2.168369e-01	4.495292e+73	2.009853e+75
 530	2.168369e-01	2.675669e+75	1.196296e+77
 531	2.168369e-01	2.868298e+68	1.282420e+70
 532	2.168369e-01	3.540379e+116	1.582910e+118
 533	2.168369e-01	5.656115e+33	2.528859e+35
 534	2.168369e-01	1.215244e+112	5.433376e+113
 535	2.168369e-01	7.760557e+69	3.469759e+71
 536	2.168369e-01	2.557787e+132	1.143590e+134
 537	2.168369e-01	2.259763e+87	1.010344e+89
 538	2.168369e-01	2.241923e+108	1.002368e+110
 539	2.168369e-01	5.863177e+82	2.621437e+84
 540	2.168369e-01	1.341108e+72	5.996119e+73
 541	2.168369e-01	7.180182e+61	3.210272e+63
 542	2.168369e-01	2.004293e+94	8.961231e+95
 543	2.168369e-01	8.332599e+86	3.725472e+88
 544	2.168369e-01	3.219820e+58	1.439587e+60
 545	2.168369e-01	1.582244e+146	7.074241e+147
 546	2.168369e-01	1.410585e+46	6.306748e+47
 547	2.168369e-01	9.876037e+86	4.414157e+88
 548	2.168369e-01	2.334016e+147	1.043543e+149
 549	2.168369e-01	2.375575e+86	1.062124e+88
 550	1.821338e-01	1.021920e+53	4.569024e+54
 551	1.821338e-01	1.089479e+100	4.871079e+101
 552	1.821338e-01	4.529270e+129	2.025045e+131
 553	1.821338e-01	2.523679e+81	1.128341e+83
 554	1.821338e-01	5.355981e+123	2.394669e+125
 555	1.821338e-01	2.284544e+94	1.021424e+96
 556	1.821338e-01	7.724764e+107	3.453756e+109
 557	1.821338e-01	2.125162e+126	9.501636e+127
 558	1.821338e-01	5.073093e+40	2.268189e+42
 559	1.821338e-01	2.151149e+51	9.617826e+52
 560	1.821338e-01	1.364539e+108	6.100877e+109
 561	1.821338e-01	1.171151e+98	5.236236e+99
 562	1.821338e-01	1.525693e+83	6.821401e+84
 563	1.821338e-01	1.769190e+46	7.910082e+47
 564	1.821338e-01	4.891359e+73	2.186935e+75
 565	1.821338e-01	1.831042e+88	8.186620e+89
 566	1.821338e-01	1.394868e+96	6.236479e+97
 567	1.821338e-01	2.304859e+105	1.030507e+107
 568	1.821338e-01	2.207945e+145	9.871761e+146
 569	1.821338e-01	1.650757e+79	7.380564e+80
 570	1.821338e-01	3.849610e+142	1.721167e+144
 571	1.821338e-01	1.707410e+86	7.633857e+87
 572	1.821338e-01	5.258782e+88	2.351211e+90
 573	1.821338e-01	1.680583e+95	7.513918e+96
 574	1.821338e-01	9.043342e+90	4.043294e+92
 575	1.821338e-01	7.750881e+120	3.465433e+122
 576	1.821338e-01	2.075486e+141	9.279533e+142
 577	1.821338e-01	1.772336e+102	7.924147e+103
 578	1.821338e-01	2.026854e+123	9.062100e+124
 579	1.821338e-01	1.157586e+93	5.175585e+94
 580	1.821338e-01	5.662998e+39	2.531937e+41
 581	1.821338e-01	1.565934e+129	7.001320e+130
 582	1.821338e-01	1.763153e+65	7.883087e+66
 583	1.821338e-01	4.225578e+32	1.889264e+34
 584	1.821338e-01	2.645929e+90	1.182993e+92
 585	1.821338e-01	7.543317e+50	3.372631e+52
 586	1.821338e-01	1.316406e+93	5.843464e+94
 587	1.821338e-01	4.930873e+72	2.204602e+74
 588	1.821338e-01	1.799945e+55	8.047587e+56
 589	1.821338e-01	3.198948e+73	1.427267e+75
 590	1.821338e-01	1.262011e+124	5.642475e+125
 591	1.821338e-01	1.304798e+149	5.833775e+150
 592	1.821338e-01	9.322118e+66	4.167936e+68
 593	1.821338e-01	1.234347e+45	5.518789e+46
 594	1.821338e-01	1.119931e+65	5.007234e+66
 595	1.821338e-01	2.401332e+19	1.073213e+21
 596	1.821338e-01	4.800620e+77	2.146272e+79
 597	1.821338e-01	1.504279e+91	6.725646e+92
 598	1.821338e-01	2.975614e+41	1.330396e+43
 599	1.821338e-01	5.480076e+134	2.450152e+136
 600	1.821338e-01	1.441255e+90	6.442194e+91
 601	1.821338e-01	7.629960e+115	3.326549e+117
 602	1.821338e-01	2.307723e+97	1.031762e+99
 603	1.821338e-01	1.981869e+105	8.860973e+106
 604	1.821338e-01	1.975896e+99	8.834265e+100
 605	1.821338e-01	5.639322e+51	2.521349e+53
 606	1.821338e-01	1.168079e+125	5.222500e+126
 607	1.821338e-01	2.013569e+107	9.002701e+108
 608	1.821338e-01	8.071624e+137	3.608838e+139
 609	1.821338e-01	4.981997e+78	2.227460e+80
 610	1.821338e-01	2.083089e+75	6.930095e+76
 611	1.821338e-01	9.938823e+109	4.443665e+111
 612	1.821338e-01	6.398430e+83	2.860747e+85
 613	1.821338e-01	2.349482e+117	1.050457e+119
 614	1.821338e-01	3.470122e+53	1.551498e+55
 615	1.821338e-01	1.665044e+105	7.444440e+106
 616	1.821338e-01	1.118547e+85	5.001045e+86
 617	1.821338e-01	2.140956e+33	9.572126e+34
 618	1.821338e-01	4.216269e+147	1.885101e+149
 619	1.821338e-01	2.199632e+110	9.834593e+111
 620	1.821338e-01	5.160704e+149	2.307360e+151
 621	1.821338e-01	6.376382e+138	2.850892e+140
 622	1.821338e-01	1.191661e+68	5.327937e+69
 623	1.821338e-01	1.568289e+97	7.011848e+98
 624	1.821338e-01	1.766829e+133	7.899523e+134
 625	1.821338e-01	4.063238e+123	1.816681e+125
 626	1.821338e-01	2.518852e+84	1.126183e+86
 627	1.821338e-01	1.850619e+127	8.272759e+128
 628	1.821338e-01	9.849357e+90	4.403665e+92
 629	1.821338e-01	3.445520e+146	1.540498e+148
 630	1.821338e-01	3.313294e+106	1.481380e+108
 631	1.821338e-01	5.337458e+88	2.386387e+90
 632	1.821338e-01	4.175862e+60	1.866928e+62
 633	1.821338e-01	4.612454e+51	2.062236e+53
 634	1.821338e-01	3.902487e+78	1.744809e+80
 635	1.821338e-01	1.529551e+109	6.838648e+110
 636	1.821338e-01	3.844092e+62	1.718664e+64
 637	1.821338e-01	8.875349e+116	3.968184e+118
 638	1.821338e-01	9.824878e+122	4.392720e+124
 639	1.821338e-01	3.317596e+69	1.474726e+71
 640	1.821338e-01	4.892969e+146	2.187655e+148
 641	1.821338e-01	2.179921e+131	9.746465e+132
 642	1.821338e-01	1.787130e+147	7.990289e+148
 643	1.821338e-01	1.262792e+135	5.645967e+136
 644	1.821338e-01	1.744267e+141	7.798649e+142
 645	1.821338e-01	3.063813e+81	1.369824e+83
 646	1.821338e-01	2.229116e+114	9.965345e+115
 647	1.821338e-01	6.494783e+126	2.903829e+128
 648	1.821338e-01	8.050795e+94	3.599525e+96
 649	1.821338e-01	3.777486e+93	1.688921e+95
 650	1.821338e-01	1.247340e+98	5.576880e+99
 651	1.821338e-01	2.057314e+118	9.198289e+119
 652	1.821338e-01	9.341663e+123	4.176674e+125
 653	1.821338e-01	2.126921e+121	9.509502e+122
 654	1.821338e-01	3.561824e+92	1.592498e+94
 655	1.821338e-01	3.995001e+130	1.620042e+132
 656	1.821338e-01	5.691351e+146	1.992799e+148
 657	1.821338e-01	2.608667e+42	1.166340e+44
 658	1.821338e-01	4.895421e+53	2.188751e+55
 659	1.821338e-01	1.741735e+150	7.787330e+151
 660	1.821338e-01	5.961185e+105	2.665257e+107
 661	1.821338e-01	2.414444e+137	1.079502e+139
 662	1.821338e-01	3.332922e+113	1.488314e+115
 663	1.821338e-01	2.733691e+95	1.222238e+97
 664	1.821338e-01	5.903738e+150	2.639549e+152
 665	1.821338e-01	1.147342e+88	5.129788e+89
 666	1.821338e-01	4.298404e+145	1.921824e+147
 667	1.821338e-01	7.878375e+103	3.522435e+105
 668	1.821338e-01	4.029336e+95	1.801523e+97
 669	1.821338e-01	1.075187e+29	4.807178e+30
 670	1.821338e-01	1.516259e+61	6.779219e+62
 671	1.821338e-01	3.585908e+81	1.603266e+83
 672	1.821338e-01	4.972517e+127	2.223221e+129
 673	1.821338e-01	5.162287e+76	2.308068e+78
 674	1.821338e-01	1.330233e+88	5.947497e+89
 675	1.821338e-01	6.538053e+92	2.923175e+94
 676	1.821338e-01	2.252179e+111	1.006953e+113
 677	1.821338e-01	2.422995e+147	1.083325e+149
 678	1.821338e-01	3.806628e+91	1.701950e+93
 679	1.821338e-01	1.577897e+104	7.054808e+105
 680	1.821338e-01	1.342528e+79	6.002465e+80
 681	1.821338e-01	4.405861e+101	1.969868e+103
 682	1.821338e-01	2.094096e+145	9.362740e+146
 683	1.821338e-01	1.007789e+119	4.505845e+120
 684	1.821338e-01	1.491941e+101	6.670494e+102
 685	1.821338e-01	1.508013e+147	6.742351e+148
 686	1.821338e-01	4.685170e+114	2.094748e+116
 687	1.821338e-01	2.391241e+105	1.069128e+107
 688	1.821338e-01	2.406691e+147	1.076036e+149
 689	1.821338e-01	1.059073e+73	4.727893e+74
 690	1.821338e-01	6.210647e+148	2.776791e+150
 691	1.821338e-01	1.569066e+64	7.015324e+65
 692	1.821338e-01	6.637569e+105	2.864913e+107
 693	1.821338e-01	5.044268e+14	2.255204e+16
 694	1.821338e-01	9.255843e+136	4.138304e+138
 695	1.821338e-01	2.033542e+90	9.092004e+91
 696	1.821338e-01	3.490315e+99	1.560526e+101
 697	1.821338e-01	5.052037e+73	2.258775e+75
 698	1.821338e-01	9.334373e+142	4.173415e+144
 699	1.821338e-01	3.013877e+69	1.347508e+71
 700	1.821338e-01	9.238118e+105	4.130379e+107
 701	1.821338e-01	4.525803e+137	2.023495e+139
 702	1.821338e-01	1.035359e+136	4.629037e+137
 703	1.821338e-01	3.181470e+112	1.422441e+114
 704	1.821338e-01	6.438620e+70	2.878719e+72
 705	1.821338e-01	8.773245e+83	3.922534e+85
 706	1.821338e-01	4.447551e+142	1.988508e+144
 707	1.821338e-01	2.116200e+100	8.579823e+101
 708	1.821338e-01	8.101251e+90	3.622084e+92
 709	1.821338e-01	1.843271e+64	8.241298e+65
 710	1.821338e-01	1.478672e+133	6.611170e+134
 711	1.821338e-01	6.278226e+40	2.807006e+42
 712	1.821338e-01	6.218710e+100	2.780396e+102
 713	1.821338e-01	1.110544e+63	4.964622e+64
 714	1.821338e-01	2.764303e+80	1.235925e+82
 715	1.821338e-01	2.211520e+99	9.887746e+100
 716	1.821338e-01	1.116262e+126	4.990829e+127
 717	1.821338e-01	7.874093e+122	3.520521e+124
 718	1.821338e-01	8.688952e+121	3.884846e+123
 719	1.821338e-01	1.336412e+40	4.303607e+41
 720	1.821338e-01	4.566069e+81	2.041498e+83
 721	1.821338e-01	1.550635e+58	6.774614e+59
 722	1.821338e-01	1.056403e+90	4.723195e+91
 723	1.821338e-01	5.623839e+114	2.514429e+116
 724	1.821338e-01	1.301393e+138	5.818551e+139
 725	1.821338e-01	8.860361e+90	3.961483e+92
 726	1.821338e-01	8.176859e+103	3.641283e+105
 727	1.821338e-01	2.508712e+112	1.121649e+114
 728	1.821338e-01	4.867801e+50	2.176403e+52
 729	1.821338e-01	6.436765e+96	2.877889e+98
 730	1.821338e-01	1.996615e+83	8.926900e+84
 731	1.821338e-01	4.360842e+45	1.949740e+47
 732	1.821338e-01	6.793230e+149	3.037265e+151
 733	1.821338e-01	2.502689e+125	1.118957e+127
 734	1.821338e-01	4.106688e+135	1.836108e+137
 735	1.821338e-01	3.683146e+86	1.646741e+88
 736	1.821338e-01	3.210084e+100	1.435234e+102
 737	1.821338e-01	2.150210e+17	9.555225e+18
 738	1.821338e-01	1.016066e+93	4.542849e+94
 739	1.821338e-01	9.627137e+121	4.304310e+123
 740	1.821338e-01	4.789546e+98	2.141415e+100
 741	1.821338e-01	1.015353e+129	4.539660e+130
 742	1.821338e-01	8.632868e+133	3.859771e+135
 743	1.821338e-01	9.619989e+25	4.301097e+27
 744	1.821338e-01	5.001042e+21	1.819134e+23
 745	1.821338e-01	1.338793e+63	5.985766e+64
 746	1.821338e-01	5.568095e+129	2.489505e+131
 747	1.821338e-01	4.197871e+94	1.876876e+96
 748	1.821338e-01	4.253070e+114	1.901555e+116
 749	1.821338e-01	1.491441e+67	6.668259e+68
 750	1.821338e-01	6.605895e+134	2.953507e+136
 751	1.821338e-01	5.240476e+96	2.342978e+98
 752	1.821338e-01	3.190401e+107	1.426434e+109
 753	1.821338e-01	3.898773e+94	1.743148e+96
 754	1.821338e-01	1.558249e+140	6.966957e+141
 755	1.821338e-01	2.896100e+66	1.294851e+68
 756	1.821338e-01	1.342991e+30	6.004535e+31
 757	1.821338e-01	2.020346e+87	8.966722e+88
 758	1.821338e-01	7.439485e+34	3.326207e+36
 759	1.821338e-01	1.553801e+93	6.947073e+94
 760	1.821338e-01	2.283803e+148	1.021092e+150
 761	1.821338e-01	6.042155e+54	2.701458e+56
 762	1.821338e-01	5.155685e+69	2.305116e+71
 763	1.821338e-01	6.205803e+142	2.774625e+144
 764	1.821338e-01	2.390386e+23	1.068746e+25
 765	1.821338e-01	5.215009e+107	2.331625e+109
 766	1.821338e-01	5.722196e+92	2.541554e+94
 767	1.821338e-01	9.069180e+97	4.054847e+99
 768	1.821338e-01	1.994911e+47	8.916241e+48
 769	1.821338e-01	1.780535e+131	7.960803e+132
 770	1.821338e-01	1.701134e+113	7.605801e+114
 771	1.821338e-01	9.226524e+111	4.125195e+113
 772	1.821338e-01	8.393918e+100	3.752936e+102
 773	1.821338e-01	1.402695e+91	6.271475e+92
 774	1.821338e-01	6.291110e+113	2.812766e+115
 775	1.821338e-01	9.374520e+118	4.191364e+120
 776	1.821338e-01	7.439872e+143	3.326380e+145
 777	1.821338e-01	2.440646e+21	1.025005e+23
 778	1.821338e-01	2.679522e+136	1.198019e+138
 779	1.821338e-01	7.072756e+110	3.162242e+112
 780	1.821338e-01	6.426582e+150	2.873336e+152
 781	1.821338e-01	1.580634e+108	7.067044e+109
 782	1.821338e-01	4.066412e+103	1.818100e+105
 783	1.821338e-01	2.886764e+71	1.290677e+73
 784	1.821338e-01	7.910044e+126	3.536595e+128
 785	1.821338e-01	1.859813e+123	8.315257e+124
 786	1.821338e-01	2.202256e+127	9.846325e+128
 787	1.821338e-01	1.523856e+104	6.813188e+105
 788	1.821338e-01	1.445119e+90	6.461151e+91
 789	1.821338e-01	2.526366e+53	1.129543e+55
 790	1.821338e-01	5.746082e+134	2.569083e+136
 791	1.821338e-01	3.345893e+100	1.495955e+102
 792	1.821338e-01	2.689345e+108	1.202411e+110
 793	1.821338e-01	1.806666e+121	8.077634e+122
 794	1.821338e-01	5.538384e+28	2.476221e+30
 795	1.821338e-01	3.114989e+105	1.392717e+107
 796	1.821338e-01	5.538165e+65	2.476123e+67
 797	1.821338e-01	6.925615e+81	3.096455e+83
 798	1.821338e-01	1.646952e+85	7.363552e+86
 799	1.821338e-01	9.995985e+121	4.469223e+123
 800	1.821338e-01	4.330979e+67	1.936388e+69
 801	1.821338e-01	1.045163e+99	4.672941e+100
 802	1.821338e-01	1.132488e+97	5.063374e+98
 803	1.821338e-01	7.773054e+57	3.475346e+59
 804	1.821338e-01	4.500330e+134	2.012105e+136
 805	1.821338e-01	1.442865e+83	6.451077e+84
 806	1.821338e-01	1.328197e+96	5.938391e+97
 807	1.821338e-01	7.904339e+81	3.534044e+83
 808	1.821338e-01	1.148473e+98	5.134842e+99
 809	1.821338e-01	2.701734e+108	1.207950e+110
 810	1.821338e-01	5.078042e+135	2.270402e+137
 811	1.821338e-01	3.043172e+61	1.360608e+63
 812	1.821338e-01	3.632698e+90	1.624186e+92
 813	1.821338e-01	1.460185e+121	6.528515e+122
 814	1.821338e-01	3.063161e+127	1.369545e+129
 815	1.821338e-01	1.041840e+117	4.658087e+118
 816	1.821338e-01	3.426213e+68	1.531866e+70
 817	1.821338e-01	4.072333e+107	1.820747e+109
 818	1.821338e-01	1.155781e+150	5.167518e+151
 819	1.821338e-01	2.130261e+36	9.524432e+37
 820	1.821338e-01	5.840558e+54	1.960969e+56
 821	1.821338e-01	1.535944e+69	6.867232e+70
 822	1.821338e-01	5.012651e+89	2.241165e+91
 823	1.592227e-01	5.738147e+82	2.565536e+84
 824	1.592227e-01	2.141254e+44	9.573587e+45
 825	1.592227e-01	5.185482e+68	2.318438e+70
 826	1.592227e-01	1.455449e+121	6.507340e+122
 827	1.592227e-01	8.972053e+80	4.011421e+82
 828	1.592227e-01	1.957630e+122	8.752599e+123
 829	1.592227e-01	1.338137e+104	5.982832e+105
 830	1.592227e-01	1.510028e+135	6.751363e+136
 831	1.592227e-01	2.202987e+93	7.405247e+94
 832	1.592227e-01	8.003659e+113	3.578450e+115
 833	1.592227e-01	1.031737e+69	4.612914e+70
 834	1.592227e-01	4.380270e+103	1.950479e+105
 835	1.592227e-01	3.338053e+133	1.492449e+135
 836	1.592227e-01	1.831868e+40	8.190278e+41
 837	1.592227e-01	8.582040e+79	3.837045e+81
 838	1.592227e-01	7.836496e+85	3.503711e+87
 839	1.592227e-01	2.226521e+69	9.945223e+70
 840	1.592227e-01	2.920644e+43	1.305824e+45
 841	1.592227e-01	1.510401e+100	6.753028e+101
 842	1.592227e-01	2.293674e+114	1.025506e+116
 843	1.592227e-01	4.443850e+106	1.986853e+108
 844	1.592227e-01	4.964912e+117	2.219821e+119
 845	1.592227e-01	5.028162e+62	2.248100e+64
 846	1.592227e-01	4.104288e+111	1.835035e+113
 847	1.592227e-01	3.942102e+74	1.762521e+76
 848	1.592227e-01	1.285150e+116	5.745929e+117
 849	1.592227e-01	1.965644e+42	8.788430e+43
 850	1.592227e-01	1.056086e+82	4.720837e+83
 851	1.592227e-01	8.608498e+110	3.848875e+112
 852	1.592227e-01	8.120301e+93	3.630601e+95
 853	1.592227e-01	3.090512e+135	1.381774e+137
 854	1.592227e-01	4.904703e+138	2.192901e+140
 855	1.592227e-01	2.392240e+110	1.069575e+112
 856	1.592227e-01	2.167920e+122	9.692811e+123
 857	1.592227e-01	6.239474e+129	2.789680e+131
 858	1.592227e-01	1.685791e+112	7.377228e+113
 859	1.592227e-01	7.289078e+67	3.258960e+69
 860	1.592227e-01	6.288759e+128	2.811715e+130
 861	1.592227e-01	2.623458e+146	1.172953e+148
 862	1.592227e-01	5.775974e+106	2.582448e+108
 863	1.592227e-01	1.845440e+137	8.250997e+138
 864	1.592227e-01	1.179378e+95	5.273019e+96
 865	1.592227e-01	7.692664e+26	3.439404e+28
 866	1.592227e-01	6.207114e+87	2.775212e+89
 867	1.592227e-01	9.820725e+96	4.390864e+98
 868	1.592227e-01	2.005755e+67	8.967242e+68
 869	1.592227e-01	3.491801e+83	1.561191e+85
 870	1.592227e-01	4.775772e+130	2.135256e+132
 871	1.592227e-01	1.147479e+43	5.130398e+44
 872	1.592227e-01	3.076104e+57	1.375332e+59
 873	1.592227e-01	1.724609e+111	6.982709e+112
 874	1.592227e-01	7.052985e+82	3.153402e+84
 875	1.592227e-01	4.769031e+93	2.132206e+95
 876	1.592227e-01	3.441979e+143	1.538915e+145
 877	1.592227e-01	8.150757e+103	3.644218e+105
 878	1.592227e-01	8.720462e+126	3.898934e+128
 879	1.592227e-01	5.123966e+102	2.289914e+104
 880	1.592227e-01	1.107347e+117	4.950969e+118
 881	1.592227e-01	5.733670e+61	2.560715e+63
 882	1.592227e-01	6.503384e+42	2.062453e+44
 883	1.592227e-01	3.800542e+140	1.699227e+142
 884	1.592227e-01	1.056610e+51	4.724121e+52
 885	1.592227e-01	1.607361e+65	7.186539e+66
 886	1.592227e-01	9.602839e+82	4.290351e+84
 887	1.592227e-01	3.923754e+45	1.379627e+47
 888	1.592227e-01	3.487082e+43	1.559024e+45
 889	1.592227e-01	1.605689e+101	7.179064e+102
 890	1.367378e-01	4.601190e+51	2.057200e+53
 891	1.367378e-01	5.878394e+117	2.628240e+119
 892	1.367378e-01	8.735814e+97	3.905798e+99
 893	1.367378e-01	7.541548e+54	3.371839e+56
 894	1.367378e-01	1.208897e+101	5.404998e+102
 895	1.367378e-01	2.188980e+105	9.786920e+106
 896	1.367378e-01	5.217518e+108	2.332762e+110
 897	1.367378e-01	3.217611e+67	1.438596e+69
 898	1.367378e-01	2.246344e+104	1.004344e+106
 899	1.367378e-01	3.632983e+51	1.624313e+53
 900	1.367378e-01	2.584917e+121	1.155721e+123
 901	1.367378e-01	4.975970e+138	2.224765e+140
 902	1.367378e-01	2.200318e+84	9.837660e+85
 903	1.367378e-01	1.853169e+130	8.285553e+131
 904	1.367378e-01	6.642318e+140	2.969792e+142
 905	1.367378e-01	9.613636e+100	4.298274e+102
 906	1.367378e-01	3.144563e+56	1.405939e+58
 907	1.367378e-01	6.318903e+104	2.825193e+106
 908	1.367378e-01	2.007066e+31	8.970279e+32
 909	1.367378e-01	1.353122e+138	6.049832e+139
 910	1.367378e-01	6.415150e+47	2.868225e+49
 911	1.367378e-01	1.051293e+111	4.700352e+112
 912	1.367378e-01	2.011867e+95	8.995094e+96
 913	1.367378e-01	6.066583e+59	2.712380e+61
 914	1.367378e-01	2.344196e+148	1.048094e+150
 915	1.367378e-01	5.660617e+112	2.530872e+114
 916	1.367378e-01	2.137996e+68	9.559016e+69
 917	1.367378e-01	5.551683e+141	2.482167e+143
 918	1.367378e-01	8.230182e+78	3.679729e+80
 919	1.367378e-01	3.620899e+100	1.618911e+102
 920	1.367378e-01	1.269649e+121	5.676617e+122
 921	1.367378e-01	1.346414e+69	6.019840e+70
 922	1.367378e-01	7.002665e+125	3.130904e+127
 923	1.367378e-01	1.403980e+106	6.277221e+107
 924	1.367378e-01	1.304841e+122	5.810082e+123
 925	1.367378e-01	1.734928e+110	7.756896e+111
 926	1.367378e-01	4.103395e+52	1.834635e+54
 927	1.367378e-01	1.148195e+102	5.133598e+103
 928	1.367378e-01	1.341447e+135	5.997632e+136
 929	1.367378e-01	7.993016e+98	3.558562e+100
 930	1.367378e-01	1.160124e+127	5.186933e+128
 931	1.367378e-01	5.297134e+74	2.368358e+76
 932	1.367378e-01	1.869996e+106	8.360788e+107
 933	1.367378e-01	1.774012e+68	7.931639e+69
 934	1.367378e-01	1.503419e+92	6.721813e+93
 935	1.367378e-01	1.048798e+148	4.689194e+149
 936	1.367378e-01	5.138476e+102	2.297422e+104
 937	1.367378e-01	1.074820e+54	4.805541e+55
 938	1.367378e-01	9.037029e+84	4.040472e+86
 939	1.367378e-01	3.948115e+93	1.765209e+95
 940	1.367378e-01	1.556816e+79	6.960553e+80
 941	1.367378e-01	3.027976e+124	1.353814e+126
 942	1.367378e-01	4.392802e+61	1.964030e+63
 943	1.367378e-01	1.886420e+31	8.434205e+32
 944	1.367378e-01	1.678760e+107	7.505765e+108
 945	1.367378e-01	2.732704e+123	1.220661e+125
 946	1.367378e-01	1.122033e+142	5.016630e+143
 947	1.367378e-01	8.591520e+85	3.841284e+87
 948	1.367378e-01	2.321043e+114	1.037741e+116
 949	1.367378e-01	2.325225e+63	1.039612e+65
 950	1.367378e-01	5.634245e+114	2.519081e+116
 951	1.367378e-01	1.316262e+85	5.885031e+86
 952	1.367378e-01	1.179176e+125	5.272116e+126
 953	1.367378e-01	3.802375e+100	1.700045e+102
 954	1.367378e-01	2.568939e+89	1.145035e+91
 955	1.367378e-01	4.090881e+107	1.829040e+109
 956	1.367378e-01	1.162626e+130	5.195857e+131
 957	1.367378e-01	2.914272e+148	1.302976e+150
 958	1.367378e-01	1.212845e+58	5.422652e+59
 959	1.367378e-01	8.371193e+55	3.742775e+57
 960	1.367378e-01	7.938840e+116	3.549470e+118
 961	1.367378e-01	9.847547e+49	4.402856e+51
 962	1.367378e-01	1.788488e+103	7.996362e+104
 963	1.367378e-01	4.655868e+84	2.081647e+86
 964	1.367378e-01	5.409783e+77	2.418723e+79
 965	1.367378e-01	1.310931e+118	5.861194e+119
 966	1.367378e-01	8.938084e+26	3.996233e+28
 967	1.367378e-01	9.673037e+90	4.324832e+92
 968	1.367378e-01	6.041900e+96	2.701344e+98
 969	1.367378e-01	5.697106e+70	2.547186e+72
 970	1.367378e-01	1.278874e+83	5.717870e+84
 971	1.367378e-01	7.968302e+106	3.562642e+108
 972	1.367378e-01	3.170361e+24	1.417474e+26
 973	1.367378e-01	3.990199e+72	1.784023e+74
 974	1.367378e-01	3.240092e+132	1.448651e+134
 975	1.367378e-01	1.851606e+15	8.258388e+16
 976	1.367378e-01	2.591491e+147	1.158660e+149
 977	1.367378e-01	2.421124e+114	1.082489e+116
 978	1.367378e-01	1.030790e+84	4.608679e+85
 979	1.367378e-01	1.399222e+106	6.255945e+107
 980	1.367378e-01	5.815761e+91	2.600237e+93
 981	1.367378e-01	2.376294e+126	1.062445e+128
 982	1.367378e-01	1.319076e+135	5.897612e+136
 983	1.367378e-01	4.034597e+62	1.803875e+64
 984	1.367378e-01	1.958380e+69	8.755952e+70
 985	1.367378e-01	6.742040e+94	3.014378e+96
 986	1.367378e-01	1.557224e+94	6.962377e+95
 987	1.367378e-01	4.431641e+130	1.981394e+132
 988	1.367378e-01	7.593455e+77	3.395047e+79
 989	1.367378e-01	7.172564e+38	3.206866e+40
 990	1.367378e-01	1.612373e+131	7.208949e+132
 991	1.367378e-01	1.193704e+116	5.337071e+117
 992	1.367378e-01	1.373808e+122	6.142321e+123
 993	1.367378e-01	2.113191e+90	9.448110e+91
 994	1.367378e-01	1.326597e+116	5.931238e+117
 995	1.367378e-01	7.279059e+33	3.246692e+35
 996	1.367378e-01	7.317309e+104	3.264870e+106
 997	1.367378e-01	7.985819e+103	3.570474e+105
 998	1.367378e-01	8.511149e+07	3.804499e+09
 999	1.367378e-01	1.163991e+117	5.204226e+118
1000	1.367378e-01	1.974494e+70	8.827996e+71
