   0	2.307002e-01	1.513884e+128	3.381760e+129
   1	2.186727e-01	4.207934e+118	9.399813e+119
   2	1.910593e-01	inf	nan
   3	1.910593e-01	1.515982e+97	3.383347e+98
   4	1.608379e-01	9.051194e+63	2.021771e+65
   5	1.608379e-01	inf	nan
   6	1.608379e-01	5.771919e+59	1.038111e+61
   7	1.597439e-01	inf	nan
   8	1.452522e-01	1.636958e+82	3.656688e+83
   9	1.452522e-01	1.109365e+91	2.478132e+92
  10	1.254543e-01	4.779091e+142	1.067568e+144
  11	1.031688e-01	1.332539e+73	2.976667e+74
  12	1.031688e-01	4.001669e+108	8.939052e+109
  13	1.031688e-01	7.098080e+58	1.112992e+60
  14	1.031688e-01	inf	nan
  15	1.031688e-01	9.576853e+141	2.139295e+143
  16	1.031688e-01	3.199100e+146	7.087324e+147
  17	9.658892e-02	1.083983e+59	1.920998e+60
  18	9.658892e-02	inf	nan
  19	9.658892e-02	7.145503e+139	1.596184e+141
  20	9.658892e-02	inf	nan
  21	8.410174e-02	1.188702e+141	2.654228e+142
  22	7.231318e-02	8.133749e+140	1.816942e+142
  23	7.231318e-02	4.841125e+136	1.081425e+138
  24	7.231318e-02	inf	nan
  25	7.231318e-02	inf	nan
  26	7.231318e-02	4.121488e+142	8.810131e+143
  27	7.231318e-02	1.172333e+140	2.600507e+141
  28	6.273967e-02	2.982186e+92	6.659012e+93
  29	6.273967e-02	inf	nan
  30	6.273967e-02	inf	nan
  31	6.273967e-02	5.751029e+94	1.284683e+96
  32	4.828738e-02	inf	nan
  33	4.828738e-02	1.015573e+141	2.268592e+142
  34	4.828738e-02	inf	nan
  35	4.828738e-02	2.139702e+116	4.779732e+117
  36	4.828738e-02	2.134297e+89	4.767659e+90
  37	4.828738e-02	2.218119e+136	4.954902e+137
  38	4.828738e-02	1.576202e+134	3.520970e+135
  39	4.828738e-02	1.361864e+136	3.042174e+137
  40	4.828738e-02	6.499335e+57	1.025578e+59
  41	4.828738e-02	2.561011e+87	5.720865e+88
  42	4.828738e-02	inf	nan
  43	4.828738e-02	6.441469e+61	1.436836e+63
  44	4.828738e-02	4.350738e+76	9.718811e+77
  45	4.828738e-02	7.674965e+81	1.714457e+83
  46	4.828738e-02	1.562161e+61	3.487345e+62
  47	4.828738e-02	6.433413e+61	1.436824e+63
  48	4.828738e-02	inf	nan
  49	4.828738e-02	1.819483e+62	2.702713e+63
  50	4.828738e-02	2.472641e+150	5.523462e+151
  51	4.828738e-02	2.474838e+99	5.528369e+100
  52	4.828738e-02	2.067056e+90	4.617453e+91
  53	4.828738e-02	inf	nan
  54	4.828738e-02	1.005339e+58	1.289616e+59
  55	4.828738e-02	4.669367e+59	1.021313e+61
  56	4.828738e-02	inf	nan
  57	4.828738e-02	2.902274e+58	4.515042e+59
  58	4.828738e-02	6.998391e+104	1.563322e+106
  59	4.828738e-02	9.947281e+70	2.222054e+72
  60	4.828738e-02	4.831148e+64	1.078559e+66
  61	4.828738e-02	1.325165e+91	2.960194e+92
  62	4.828738e-02	4.636871e+59	1.021302e+61
  63	4.828738e-02	inf	nan
  64	4.828738e-02	7.861587e+57	1.044446e+59
  65	4.828738e-02	inf	nan
  66	4.828738e-02	1.115173e+56	1.629251e+57
  67	4.828738e-02	inf	nan
  68	4.828738e-02	2.293489e+114	5.123267e+115
  69	4.828738e-02	2.865347e+59	5.609335e+60
  70	4.828738e-02	inf	nan
  71	4.828738e-02	inf	nan
  72	4.828738e-02	4.845653e+59	1.016303e+61
  73	4.828738e-02	4.050018e+78	9.047056e+79
  74	4.828738e-02	4.559360e+60	8.383173e+61
  75	4.828738e-02	6.499335e+57	1.025578e+59
  76	4.828738e-02	4.333951e+122	9.681312e+123
  77	4.828738e-02	6.433136e+61	1.436824e+63
  78	4.828738e-02	1.473336e+144	3.291184e+145
  79	4.828738e-02	8.200204e+60	1.779184e+62
  80	4.828738e-02	5.276403e+90	1.178659e+92
  81	4.828738e-02	6.523548e+61	1.447053e+63
  82	4.828738e-02	5.921611e+120	1.322788e+122
  83	4.828738e-02	7.208418e+61	1.452240e+63
  84	4.828738e-02	4.984264e+59	1.022745e+61
  85	4.828738e-02	2.827852e+95	6.316943e+96
  86	4.828738e-02	inf	nan
  87	4.828738e-02	inf	nan
  88	4.828738e-02	1.862862e+64	4.161315e+65
  89	4.828738e-02	inf	nan
  90	4.828738e-02	4.844509e+92	1.082181e+94
  91	4.828738e-02	4.207934e+118	9.399813e+119
  92	4.828738e-02	3.163196e+81	7.066045e+82
  93	4.828738e-02	inf	nan
  94	4.828738e-02	6.454897e+61	1.441109e+63
  95	4.828738e-02	inf	nan
  96	4.828738e-02	inf	nan
  97	4.828738e-02	2.064305e+60	2.934541e+61
  98	4.828738e-02	4.479863e+89	1.000726e+91
  99	4.828738e-02	7.380516e+59	1.147509e+61
 100	4.828738e-02	2.207827e+58	3.523821e+59
 101	4.828738e-02	8.415893e+118	1.328002e+120
 102	4.691291e-02	1.166266e+94	2.605240e+95
 103	4.691291e-02	9.458322e+59	1.443529e+61
 104	4.691291e-02	5.981908e+64	1.336236e+66
 105	4.691291e-02	inf	nan
 106	4.691291e-02	4.926585e+59	1.022419e+61
 107	4.691291e-02	6.509007e+61	1.436833e+63
 108	4.691291e-02	5.921611e+120	1.322788e+122
 109	4.691291e-02	8.245668e+64	1.841889e+66
 110	4.691291e-02	9.237969e+96	2.063606e+98
 111	4.691291e-02	6.576383e+59	1.108551e+61
 112	4.691291e-02	2.315525e+85	5.172491e+86
 113	4.691291e-02	1.627543e+58	1.616669e+59
 114	4.691291e-02	inf	nan
 115	4.691291e-02	3.753000e+58	6.699783e+59
 116	4.691291e-02	1.447735e+95	3.233994e+96
 117	4.691291e-02	inf	nan
 118	4.691291e-02	inf	nan
 119	4.691291e-02	2.680534e+145	5.987859e+146
 120	4.691291e-02	1.206669e+60	1.864058e+61
 121	4.691291e-02	6.532762e+61	1.459151e+63
 122	4.691291e-02	inf	nan
 123	4.691291e-02	9.041711e+122	2.019765e+124
 124	4.691291e-02	4.510799e+149	1.007636e+151
 125	4.691291e-02	2.071429e+60	4.542533e+61
 126	4.691291e-02	1.699350e+115	3.796061e+116
 127	4.691291e-02	1.765842e+86	3.944593e+87
 128	4.691291e-02	7.659332e+119	1.710965e+121
 129	4.691291e-02	1.143749e+119	2.554942e+120
 130	4.691291e-02	inf	nan
 131	4.691291e-02	7.924217e+61	1.699670e+63
 132	4.691291e-02	inf	nan
 133	4.691291e-02	1.291013e+60	1.648440e+61
 134	4.691291e-02	9.632111e+59	1.494051e+61
 135	4.691291e-02	8.214928e+69	1.835076e+71
 136	4.691291e-02	inf	nan
 137	4.691291e-02	4.036049e+149	9.015850e+150
 138	4.691291e-02	4.636871e+59	1.021302e+61
 139	4.691291e-02	5.211319e+59	1.024709e+61
 140	4.691291e-02	1.656486e+141	3.700308e+142
 141	4.691291e-02	inf	nan
 142	4.691291e-02	inf	nan
 143	4.691291e-02	9.818939e+79	2.193385e+81
 144	4.691291e-02	1.721577e+113	3.845711e+114
 145	4.691291e-02	6.017421e+60	1.144887e+62
 146	4.691291e-02	3.565589e+87	7.964923e+88
 147	4.691291e-02	1.640181e+83	3.663887e+84
 148	4.691291e-02	9.164934e+60	2.002478e+62
 149	4.691291e-02	1.714063e+60	2.956055e+61
 150	4.691291e-02	inf	nan
 151	4.691291e-02	inf	nan
 152	4.691291e-02	inf	nan
 153	4.691291e-02	3.552604e+71	7.935915e+72
 154	4.691291e-02	inf	nan
 155	4.691291e-02	inf	nan
 156	4.691291e-02	inf	nan
 157	4.691291e-02	inf	nan
 158	4.691291e-02	inf	nan
 159	4.691291e-02	inf	nan
 160	4.691291e-02	1.727516e+68	3.858976e+69
 161	4.691291e-02	inf	nan
 162	4.691291e-02	inf	nan
 163	4.691291e-02	inf	nan
 164	4.691291e-02	2.510672e+60	5.098127e+61
 165	4.691291e-02	1.065807e+61	1.691962e+62
 166	4.691291e-02	inf	nan
 167	4.691291e-02	inf	nan
 168	4.691291e-02	inf	nan
 169	4.691291e-02	2.006569e+64	3.590087e+65
 170	4.691291e-02	3.284930e+100	7.337978e+101
 171	4.691291e-02	1.747664e+130	3.903986e+131
 172	4.691291e-02	inf	nan
 173	4.691291e-02	inf	nan
 174	4.691291e-02	inf	nan
 175	4.691291e-02	9.916147e+59	1.330661e+61
 176	4.691291e-02	8.585910e+69	1.917943e+71
 177	4.691291e-02	inf	nan
 178	4.691291e-02	inf	nan
 179	4.691291e-02	1.027699e+120	2.295705e+121
 180	4.691291e-02	inf	nan
 181	4.691291e-02	1.046814e+65	2.338329e+66
 182	4.248606e-02	6.422245e+84	1.434621e+86
 183	4.248606e-02	9.786877e+124	2.186223e+126
 184	4.248606e-02	1.678124e+120	3.748646e+121
 185	4.248606e-02	4.207934e+118	9.399813e+119
 186	4.248606e-02	1.685504e+66	3.691461e+67
 187	4.248606e-02	inf	nan
 188	3.924905e-02	4.207935e+118	9.399813e+119
 189	3.924905e-02	4.207934e+118	9.399813e+119
 190	3.924905e-02	inf	nan
 191	3.924905e-02	4.532037e+140	1.012380e+142
 192	3.924905e-02	7.908277e+61	1.468735e+63
 193	3.924905e-02	inf	nan
 194	3.924905e-02	inf	nan
 195	3.924905e-02	inf	nan
 196	3.312210e-02	inf	nan
 197	3.312210e-02	2.056730e+63	4.588969e+64
 198	3.312210e-02	inf	nan
 199	3.312210e-02	inf	nan
 200	3.312210e-02	inf	nan
 201	3.312210e-02	4.604374e+59	1.021291e+61
 202	3.312210e-02	9.421351e+143	2.081459e+145
 203	3.312210e-02	1.185937e+61	2.544890e+62
 204	3.312210e-02	inf	nan
 205	3.312210e-02	2.360552e+60	2.605344e+61
 206	3.312210e-02	1.943620e+65	3.611314e+66
 207	3.312210e-02	6.895845e+128	1.103111e+130
 208	3.312210e-02	1.148686e+138	2.565971e+139
 209	3.312210e-02	5.704746e+117	1.274344e+119
 210	3.312210e-02	2.253907e+64	5.034465e+65
 211	3.312210e-02	5.919851e+143	1.322395e+145
 212	3.312210e-02	8.651899e+63	1.916936e+65
 213	3.312210e-02	inf	nan
 214	3.312210e-02	7.362064e+61	1.624056e+63
 215	3.312210e-02	1.816494e+74	4.057740e+75
 216	3.312210e-02	4.207934e+118	9.399813e+119
 217	3.312210e-02	1.156699e+64	2.573554e+65
 218	3.312210e-02	inf	nan
 219	3.312210e-02	inf	nan
 220	3.312210e-02	inf	nan
 221	3.312210e-02	9.243799e+64	2.064869e+66
 222	3.312210e-02	inf	nan
 223	3.312210e-02	inf	nan
 224	3.312210e-02	inf	nan
 225	3.312210e-02	9.016162e+61	1.997079e+63
 226	3.312210e-02	inf	nan
 227	3.312210e-02	1.114367e+60	1.489825e+61
 228	3.312210e-02	5.322014e+59	1.029813e+61
 229	3.312210e-02	inf	nan
 230	3.312210e-02	6.227895e+135	1.391206e+137
 231	3.312210e-02	2.048376e+142	4.575726e+143
 232	3.312210e-02	inf	nan
 233	3.312210e-02	inf	nan
 234	3.312210e-02	inf	nan
 235	3.312210e-02	1.994748e+58	1.770384e+59
 236	3.312210e-02	inf	nan
 237	3.312210e-02	inf	nan
 238	3.312210e-02	4.755850e+81	1.062376e+83
 239	3.312210e-02	1.794553e+62	3.997917e+63
 240	3.312210e-02	2.298769e+122	5.135062e+123
 241	3.300844e-02	1.731660e+118	3.868236e+119
 242	3.300844e-02	inf	nan
 243	3.300844e-02	4.207934e+118	9.399813e+119
 244	3.300844e-02	3.807489e+78	8.505286e+79
 245	3.300844e-02	1.772432e+96	3.959314e+97
 246	3.300844e-02	2.113785e+121	4.721838e+122
 247	3.300844e-02	7.634208e+127	1.705353e+129
 248	3.300844e-02	7.685148e+69	1.528851e+71
 249	3.300844e-02	1.179569e+139	2.634958e+140
 250	3.300844e-02	inf	nan
 251	3.300844e-02	inf	nan
 252	3.300844e-02	2.796990e+74	6.248003e+75
 253	3.300844e-02	inf	nan
 254	3.300844e-02	inf	nan
 255	3.300844e-02	7.592620e+62	1.694987e+64
 256	3.300844e-02	4.630032e+98	1.034271e+100
 257	3.300844e-02	3.205086e+83	7.159619e+84
 258	3.300844e-02	inf	nan
 259	3.300844e-02	5.969656e+60	9.796685e+61
 260	3.300844e-02	9.071134e+127	2.026338e+129
 261	3.300844e-02	inf	nan
 262	3.300844e-02	8.865634e+100	1.980433e+102
 263	3.300844e-02	1.879521e+91	4.198531e+92
 264	3.300844e-02	inf	nan
 265	3.300844e-02	inf	nan
 266	3.300844e-02	1.459472e+92	3.260212e+93
 267	3.300844e-02	1.061778e+68	2.371831e+69
 268	3.300844e-02	8.103645e+113	1.810217e+115
 269	3.300844e-02	1.541251e+70	3.442893e+71
 270	3.300844e-02	2.257595e+60	4.112210e+61
 271	3.300844e-02	5.921195e+59	9.785683e+60
 272	3.300844e-02	9.728664e+61	1.941277e+63
 273	3.300844e-02	4.561550e+72	1.018973e+74
 274	3.300844e-02	inf	nan
 275	3.300844e-02	inf	nan
 276	3.300844e-02	8.223477e+120	1.836986e+122
 277	3.300844e-02	inf	nan
 278	3.300844e-02	1.799876e+65	4.018799e+66
 279	3.300844e-02	inf	nan
 280	3.300844e-02	1.255713e+140	2.805049e+141
 281	3.300844e-02	inf	nan
 282	3.300844e-02	inf	nan
 283	3.300844e-02	9.905507e+61	2.181512e+63
 284	3.300844e-02	9.769708e+109	2.182387e+111
 285	3.300844e-02	inf	nan
 286	3.300844e-02	1.308683e+67	2.923375e+68
 287	3.300844e-02	4.207934e+118	9.399813e+119
 288	3.300844e-02	1.130212e+78	2.524702e+79
 289	3.300844e-02	7.035415e+62	1.150967e+64
 290	3.300844e-02	3.023484e+83	6.753953e+84
 291	3.300844e-02	4.640531e+63	1.021941e+65
 292	3.300844e-02	inf	nan
 293	3.300844e-02	4.896955e+59	1.021269e+61
 294	3.300844e-02	1.900742e+104	4.245935e+105
 295	3.300844e-02	3.147805e+81	7.031663e+82
 296	3.300844e-02	3.725306e+97	8.321703e+98
 297	3.300844e-02	2.990185e+116	6.679568e+117
 298	3.300844e-02	2.122387e+65	4.741039e+66
 299	3.300844e-02	inf	nan
 300	3.285933e-02	4.207934e+118	9.399813e+119
 301	3.285933e-02	2.287074e+62	3.837022e+63
 302	3.285933e-02	1.413054e+61	3.046928e+62
 303	3.285933e-02	inf	nan
 304	3.285933e-02	4.207934e+118	9.399813e+119
 305	3.285933e-02	1.068303e+122	2.386402e+123
 306	3.285933e-02	1.133112e+126	2.531181e+127
 307	3.285933e-02	1.194582e+63	2.656120e+64
 308	3.285933e-02	5.921611e+120	1.322788e+122
 309	3.285933e-02	inf	nan
 310	3.285933e-02	5.904052e+59	1.032880e+61
 311	3.285933e-02	4.847384e+119	1.082824e+121
 312	3.285933e-02	1.139372e+122	2.545164e+123
 313	3.285933e-02	5.693880e+117	1.270891e+119
 314	3.285933e-02	7.206812e+60	1.505115e+62
 315	3.285933e-02	8.445770e+118	1.328000e+120
 316	3.285933e-02	4.936863e+106	1.102812e+108
 317	3.285933e-02	4.237836e+118	9.399917e+119
 318	3.285933e-02	8.023528e+84	1.792315e+86
 319	3.285933e-02	inf	nan
 320	3.285933e-02	inf	nan
 321	3.285933e-02	1.044793e+60	1.466972e+61
 322	3.285933e-02	2.480659e+70	5.541373e+71
 323	3.285933e-02	1.210329e+90	2.703670e+91
 324	3.285933e-02	5.485075e+93	1.225273e+95
 325	3.285933e-02	5.151095e+59	1.092667e+61
 326	3.285933e-02	inf	nan
 327	3.285933e-02	1.763288e+63	3.936827e+64
 328	3.285933e-02	4.237836e+118	9.399917e+119
 329	3.285933e-02	2.124860e+127	4.746578e+128
 330	3.285933e-02	1.122029e+60	1.471329e+61
 331	3.285933e-02	4.237836e+118	9.399917e+119
 332	3.285933e-02	9.556498e+62	2.113317e+64
 333	3.285933e-02	inf	nan
 334	3.285933e-02	inf	nan
 335	3.285933e-02	inf	nan
 336	3.285933e-02	4.207934e+118	9.399813e+119
 337	3.285933e-02	3.172313e+61	5.770039e+62
 338	3.285933e-02	inf	nan
 339	3.285933e-02	5.006406e+86	1.118346e+88
 340	3.285933e-02	1.238443e+120	2.766471e+121
 341	3.285933e-02	inf	nan
 342	3.285933e-02	1.336053e+87	2.984517e+88
 343	3.285933e-02	inf	nan
 344	3.285933e-02	inf	nan
 345	3.285933e-02	7.140956e+120	1.595169e+122
 346	3.285933e-02	1.215495e+59	1.922161e+60
 347	3.285933e-02	inf	nan
 348	3.285933e-02	3.265824e+101	7.295298e+102
 349	3.285933e-02	2.456665e+82	5.487774e+83
 350	3.285933e-02	9.533946e+59	1.442827e+61
 351	3.285933e-02	inf	nan
 352	3.285933e-02	4.498329e+127	1.004851e+129
 353	3.285933e-02	5.587993e+64	1.248241e+66
 354	3.257423e-02	1.408930e+60	1.753814e+61
 355	3.257423e-02	8.026142e+98	1.792904e+100
 356	3.257423e-02	1.969969e+66	4.400575e+67
 357	3.257423e-02	1.664530e+96	3.718279e+97
 358	3.257423e-02	5.563392e+85	1.242768e+87
 359	3.257423e-02	1.454054e+123	3.247523e+124
 360	3.257423e-02	4.865554e+59	1.021377e+61
 361	3.257423e-02	7.288031e+121	1.628023e+123
 362	3.257423e-02	5.921611e+120	1.322788e+122
 363	3.257423e-02	1.246374e+63	2.717503e+64
 364	3.257423e-02	1.026279e+63	2.290391e+64
 365	3.257423e-02	4.837216e+59	1.021365e+61
 366	3.257423e-02	inf	nan
 367	3.257423e-02	inf	nan
 368	3.257423e-02	inf	nan
 369	3.257423e-02	1.313819e+66	2.933327e+67
 370	3.257423e-02	4.188157e+61	8.953658e+62
 371	3.257423e-02	6.445554e+61	1.436820e+63
 372	3.257423e-02	1.107710e+76	2.473428e+77
 373	3.257423e-02	3.775059e+102	8.432844e+103
 374	3.257423e-02	1.023932e+61	2.176770e+62
 375	3.257423e-02	inf	nan
 376	3.257423e-02	inf	nan
 377	3.257423e-02	2.029011e+115	4.532465e+116
 378	3.257423e-02	1.409431e+60	1.765253e+61
 379	3.257423e-02	inf	nan
 380	3.257423e-02	1.113644e+124	2.487691e+125
 381	3.257423e-02	inf	nan
 382	3.257423e-02	1.715223e+96	3.831518e+97
 383	3.257423e-02	4.208828e+118	9.401810e+119
 384	3.257423e-02	inf	nan
 385	3.257423e-02	4.962350e+59	1.021470e+61
 386	3.257423e-02	inf	nan
 387	3.257423e-02	5.794226e+121	1.293391e+123
 388	3.257423e-02	3.084514e+117	6.890283e+118
 389	3.257423e-02	inf	nan
 390	3.257423e-02	5.254166e+63	1.173474e+65
 391	3.257423e-02	inf	nan
 392	3.257423e-02	inf	nan
 393	3.257423e-02	3.197290e+104	7.142204e+105
 394	3.257423e-02	3.625540e+61	6.995170e+62
 395	3.257423e-02	1.448208e+61	2.922633e+62
 396	3.257423e-02	1.732461e+96	3.870025e+97
 397	3.257423e-02	inf	nan
 398	3.257423e-02	1.638822e+112	3.660851e+113
 399	3.257423e-02	inf	nan
 400	3.257423e-02	1.715223e+96	3.831518e+97
 401	3.257423e-02	inf	nan
 402	3.257423e-02	7.233146e+74	1.615762e+76
 403	3.257423e-02	inf	nan
 404	3.257423e-02	4.207934e+118	9.399813e+119
 405	3.257423e-02	3.824563e+87	8.543426e+88
 406	3.257423e-02	9.776437e+58	9.279394e+59
 407	3.257423e-02	4.076046e+74	9.105197e+75
 408	3.257423e-02	1.983597e+124	4.431021e+125
 409	3.257423e-02	4.997711e+59	1.021706e+61
 410	3.257423e-02	9.708688e+122	2.168757e+124
 411	3.257423e-02	1.219814e+70	2.724859e+71
 412	3.257423e-02	1.129859e+89	2.523849e+90
 413	3.257423e-02	1.343619e+94	3.001417e+95
 414	3.257423e-02	4.973934e+107	1.111093e+109
 415	3.257423e-02	6.572015e+61	1.436850e+63
 416	3.257423e-02	9.945419e+99	2.221638e+101
 417	3.257423e-02	inf	nan
 418	3.257423e-02	2.990185e+116	6.679568e+117
 419	3.257423e-02	inf	nan
 420	3.257423e-02	inf	nan
 421	3.257423e-02	inf	nan
 422	3.257423e-02	4.805859e+100	1.071489e+102
 423	3.257423e-02	inf	nan
 424	3.257423e-02	inf	nan
 425	3.257423e-02	1.219250e+61	2.070131e+62
 426	3.257423e-02	6.666079e+77	1.488819e+79
 427	3.257423e-02	4.900157e+59	1.021387e+61
 428	3.257423e-02	1.087397e+60	1.390514e+61
 429	3.257423e-02	7.021424e+130	1.568467e+132
 430	3.257423e-02	inf	nan
 431	3.257423e-02	1.011876e+75	2.260360e+76
 432	3.257423e-02	5.218975e+130	1.165831e+132
 433	3.257423e-02	inf	nan
 434	3.257423e-02	4.818803e+65	1.075322e+67
 435	3.257423e-02	7.290250e+74	1.628519e+76
 436	3.256565e-02	inf	nan
 437	3.256565e-02	inf	nan
 438	3.256565e-02	8.415869e+118	1.328002e+120
 439	3.256565e-02	3.845197e+60	8.336427e+61
 440	3.256565e-02	inf	nan
 441	3.256565e-02	7.602473e+83	1.698264e+85
 442	3.256565e-02	2.226128e+105	4.972793e+106
 443	3.256565e-02	6.694274e+111	1.495388e+113
 444	3.256565e-02	inf	nan
 445	3.256565e-02	9.298579e+63	2.076350e+65
 446	3.256565e-02	3.530288e+119	7.833250e+120
 447	3.249342e-02	2.317200e+84	5.176233e+85
 448	3.249342e-02	2.368968e+109	5.291873e+110
 449	3.249342e-02	3.891580e+60	6.729300e+61
 450	3.249342e-02	4.398310e+103	9.825080e+104
 451	3.247835e-02	2.765946e+119	6.178656e+120
 452	3.247835e-02	inf	nan
 453	3.247835e-02	1.123919e+63	2.503878e+64
 454	3.237759e-02	9.901487e+139	2.211825e+141
 455	3.237759e-02	inf	nan
 456	3.237759e-02	inf	nan
 457	3.237759e-02	2.222772e+84	4.965297e+85
 458	3.237759e-02	1.536829e+117	3.433015e+118
 459	3.237759e-02	4.512387e+119	1.007991e+121
 460	3.237759e-02	6.800515e+129	1.519120e+131
 461	3.237759e-02	3.283487e+75	7.334754e+76
 462	3.237759e-02	2.671404e+124	5.967455e+125
 463	3.237759e-02	6.316753e+61	1.390090e+63
 464	3.237759e-02	1.645299e+122	3.675319e+123
 465	3.237759e-02	3.500850e+74	7.820308e+75
 466	3.237759e-02	7.067331e+61	1.442531e+63
 467	3.237759e-02	6.596511e+61	1.436903e+63
 468	3.237759e-02	4.131121e+125	9.228093e+126
 469	3.237759e-02	1.383759e+82	3.091083e+83
 470	3.237759e-02	inf	nan
 471	3.237759e-02	inf	nan
 472	3.237759e-02	inf	nan
 473	3.237759e-02	4.207934e+118	9.399813e+119
 474	3.237759e-02	inf	nan
 475	3.237759e-02	1.358057e+104	3.033670e+105
 476	3.237759e-02	7.183784e+70	1.604736e+72
 477	3.205478e-02	1.456468e+94	3.253502e+95
 478	3.205478e-02	1.353412e+62	2.032241e+63
 479	3.205478e-02	5.653689e+70	1.262939e+72
 480	3.205478e-02	inf	nan
 481	3.205478e-02	6.371083e+119	1.423192e+121
 482	3.205478e-02	7.602715e+63	1.248792e+65
 483	3.205478e-02	inf	nan
 484	3.205478e-02	2.634755e+68	5.885596e+69
 485	3.205478e-02	1.001288e+73	2.233283e+74
 486	3.205478e-02	inf	nan
 487	3.205478e-02	9.598093e+99	2.144052e+101
 488	3.205478e-02	3.972326e+64	7.946671e+65
 489	3.205478e-02	1.355241e+114	3.027378e+115
 490	3.205478e-02	3.230759e+98	7.216970e+99
 491	3.205478e-02	6.816969e+69	1.522796e+71
 492	3.205478e-02	4.207934e+118	9.399813e+119
 493	3.205478e-02	3.042804e+63	5.260170e+64
 494	3.205478e-02	5.635069e+111	1.258779e+113
 495	3.205478e-02	7.363839e+63	1.570813e+65
 496	3.205478e-02	4.207934e+118	9.399813e+119
 497	3.205478e-02	2.923188e+60	4.090187e+61
 498	3.205478e-02	inf	nan
 499	3.205478e-02	inf	nan
 500	3.205478e-02	inf	nan
 501	3.205478e-02	inf	nan
 502	3.205478e-02	8.043251e+62	1.769541e+64
 503	3.205478e-02	4.207934e+118	9.399813e+119
 504	3.205478e-02	9.660193e+96	2.157924e+98
 505	3.205478e-02	inf	nan
 506	3.205478e-02	2.488498e+60	2.909597e+61
 507	3.205478e-02	8.694523e+68	1.603721e+70
 508	3.205478e-02	1.999076e+139	4.465597e+140
 509	3.205478e-02	inf	nan
 510	3.205478e-02	inf	nan
 511	3.205478e-02	3.714897e+96	7.814788e+97
 512	3.205478e-02	6.845221e+61	1.437548e+63
 513	3.205478e-02	inf	nan
 514	3.205478e-02	inf	nan
 515	3.205478e-02	7.339166e+123	1.639446e+125
 516	3.205478e-02	1.030482e+61	2.093940e+62
 517	3.205478e-02	inf	nan
 518	3.205478e-02	4.207934e+118	9.399813e+119
 519	3.205478e-02	9.587696e+59	1.442818e+61
 520	3.205478e-02	1.795231e+63	3.990902e+64
 521	3.205478e-02	5.508646e+108	1.230538e+110
 522	3.205478e-02	inf	nan
 523	3.205478e-02	2.990185e+116	6.679568e+117
 524	3.205478e-02	5.006406e+86	1.118346e+88
 525	3.205478e-02	8.773101e+97	1.959762e+99
 526	3.205478e-02	inf	nan
 527	3.205478e-02	6.009624e+93	1.342448e+95
 528	3.205478e-02	4.207934e+118	9.399813e+119
 529	3.205478e-02	inf	nan
 530	3.205478e-02	8.934540e+67	1.995825e+69
 531	3.205478e-02	3.972315e+120	8.873480e+121
 532	3.205478e-02	9.482761e+118	2.111606e+120
 533	3.205478e-02	inf	nan
 534	3.205478e-02	6.872525e+69	1.535206e+71
 535	3.205478e-02	2.990185e+116	6.679568e+117
 536	3.205478e-02	1.054366e+62	1.695541e+63
 537	3.205478e-02	5.486596e+65	1.225607e+67
 538	3.205478e-02	5.744762e+143	1.283283e+145
 539	3.205478e-02	4.024831e+93	8.990792e+94
 540	3.205478e-02	7.537948e+69	1.683850e+71
 541	3.205478e-02	4.207934e+118	9.399813e+119
 542	3.205478e-02	6.623620e+61	1.436962e+63
 543	3.205478e-02	1.861508e+60	2.036244e+61
 544	3.205478e-02	2.435030e+67	5.439425e+68
 545	3.205478e-02	inf	nan
 546	3.205478e-02	9.991905e+65	2.232021e+67
 547	3.205478e-02	5.168989e+100	1.154665e+102
 548	3.205478e-02	2.990185e+116	6.679568e+117
 549	3.205478e-02	1.365202e+63	2.880884e+64
 550	3.205478e-02	3.892959e+97	8.696211e+98
 551	3.205478e-02	4.207934e+118	9.399813e+119
 552	3.205478e-02	8.415869e+118	1.328002e+120
 553	3.205478e-02	inf	nan
 554	3.205478e-02	1.118495e+123	2.498527e+124
 555	3.205478e-02	inf	nan
 556	3.205478e-02	inf	nan
 557	3.205478e-02	5.409274e+80	1.208340e+82
 558	3.205478e-02	5.429196e+59	1.026215e+61
 559	3.205478e-02	inf	nan
 560	3.205478e-02	inf	nan
 561	3.205478e-02	2.813376e+60	4.373041e+61
 562	3.205478e-02	2.604316e+87	5.817600e+88
 563	3.205478e-02	5.177027e+142	1.156460e+144
 564	3.205478e-02	4.595731e+123	1.026608e+125
 565	3.205478e-02	2.360052e+60	2.269668e+61
 566	3.205478e-02	3.959073e+61	6.028917e+62
 567	3.205478e-02	4.207934e+118	9.399813e+119
 568	3.205478e-02	3.957702e+61	6.598407e+62
 569	3.205478e-02	6.427671e+143	1.435833e+145
 570	3.205478e-02	3.970742e+85	8.869967e+86
 571	3.205478e-02	1.146164e+124	2.560337e+125
 572	3.205478e-02	1.587627e+63	3.542271e+64
 573	3.205478e-02	2.193444e+105	4.899783e+106
 574	3.205478e-02	9.558226e+61	1.722734e+63
 575	3.205478e-02	3.653236e+118	8.160711e+119
 576	3.205478e-02	inf	nan
 577	3.205478e-02	2.790080e+146	6.232568e+147
 578	3.205478e-02	2.027938e+67	4.527331e+68
 579	3.205478e-02	7.538458e+61	1.454728e+63
 580	3.205478e-02	4.957750e+119	1.106808e+121
 581	3.205478e-02	1.572484e+63	3.365610e+64
 582	3.205478e-02	inf	nan
 583	3.205478e-02	2.234834e+120	4.695203e+121
 584	3.205478e-02	inf	nan
 585	3.205478e-02	4.207934e+118	9.399813e+119
 586	3.205478e-02	4.207934e+118	9.399813e+119
 587	3.205478e-02	4.207934e+118	9.399813e+119
 588	3.205478e-02	1.621058e+62	3.579452e+63
 589	3.205478e-02	4.207934e+118	9.399813e+119
 590	3.205478e-02	6.121436e+62	1.362413e+64
 591	3.205478e-02	3.216269e+79	7.184601e+80
 592	3.205478e-02	inf	nan
 593	3.205478e-02	4.065410e+139	9.081439e+140
 594	3.205478e-02	5.180806e+142	1.157304e+144
 595	3.205478e-02	inf	nan
 596	3.204799e-02	4.207934e+118	9.399813e+119
 597	3.204799e-02	1.181074e+66	2.635316e+67
 598	3.204799e-02	inf	nan
 599	3.204799e-02	inf	nan
 600	3.204799e-02	2.165821e+74	4.838079e+75
 601	3.204799e-02	inf	nan
 602	3.204799e-02	inf	nan
 603	3.204799e-02	2.990185e+116	6.679568e+117
 604	3.204799e-02	4.937438e+133	1.102940e+135
 605	3.204799e-02	2.990185e+116	6.679568e+117
 606	3.204799e-02	5.773735e+60	1.179124e+62
 607	3.204799e-02	7.043389e+88	1.573374e+90
 608	3.204799e-02	7.163111e+64	1.600042e+66
 609	3.204799e-02	8.959877e+148	2.001485e+150
 610	3.204799e-02	2.286272e+81	5.107145e+82
 611	3.204799e-02	4.237836e+118	9.399917e+119
 612	3.204459e-02	4.207934e+118	9.399813e+119
 613	3.204459e-02	4.207934e+118	9.399813e+119
 614	3.204459e-02	4.207934e+118	9.399813e+119
 615	3.204459e-02	2.670304e+60	4.939251e+61
 616	3.204459e-02	4.207934e+118	9.399813e+119
 617	3.204459e-02	2.384398e+104	5.326342e+105
 618	3.203793e-02	inf	nan
 619	3.203793e-02	4.207934e+118	9.399813e+119
 620	3.203793e-02	2.259825e+61	3.919696e+62
 621	3.203793e-02	1.963770e+84	4.386730e+85
 622	3.203793e-02	6.482203e+61	1.199782e+63
 623	3.203793e-02	4.207934e+118	9.399813e+119
 624	3.203793e-02	4.207934e+118	9.399813e+119
 625	3.203793e-02	8.415869e+118	1.328002e+120
 626	3.203793e-02	1.025321e+64	2.011458e+65
 627	3.203793e-02	4.969120e+72	1.110017e+74
 628	3.203793e-02	inf	nan
 629	3.203793e-02	inf	nan
 630	3.203793e-02	inf	nan
 631	3.203793e-02	1.969069e+126	4.398568e+127
 632	3.203793e-02	inf	nan
 633	3.203793e-02	2.604316e+87	5.817600e+88
 634	3.203793e-02	4.207934e+118	9.399813e+119
 635	3.203793e-02	1.944213e+73	4.343043e+74
 636	3.203793e-02	2.913002e+60	2.500241e+61
 637	3.203793e-02	1.543829e+78	3.448653e+79
 638	3.203793e-02	1.069407e+63	1.968533e+64
 639	3.203793e-02	1.935856e+60	2.042283e+61
 640	3.203793e-02	4.207934e+118	9.399813e+119
 641	3.203793e-02	4.237837e+118	9.399917e+119
 642	3.203793e-02	1.227909e+122	2.742000e+123
 643	3.203793e-02	inf	nan
 644	3.203793e-02	inf	nan
 645	3.203793e-02	inf	nan
 646	3.202276e-02	1.992402e+63	4.032224e+64
 647	3.202276e-02	4.237836e+118	9.399917e+119
 648	3.202276e-02	2.990185e+116	6.679568e+117
 649	3.202276e-02	1.294513e+63	2.707665e+64
 650	3.202276e-02	1.168708e+120	2.610026e+121
 651	3.202276e-02	2.449740e+81	5.472305e+82
 652	3.202276e-02	1.272607e+118	2.842788e+119
 653	3.202276e-02	4.207934e+118	9.399813e+119
 654	3.202276e-02	inf	nan
 655	3.202276e-02	2.990185e+116	6.679568e+117
 656	3.202276e-02	inf	nan
 657	3.202276e-02	5.921611e+120	1.322788e+122
 658	3.202276e-02	inf	nan
 659	3.202276e-02	1.724951e+63	3.819126e+64
 660	3.202276e-02	4.301065e+67	9.607842e+68
 661	3.202276e-02	inf	nan
 662	3.202276e-02	3.383032e+119	6.681705e+120
 663	3.202276e-02	8.415869e+118	1.328002e+120
 664	3.202276e-02	inf	nan
 665	3.202276e-02	1.653280e+63	2.854596e+64
 666	3.202276e-02	inf	nan
 667	3.202276e-02	inf	nan
 668	3.202276e-02	8.905586e+122	1.989263e+124
 669	3.202276e-02	5.652347e+137	1.262639e+139
 670	3.202276e-02	2.990185e+116	6.679568e+117
 671	3.202276e-02	1.183621e+63	2.314399e+64
 672	3.202276e-02	inf	nan
 673	3.202276e-02	5.628156e+119	1.257235e+121
 674	3.202276e-02	5.016395e+85	1.120578e+87
 675	3.202276e-02	inf	nan
 676	3.202276e-02	4.237836e+118	9.399917e+119
 677	3.202276e-02	1.143955e+65	2.545432e+66
 678	3.202276e-02	9.506630e+68	2.121860e+70
 679	3.202276e-02	inf	nan
 680	3.202276e-02	inf	nan
 681	3.202276e-02	9.856860e+61	1.613543e+63
 682	3.202276e-02	3.337304e+60	2.870528e+61
 683	3.202276e-02	6.606727e+61	1.436867e+63
 684	3.202276e-02	2.800975e+97	6.256905e+98
 685	3.202276e-02	4.207934e+118	9.399813e+119
 686	3.202276e-02	8.415869e+118	1.328002e+120
 687	3.202276e-02	5.372471e+65	1.196297e+67
 688	3.202276e-02	1.419547e+65	3.170972e+66
 689	3.202276e-02	4.186895e+119	9.352814e+120
 690	3.202276e-02	1.301514e+120	2.814746e+121
 691	3.202276e-02	7.519915e+61	1.448328e+63
 692	3.202276e-02	2.310569e+62	2.503775e+63
 693	3.202276e-02	1.365103e+65	3.037475e+66
 694	3.202276e-02	7.204188e+65	1.607432e+67
 695	3.202276e-02	5.861701e+86	1.309405e+88
 696	3.202276e-02	8.970556e+116	1.154614e+118
 697	3.202276e-02	4.207934e+118	9.399813e+119
 698	3.202276e-02	inf	nan
 699	3.202276e-02	1.160549e+63	2.588232e+64
 700	3.201998e-02	1.397817e+63	3.061700e+64
 701	3.201998e-02	inf	nan
 702	3.201998e-02	2.990185e+116	6.679568e+117
 703	3.201998e-02	inf	nan
 704	3.201998e-02	8.907581e+122	1.989262e+124
 705	3.201998e-02	inf	nan
 706	3.201998e-02	1.262380e+119	1.624829e+120
 707	3.201998e-02	3.123403e+63	5.018587e+64
 708	3.201998e-02	7.408859e+124	1.654881e+126
 709	3.201998e-02	3.556214e+104	7.943980e+105
 710	3.201998e-02	5.921611e+120	1.322788e+122
 711	3.201998e-02	7.842569e+120	1.751830e+122
 712	3.201998e-02	3.855812e+64	8.093859e+65
 713	3.201998e-02	2.873289e+62	6.324861e+63
 714	3.201998e-02	6.873756e+95	1.535481e+97
 715	3.201998e-02	4.207934e+118	9.399813e+119
 716	3.201998e-02	inf	nan
 717	3.201998e-02	1.226314e+63	2.557134e+64
 718	3.201998e-02	4.207934e+118	9.399813e+119
 719	3.201998e-02	2.990185e+116	6.679568e+117
 720	3.201998e-02	1.299814e+84	2.903566e+85
 721	3.201998e-02	3.966747e+62	8.732218e+63
 722	3.201998e-02	2.990185e+116	6.679568e+117
 723	3.201998e-02	5.959808e+60	1.025731e+62
 724	3.201998e-02	2.990185e+116	6.679568e+117
 725	3.201998e-02	1.397106e+63	2.619490e+64
 726	3.201998e-02	4.207934e+118	9.399813e+119
 727	3.201998e-02	2.451802e+119	5.476911e+120
 728	3.201998e-02	4.207934e+118	9.399813e+119
 729	3.201998e-02	1.549585e+69	3.461508e+70
 730	3.201998e-02	3.388030e+63	7.345847e+64
 731	3.201998e-02	inf	nan
 732	3.201998e-02	6.056967e+83	1.353024e+85
 733	3.201998e-02	4.429703e+61	9.570573e+62
 734	3.201998e-02	7.206234e+70	1.609751e+72
 735	3.201998e-02	9.338348e+117	2.020204e+119
 736	3.201998e-02	1.412072e+113	3.154331e+114
 737	3.201998e-02	5.745020e+102	1.283340e+104
 738	3.201998e-02	1.055145e+64	2.045819e+65
 739	3.201998e-02	4.632549e+118	9.445657e+119
 740	3.201998e-02	5.921611e+120	1.322788e+122
 741	3.201998e-02	1.580832e+68	3.531278e+69
 742	3.201998e-02	5.921611e+120	1.322788e+122
 743	3.201998e-02	1.840809e+120	4.111387e+121
 744	3.201998e-02	4.747001e+119	1.060400e+121
 745	3.201998e-02	inf	nan
 746	3.201998e-02	inf	nan
 747	3.201998e-02	3.382941e+119	7.556917e+120
 748	3.201998e-02	1.090546e+61	1.840042e+62
 749	3.201998e-02	1.019491e+120	2.277371e+121
 750	3.201998e-02	1.586704e+93	3.544429e+94
 751	3.201998e-02	1.001894e+61	1.976837e+62
 752	3.201998e-02	6.621800e+61	1.436884e+63
 753	3.201998e-02	1.618624e+62	2.083092e+63
 754	3.201998e-02	4.207934e+118	9.399814e+119
 755	3.201998e-02	1.801533e+123	4.024286e+124
 756	3.201998e-02	1.104263e+142	2.466736e+143
 757	3.201998e-02	4.207934e+118	9.399813e+119
 758	3.201998e-02	8.415869e+118	1.328002e+120
 759	3.201998e-02	1.828663e+86	4.084923e+87
 760	3.201998e-02	4.207934e+118	9.399813e+119
 761	3.201998e-02	3.976498e+119	8.882824e+120
 762	3.201998e-02	4.237836e+118	9.399917e+119
 763	3.201998e-02	8.086991e+79	1.806497e+81
 764	3.201998e-02	inf	nan
 765	3.201998e-02	inf	nan
 766	3.201998e-02	4.207934e+118	9.399813e+119
 767	3.201998e-02	inf	nan
 768	3.201998e-02	1.552376e+63	3.445229e+64
 769	3.201998e-02	1.267888e+122	2.832248e+123
 770	3.201998e-02	inf	nan
 771	3.201998e-02	1.948991e+61	2.836027e+62
 772	3.201998e-02	8.445770e+118	1.328000e+120
 773	3.201998e-02	inf	nan
 774	3.201998e-02	1.151028e+120	2.386528e+121
 775	3.201998e-02	inf	nan
 776	3.201998e-02	1.146780e+89	2.561712e+90
 777	3.201998e-02	8.445770e+118	1.328000e+120
 778	3.201998e-02	1.548013e+118	3.457998e+119
 779	3.201998e-02	4.602991e+61	7.362666e+62
 780	3.201998e-02	2.990185e+116	6.679568e+117
 781	3.201998e-02	2.588974e+60	4.259183e+61
 782	3.201998e-02	5.630671e+60	9.315474e+61
 783	3.201998e-02	inf	nan
 784	3.201998e-02	1.518701e+61	2.281751e+62
 785	3.201998e-02	2.990185e+116	6.679568e+117
 786	3.201998e-02	1.350220e+71	3.016164e+72
 787	3.201998e-02	5.921611e+120	1.322788e+122
 788	3.201998e-02	7.563578e+139	1.689575e+141
 789	3.201998e-02	2.990185e+116	6.679568e+117
 790	3.201998e-02	5.921611e+120	1.322788e+122
 791	3.201998e-02	1.521181e+149	3.398061e+150
 792	3.201998e-02	inf	nan
 793	3.201998e-02	5.976327e+119	1.244379e+121
 794	3.201998e-02	inf	nan
 795	3.201998e-02	4.207934e+118	9.399813e+119
 796	3.201998e-02	4.952080e+99	1.106211e+101
 797	3.201998e-02	3.777934e+90	8.439266e+91
 798	3.201998e-02	inf	nan
 799	3.201998e-02	inf	nan
 800	3.201998e-02	5.459699e+100	1.219604e+102
 801	3.201998e-02	5.374570e+86	1.200588e+88
 802	3.201998e-02	4.207934e+118	9.399813e+119
 803	3.201998e-02	1.533873e+61	3.239679e+62
 804	3.201998e-02	1.744270e+63	3.732712e+64
 805	3.201998e-02	7.794300e+61	1.451069e+63
 806	3.201998e-02	inf	nan
 807	3.201998e-02	inf	nan
 808	3.201998e-02	inf	nan
 809	3.201998e-02	2.103116e+63	3.573813e+64
 810	3.201998e-02	7.011215e+70	1.566187e+72
 811	3.201998e-02	8.396774e+78	1.875697e+80
 812	3.201998e-02	1.217273e+76	2.710896e+77
 813	3.201998e-02	5.627152e+82	1.127588e+84
 814	3.201998e-02	4.207934e+118	9.399813e+119
 815	3.201998e-02	1.653581e+119	3.687134e+120
 816	3.201998e-02	7.165308e+69	1.600609e+71
 817	3.201998e-02	inf	nan
 818	3.201998e-02	4.207934e+118	9.399813e+119
 819	3.201998e-02	4.216367e+117	9.418651e+118
 820	3.201998e-02	3.250115e+61	4.415980e+62
 821	3.201998e-02	3.524013e+62	7.828271e+63
 822	3.201998e-02	inf	nan
 823	3.201998e-02	2.830450e+63	3.907782e+64
 824	3.201998e-02	4.207934e+118	9.399813e+119
 825	3.201998e-02	2.483957e+60	2.978262e+61
 826	3.201998e-02	8.415869e+118	1.328002e+120
 827	3.201998e-02	5.007193e+119	1.025098e+121
 828	3.201998e-02	4.207934e+118	9.399813e+119
 829	3.201998e-02	7.157274e+61	1.388451e+63
 830	3.201998e-02	2.990185e+116	6.679568e+117
 831	3.201998e-02	inf	nan
 832	3.201998e-02	2.070384e+96	4.624887e+97
 833	3.201998e-02	5.921910e+120	1.322788e+122
 834	3.201998e-02	6.147406e+98	1.373227e+100
 835	3.201998e-02	7.678843e+62	1.236894e+64
 836	3.201998e-02	1.935504e+66	4.323426e+67
 837	3.201998e-02	2.990185e+116	6.679568e+117
 838	3.201998e-02	inf	nan
 839	3.201998e-02	inf	nan
 840	3.201998e-02	3.784821e+121	7.428612e+122
 841	3.201998e-02	inf	nan
 842	3.201998e-02	inf	nan
 843	3.201998e-02	2.513030e+63	3.843429e+64
 844	3.201998e-02	inf	nan
 845	3.201998e-02	4.207934e+118	9.399813e+119
 846	3.201998e-02	2.990185e+116	6.679568e+117
 847	3.201998e-02	1.246062e+61	1.918401e+62
 848	3.201998e-02	inf	nan
 849	3.201998e-02	4.207934e+118	9.399813e+119
 850	3.201998e-02	4.780527e+65	1.067885e+67
 851	3.201998e-02	4.207934e+118	9.399813e+119
 852	3.201998e-02	inf	nan
 853	3.201998e-02	4.207934e+118	9.399813e+119
 854	3.201998e-02	1.583357e+63	3.503099e+64
 855	3.201998e-02	8.415869e+118	1.879963e+120
 856	3.201998e-02	4.207934e+118	9.399813e+119
 857	3.201998e-02	3.565918e+63	7.700746e+64
 858	3.201998e-02	4.207934e+118	9.399813e+119
 859	3.201998e-02	5.323735e+64	1.183551e+66
 860	3.201998e-02	2.142602e+75	4.786210e+76
 861	3.201998e-02	1.184322e+121	1.868829e+122
 862	3.201998e-02	inf	nan
 863	3.201998e-02	7.406270e+62	1.650561e+64
 864	3.201998e-02	4.207934e+118	9.399813e+119
 865	3.201998e-02	2.182309e+78	4.874910e+79
 866	3.201998e-02	8.415869e+118	1.328002e+120
 867	3.201998e-02	3.861061e+83	8.624958e+84
 868	3.201998e-02	3.000517e+120	6.609129e+121
 869	3.201998e-02	2.990185e+116	6.679568e+117
 870	3.201998e-02	inf	nan
 871	3.201998e-02	1.114254e+122	2.489054e+123
 872	3.201998e-02	2.895355e+61	4.214554e+62
 873	3.201998e-02	inf	nan
 874	3.201998e-02	inf	nan
 875	3.201998e-02	1.241985e+90	2.774385e+91
 876	3.201998e-02	1.230475e+63	2.532766e+64
 877	3.201998e-02	4.207934e+118	9.399813e+119
 878	3.201998e-02	6.584956e+121	1.396411e+123
 879	3.201998e-02	8.445770e+118	1.328000e+120
 880	3.201998e-02	1.048899e+61	1.427370e+62
 881	3.201998e-02	2.990185e+116	6.679568e+117
 882	3.201998e-02	4.207934e+118	9.399813e+119
 883	3.201998e-02	5.019252e+120	9.567128e+121
 884	3.201998e-02	inf	nan
 885	3.201998e-02	2.990185e+116	6.679568e+117
 886	3.201998e-02	2.990185e+116	6.679568e+117
 887	3.201998e-02	6.590582e+61	1.436864e+63
 888	3.201998e-02	2.572701e+88	5.746978e+89
 889	3.201998e-02	1.209706e+62	1.663498e+63
 890	3.201998e-02	4.042915e+75	9.031188e+76
 891	3.201998e-02	3.543016e+116	6.790332e+117
 892	3.201998e-02	1.321391e+84	2.921968e+85
 893	3.201998e-02	6.807303e+61	1.437575e+63
 894	3.201998e-02	3.498756e+110	7.815630e+111
 895	3.201998e-02	inf	nan
 896	3.201998e-02	3.741411e+68	8.357680e+69
 897	3.201998e-02	1.242609e+63	2.622622e+64
 898	3.201998e-02	1.199635e+119	2.679781e+120
 899	3.201998e-02	5.921611e+120	1.322788e+122
 900	3.201998e-02	3.206995e+60	6.115157e+61
 901	3.201998e-02	inf	nan
 902	3.201998e-02	1.192051e+63	2.657711e+64
 903	3.201998e-02	7.373072e+118	1.647019e+120
 904	3.201998e-02	5.921611e+120	1.322788e+122
 905	3.201998e-02	8.415869e+118	1.328002e+120
 906	3.201998e-02	9.037931e+118	1.334860e+120
 907	3.201998e-02	5.779459e+120	1.291033e+122
 908	3.201998e-02	3.186270e+61	4.828373e+62
 909	3.201998e-02	1.736106e+118	3.878167e+119
 910	3.201998e-02	1.315504e+62	2.029895e+63
 911	3.201998e-02	4.207934e+118	9.399813e+119
 912	3.201998e-02	8.138981e+85	1.818111e+87
 913	3.201998e-02	inf	nan
 914	3.201998e-02	1.204515e+61	1.921260e+62
 915	3.201998e-02	inf	nan
 916	3.201998e-02	8.340160e+122	1.863051e+124
 917	3.201998e-02	2.990185e+116	6.679568e+117
 918	3.201998e-02	inf	nan
 919	3.201998e-02	5.493234e+87	1.227096e+89
 920	3.201998e-02	5.403715e+60	7.433646e+61
 921	3.201998e-02	inf	nan
 922	3.201998e-02	inf	nan
 923	3.201998e-02	inf	nan
 924	3.201998e-02	5.778388e+91	1.290794e+93
 925	3.201998e-02	2.990185e+116	6.679568e+117
 926	3.201998e-02	6.632085e+61	1.436881e+63
 927	3.201998e-02	4.237836e+118	9.399917e+119
 928	3.201998e-02	2.990185e+116	6.679568e+117
 929	3.201998e-02	2.990185e+116	6.679568e+117
 930	3.201998e-02	2.990185e+116	6.679568e+117
 931	3.201998e-02	1.307190e+63	2.914447e+64
 932	3.201998e-02	4.207934e+118	9.399813e+119
 933	3.201998e-02	3.305268e+62	6.092872e+63
 934	3.197433e-02	2.990185e+116	6.679568e+117
 935	3.197433e-02	3.919745e+127	8.756046e+128
 936	3.197433e-02	1.245619e+82	2.782502e+83
 937	3.197433e-02	2.990185e+116	6.679568e+117
 938	3.197433e-02	4.207934e+118	9.399813e+119
 939	3.197433e-02	2.990185e+116	6.679568e+117
 940	3.197433e-02	inf	nan
 941	3.197433e-02	1.422464e+114	3.177544e+115
 942	3.197433e-02	4.989221e+61	1.082161e+63
 943	3.197433e-02	4.207934e+118	9.399813e+119
 944	3.197433e-02	2.623754e+74	5.861022e+75
 945	3.197433e-02	inf	nan
 946	3.197433e-02	inf	nan
 947	3.197433e-02	1.548946e+63	3.231888e+64
 948	3.197433e-02	5.861432e+62	1.170653e+64
 949	3.197433e-02	1.274329e+61	1.937727e+62
 950	3.197433e-02	4.207934e+118	9.399813e+119
 951	3.197433e-02	2.990185e+116	6.679568e+117
 952	3.197433e-02	6.569873e+61	1.436844e+63
 953	3.197433e-02	5.921910e+120	1.322788e+122
 954	3.197433e-02	6.625593e+61	1.436881e+63
 955	3.197433e-02	7.307013e+61	1.443599e+63
 956	3.197433e-02	3.500529e+72	7.819589e+73
 957	3.197433e-02	inf	nan
 958	3.197433e-02	2.990185e+116	6.679568e+117
 959	3.197433e-02	4.207934e+118	9.399813e+119
 960	3.197433e-02	inf	nan
 961	3.197433e-02	5.921910e+120	1.322788e+122
 962	3.197433e-02	4.207934e+118	9.399813e+119
 963	3.197433e-02	4.267738e+118	9.400019e+119
 964	3.197433e-02	inf	nan
 965	3.197433e-02	4.703424e+67	1.050645e+69
 966	3.197433e-02	inf	nan
 967	3.197433e-02	inf	nan
 968	3.197433e-02	inf	nan
 969	3.197433e-02	4.207934e+118	9.399813e+119
 970	3.197433e-02	1.331073e+148	2.973391e+149
 971	3.197433e-02	1.384020e+63	3.041428e+64
 972	3.197433e-02	8.415869e+118	1.328002e+120
 973	3.197433e-02	1.928155e+120	4.307171e+121
 974	3.197433e-02	2.990185e+116	6.679568e+117
 975	3.197433e-02	1.145343e+61	1.921611e+62
 976	3.197433e-02	inf	nan
 977	3.197433e-02	4.207934e+118	9.399813e+119
 978	3.197433e-02	2.258969e+66	5.042916e+67
 979	3.197433e-02	4.207934e+118	9.399813e+119
 980	3.197433e-02	4.207934e+118	9.399813e+119
 981	3.195459e-02	1.201118e+63	2.679991e+64
 982	3.195459e-02	5.963690e+120	1.322802e+122
 983	3.195459e-02	4.207934e+118	9.399813e+119
 984	3.195459e-02	8.417938e+118	1.328000e+120
 985	3.195459e-02	4.207934e+118	9.399813e+119
 986	3.195459e-02	9.611829e+121	2.147120e+123
 987	3.195459e-02	inf	nan
 988	3.195459e-02	6.419798e+60	1.033597e+62
 989	3.195459e-02	2.389011e+61	3.194358e+62
 990	3.195459e-02	inf	nan
 991	3.195459e-02	4.207934e+118	9.399813e+119
 992	3.195459e-02	1.209252e+64	2.686692e+65
 993	3.195459e-02	6.034103e+100	1.347917e+102
 994	3.195459e-02	1.110554e+62	2.447634e+63
 995	3.195459e-02	inf	nan
 996	3.195459e-02	inf	nan
 997	3.195459e-02	1.257631e+98	2.809335e+99
 998	3.195459e-02	2.203894e+61	2.773025e+62
 999	3.195459e-02	8.418068e+112	1.880454e+114
1000	3.195459e-02	7.264224e+102	1.622705e+104
