   0	2.225422e-01	inf	nan
   1	4.796680e-02	inf	nan
   2	4.796680e-02	inf	nan
   3	nan	nan	nan
   4	2.918284e-02	inf	nan
   5	2.744936e-02	inf	nan
   6	2.394123e-02	inf	nan
   7	2.394123e-02	inf	nan
   8	2.394123e-02	inf	nan
   9	2.394123e-02	inf	nan
  10	2.394123e-02	inf	nan
  11	2.297006e-02	inf	nan
  12	2.123509e-02	inf	nan
  13	2.123509e-02	1.500859e+42	3.258495e+43
  14	1.922334e-02	inf	nan
  15	1.922334e-02	inf	nan
  16	1.922334e-02	inf	nan
  17	1.918433e-02	inf	nan
  18	1.604893e-02	inf	nan
  19	1.604893e-02	inf	nan
  20	1.604893e-02	inf	nan
  21	1.604893e-02	inf	nan
  22	1.604893e-02	inf	nan
  23	1.604893e-02	inf	nan
  24	1.604893e-02	1.523533e+83	3.403315e+84
  25	1.604893e-02	inf	nan
  26	1.604893e-02	inf	nan
  27	1.604893e-02	inf	nan
  28	1.604893e-02	inf	nan
  29	1.604893e-02	inf	nan
  30	1.604893e-02	inf	nan
  31	1.604893e-02	inf	nan
  32	1.595195e-02	inf	nan
  33	1.595195e-02	inf	nan
  34	1.595195e-02	inf	nan
  35	1.408361e-02	inf	nan
  36	1.408361e-02	inf	nan
  37	1.408361e-02	inf	nan
  38	1.408361e-02	inf	nan
  39	1.408361e-02	inf	nan
  40	1.408361e-02	inf	nan
  41	1.408361e-02	inf	nan
  42	1.408361e-02	inf	nan
  43	1.408361e-02	inf	nan
  44	1.408361e-02	inf	nan
  45	1.408361e-02	inf	nan
  46	1.408361e-02	inf	nan
  47	1.408361e-02	inf	nan
  48	1.408361e-02	inf	nan
  49	1.408361e-02	inf	nan
  50	1.408361e-02	inf	nan
  51	1.408361e-02	inf	nan
  52	1.408361e-02	inf	nan
  53	1.408361e-02	inf	nan
  54	1.408361e-02	inf	nan
  55	1.408361e-02	inf	nan
  56	1.408361e-02	inf	nan
  57	1.408361e-02	inf	nan
  58	1.408361e-02	inf	nan
  59	1.408361e-02	inf	nan
  60	1.408361e-02	inf	nan
  61	1.408361e-02	inf	nan
  62	1.408361e-02	inf	nan
  63	1.408361e-02	inf	nan
  64	1.408361e-02	inf	nan
  65	1.408361e-02	inf	nan
  66	1.408361e-02	inf	nan
  67	1.408361e-02	inf	nan
  68	1.408361e-02	inf	nan
  69	1.408361e-02	inf	nan
  70	1.408361e-02	inf	nan
  71	1.408361e-02	inf	nan
  72	1.408361e-02	inf	nan
  73	1.408361e-02	1.772202e+43	3.958504e+44
  74	1.408361e-02	inf	nan
  75	1.408361e-02	inf	nan
  76	1.408361e-02	inf	nan
  77	1.398466e-02	inf	nan
  78	1.398466e-02	inf	nan
  79	1.398466e-02	inf	nan
  80	1.398466e-02	inf	nan
  81	1.398466e-02	inf	nan
  82	1.398466e-02	inf	nan
  83	1.398466e-02	inf	nan
  84	1.398466e-02	inf	nan
  85	1.398466e-02	inf	nan
  86	1.398466e-02	inf	nan
  87	1.398466e-02	inf	nan
  88	1.398466e-02	1.766136e+84	3.945248e+85
  89	1.398466e-02	inf	nan
  90	1.398466e-02	inf	nan
  91	1.398466e-02	inf	nan
  92	1.398466e-02	2.395724e+40	2.544432e+41
  93	1.398466e-02	inf	nan
  94	1.398466e-02	inf	nan
  95	1.398466e-02	inf	nan
  96	1.398466e-02	inf	nan
  97	1.398466e-02	inf	nan
  98	1.398466e-02	inf	nan
  99	1.398466e-02	inf	nan
 100	1.398466e-02	inf	nan
 101	1.398466e-02	inf	nan
 102	1.398466e-02	inf	nan
 103	1.398466e-02	inf	nan
 104	1.398466e-02	inf	nan
 105	1.398466e-02	inf	nan
 106	1.398466e-02	inf	nan
 107	1.398466e-02	inf	nan
 108	1.398466e-02	inf	nan
 109	1.398466e-02	inf	nan
 110	1.398466e-02	inf	nan
 111	1.398466e-02	inf	nan
 112	1.398466e-02	inf	nan
 113	1.398466e-02	inf	nan
 114	1.398466e-02	inf	nan
 115	1.398466e-02	inf	nan
 116	1.398466e-02	7.411880e+116	1.655689e+118
 117	1.398466e-02	inf	nan
 118	1.398466e-02	inf	nan
 119	1.398466e-02	inf	nan
 120	1.398466e-02	inf	nan
 121	1.398466e-02	inf	nan
 122	1.398466e-02	inf	nan
 123	1.398466e-02	inf	nan
 124	1.398466e-02	inf	nan
 125	1.398466e-02	inf	nan
 126	1.398466e-02	inf	nan
 127	1.398466e-02	inf	nan
 128	1.398466e-02	inf	nan
 129	1.398466e-02	1.872337e+65	4.182484e+66
 130	1.398466e-02	inf	nan
 131	1.398466e-02	inf	nan
 132	1.398466e-02	inf	nan
 133	1.398466e-02	inf	nan
 134	1.398466e-02	inf	nan
 135	1.398466e-02	inf	nan
 136	1.398466e-02	inf	nan
 137	1.398466e-02	inf	nan
 138	1.398466e-02	inf	nan
 139	1.398466e-02	inf	nan
 140	1.398466e-02	inf	nan
 141	1.398466e-02	inf	nan
 142	1.398466e-02	inf	nan
 143	1.398466e-02	inf	nan
 144	1.398466e-02	inf	nan
 145	1.398466e-02	inf	nan
 146	1.398466e-02	inf	nan
 147	nan	nan	nan
 148	1.398466e-02	inf	nan
 149	1.398466e-02	inf	nan
 150	1.398466e-02	inf	nan
 151	1.398466e-02	inf	nan
 152	1.398466e-02	inf	nan
 153	1.398466e-02	inf	nan
 154	1.398466e-02	inf	nan
 155	1.398466e-02	inf	nan
 156	1.398466e-02	inf	nan
 157	1.398466e-02	inf	nan
 158	1.398466e-02	inf	nan
 159	1.398466e-02	inf	nan
 160	1.398466e-02	inf	nan
 161	1.398466e-02	inf	nan
 162	1.398466e-02	inf	nan
 163	1.398466e-02	inf	nan
 164	1.398466e-02	inf	nan
 165	1.398466e-02	inf	nan
 166	1.398466e-02	inf	nan
 167	1.398466e-02	inf	nan
 168	1.398466e-02	inf	nan
 169	1.398466e-02	3.395356e+51	7.583760e+52
 170	1.398466e-02	inf	nan
 171	1.398466e-02	inf	nan
 172	1.398466e-02	inf	nan
 173	1.398466e-02	5.720587e+59	1.277882e+61
 174	1.398466e-02	inf	nan
 175	1.398466e-02	inf	nan
 176	1.398466e-02	inf	nan
 177	1.398466e-02	inf	nan
 178	1.398466e-02	inf	nan
 179	1.398466e-02	inf	nan
 180	1.398466e-02	inf	nan
 181	1.398466e-02	inf	nan
 182	1.398466e-02	inf	nan
 183	1.398466e-02	inf	nan
 184	1.398466e-02	inf	nan
 185	1.398466e-02	inf	nan
 186	1.398466e-02	inf	nan
 187	1.398466e-02	1.545021e+87	3.451316e+88
 188	1.398466e-02	inf	nan
 189	1.398466e-02	inf	nan
 190	1.398466e-02	inf	nan
 191	1.398466e-02	inf	nan
 192	1.398466e-02	inf	nan
 193	1.398466e-02	inf	nan
 194	1.398466e-02	2.866848e+41	5.132479e+42
 195	1.398466e-02	inf	nan
 196	1.398466e-02	inf	nan
 197	1.398466e-02	inf	nan
 198	1.398466e-02	inf	nan
 199	1.398466e-02	inf	nan
 200	1.398466e-02	inf	nan
 201	1.398466e-02	inf	nan
 202	1.398466e-02	inf	nan
 203	1.398466e-02	inf	nan
 204	1.398466e-02	inf	nan
 205	1.398466e-02	inf	nan
 206	1.398466e-02	inf	nan
 207	1.390316e-02	inf	nan
 208	1.382618e-02	inf	nan
 209	1.382618e-02	inf	nan
 210	1.382618e-02	inf	nan
 211	1.382618e-02	inf	nan
 212	1.382618e-02	inf	nan
 213	1.382618e-02	inf	nan
 214	1.382618e-02	inf	nan
 215	1.382618e-02	inf	nan
 216	1.382618e-02	inf	nan
 217	1.382618e-02	inf	nan
 218	1.382618e-02	inf	nan
 219	1.382618e-02	inf	nan
 220	1.382618e-02	inf	nan
 221	1.382618e-02	inf	nan
 222	1.382618e-02	inf	nan
 223	nan	nan	nan
 224	1.382618e-02	inf	nan
 225	1.382618e-02	inf	nan
 226	1.382618e-02	inf	nan
 227	1.382618e-02	inf	nan
 228	1.382618e-02	inf	nan
 229	1.382618e-02	inf	nan
 230	1.382618e-02	inf	nan
 231	1.382618e-02	inf	nan
 232	1.382618e-02	inf	nan
 233	1.382618e-02	inf	nan
 234	1.382618e-02	inf	nan
 235	1.382618e-02	inf	nan
 236	1.382618e-02	inf	nan
 237	1.382618e-02	inf	nan
 238	1.382618e-02	inf	nan
 239	1.382618e-02	inf	nan
 240	1.382618e-02	inf	nan
 241	1.382618e-02	inf	nan
 242	1.382618e-02	inf	nan
 243	1.382618e-02	inf	nan
 244	1.382618e-02	inf	nan
 245	1.382618e-02	inf	nan
 246	1.382618e-02	inf	nan
 247	1.382618e-02	inf	nan
 248	1.382618e-02	inf	nan
 249	1.345682e-02	inf	nan
 250	1.345682e-02	inf	nan
 251	1.345682e-02	inf	nan
 252	1.345682e-02	inf	nan
 253	1.345682e-02	inf	nan
 254	1.345682e-02	inf	nan
 255	1.345682e-02	inf	nan
 256	1.345682e-02	inf	nan
 257	1.345682e-02	inf	nan
 258	1.345682e-02	inf	nan
 259	1.345682e-02	inf	nan
 260	1.345682e-02	inf	nan
 261	1.345682e-02	inf	nan
 262	1.345682e-02	inf	nan
 263	1.333950e-02	inf	nan
 264	1.333950e-02	inf	nan
 265	1.333950e-02	inf	nan
 266	1.333950e-02	inf	nan
 267	1.145563e-02	inf	nan
 268	1.145563e-02	inf	nan
 269	1.145563e-02	inf	nan
 270	1.145563e-02	inf	nan
 271	1.145563e-02	inf	nan
 272	1.145563e-02	inf	nan
 273	1.145563e-02	inf	nan
 274	1.145563e-02	inf	nan
 275	1.145563e-02	inf	nan
 276	1.145563e-02	inf	nan
 277	1.145563e-02	inf	nan
 278	1.145563e-02	inf	nan
 279	1.145563e-02	inf	nan
 280	1.145563e-02	inf	nan
 281	1.145563e-02	inf	nan
 282	1.145563e-02	inf	nan
 283	1.145563e-02	inf	nan
 284	1.144751e-02	inf	nan
 285	1.144751e-02	inf	nan
 286	1.144751e-02	inf	nan
 287	1.144751e-02	inf	nan
 288	1.144751e-02	inf	nan
 289	1.144751e-02	inf	nan
 290	1.144751e-02	inf	nan
 291	1.144751e-02	inf	nan
 292	1.144751e-02	inf	nan
 293	1.144751e-02	inf	nan
 294	1.144751e-02	inf	nan
 295	1.144751e-02	inf	nan
 296	1.144751e-02	inf	nan
 297	1.144751e-02	inf	nan
 298	1.144751e-02	inf	nan
 299	1.144751e-02	inf	nan
 300	1.144751e-02	inf	nan
 301	1.144751e-02	inf	nan
 302	1.144751e-02	inf	nan
 303	1.144751e-02	inf	nan
 304	1.144751e-02	inf	nan
 305	1.144751e-02	inf	nan
 306	1.144751e-02	inf	nan
 307	1.144751e-02	inf	nan
 308	1.144751e-02	inf	nan
 309	1.144751e-02	inf	nan
 310	1.144751e-02	inf	nan
 311	1.144751e-02	inf	nan
 312	1.144751e-02	inf	nan
 313	1.144751e-02	inf	nan
 314	1.144751e-02	inf	nan
 315	1.144751e-02	inf	nan
 316	1.144751e-02	inf	nan
 317	1.144751e-02	inf	nan
 318	1.144751e-02	inf	nan
 319	1.144751e-02	inf	nan
 320	1.144751e-02	inf	nan
 321	1.144751e-02	inf	nan
 322	1.144751e-02	inf	nan
 323	1.144751e-02	inf	nan
 324	1.144751e-02	inf	nan
 325	1.144751e-02	inf	nan
 326	1.144751e-02	inf	nan
 327	1.144751e-02	inf	nan
 328	1.144751e-02	inf	nan
 329	1.144751e-02	inf	nan
 330	1.144751e-02	inf	nan
 331	1.144751e-02	inf	nan
 332	1.144751e-02	inf	nan
 333	nan	nan	nan
 334	1.144751e-02	inf	nan
 335	1.144751e-02	inf	nan
 336	1.144751e-02	inf	nan
 337	1.144751e-02	inf	nan
 338	1.144751e-02	inf	nan
 339	1.144751e-02	inf	nan
 340	1.144751e-02	inf	nan
 341	1.144751e-02	inf	nan
 342	1.144751e-02	inf	nan
 343	1.144751e-02	inf	nan
 344	1.144751e-02	inf	nan
 345	1.144751e-02	inf	nan
 346	1.144751e-02	inf	nan
 347	1.144751e-02	inf	nan
 348	1.144751e-02	inf	nan
 349	1.144751e-02	inf	nan
 350	1.144751e-02	inf	nan
 351	1.144751e-02	inf	nan
 352	1.144751e-02	inf	nan
 353	1.144751e-02	inf	nan
 354	1.144751e-02	inf	nan
 355	1.144751e-02	inf	nan
 356	1.144751e-02	inf	nan
 357	1.144751e-02	inf	nan
 358	1.144751e-02	inf	nan
 359	1.144751e-02	inf	nan
 360	1.144751e-02	inf	nan
 361	1.144751e-02	inf	nan
 362	1.144751e-02	inf	nan
 363	8.421167e-03	inf	nan
 364	8.421167e-03	inf	nan
 365	8.421167e-03	inf	nan
 366	8.421167e-03	inf	nan
 367	8.421167e-03	inf	nan
 368	8.421167e-03	inf	nan
 369	8.421167e-03	inf	nan
 370	8.421167e-03	inf	nan
 371	8.421167e-03	inf	nan
 372	8.421167e-03	inf	nan
 373	8.421167e-03	inf	nan
 374	8.421167e-03	inf	nan
 375	8.421167e-03	inf	nan
 376	8.421167e-03	inf	nan
 377	8.421167e-03	inf	nan
 378	8.421167e-03	inf	nan
 379	8.421167e-03	inf	nan
 380	8.421167e-03	inf	nan
 381	8.421167e-03	inf	nan
 382	8.421167e-03	inf	nan
 383	8.421167e-03	inf	nan
 384	8.421167e-03	inf	nan
 385	8.421167e-03	inf	nan
 386	8.421167e-03	inf	nan
 387	8.421167e-03	inf	nan
 388	8.421167e-03	inf	nan
 389	8.421167e-03	inf	nan
 390	8.421167e-03	inf	nan
 391	8.421167e-03	inf	nan
 392	8.421167e-03	inf	nan
 393	8.421167e-03	inf	nan
 394	8.421167e-03	inf	nan
 395	8.421167e-03	inf	nan
 396	8.421167e-03	inf	nan
 397	8.421167e-03	inf	nan
 398	8.421167e-03	inf	nan
 399	8.421167e-03	inf	nan
 400	8.421167e-03	inf	nan
 401	8.421167e-03	inf	nan
 402	8.421167e-03	inf	nan
 403	8.421167e-03	inf	nan
 404	8.421167e-03	inf	nan
 405	8.421167e-03	inf	nan
 406	8.421167e-03	inf	nan
 407	8.421167e-03	inf	nan
 408	8.421167e-03	inf	nan
 409	8.421167e-03	inf	nan
 410	8.421167e-03	inf	nan
 411	8.421167e-03	inf	nan
 412	8.421167e-03	inf	nan
 413	8.421167e-03	inf	nan
 414	8.421167e-03	inf	nan
 415	8.421167e-03	inf	nan
 416	8.421167e-03	inf	nan
 417	8.421167e-03	inf	nan
 418	8.421167e-03	inf	nan
 419	8.421167e-03	inf	nan
 420	8.421167e-03	inf	nan
 421	8.421167e-03	inf	nan
 422	8.421167e-03	inf	nan
 423	8.421167e-03	inf	nan
 424	8.421167e-03	inf	nan
 425	8.421167e-03	inf	nan
 426	8.421167e-03	inf	nan
 427	8.421167e-03	inf	nan
 428	8.421167e-03	inf	nan
 429	8.421167e-03	inf	nan
 430	8.421167e-03	inf	nan
 431	8.421167e-03	inf	nan
 432	8.421167e-03	inf	nan
 433	8.421167e-03	inf	nan
 434	8.421167e-03	inf	nan
 435	8.421167e-03	inf	nan
 436	8.421167e-03	inf	nan
 437	8.421167e-03	inf	nan
 438	8.421167e-03	inf	nan
 439	8.421167e-03	inf	nan
 440	8.421167e-03	inf	nan
 441	8.421167e-03	inf	nan
 442	8.421167e-03	inf	nan
 443	8.421167e-03	inf	nan
 444	8.421167e-03	inf	nan
 445	8.421167e-03	inf	nan
 446	8.421167e-03	inf	nan
 447	8.421167e-03	inf	nan
 448	8.421167e-03	inf	nan
 449	8.421167e-03	inf	nan
 450	8.421167e-03	inf	nan
 451	8.421167e-03	inf	nan
 452	8.421167e-03	inf	nan
 453	8.421167e-03	inf	nan
 454	8.421167e-03	inf	nan
 455	8.421167e-03	inf	nan
 456	8.421167e-03	inf	nan
 457	8.421167e-03	inf	nan
 458	8.421167e-03	inf	nan
 459	8.421167e-03	inf	nan
 460	8.421167e-03	inf	nan
 461	8.421167e-03	inf	nan
 462	8.421167e-03	inf	nan
 463	8.421167e-03	inf	nan
 464	8.421167e-03	inf	nan
 465	8.421167e-03	inf	nan
 466	8.421167e-03	inf	nan
 467	8.421167e-03	inf	nan
 468	8.421167e-03	inf	nan
 469	8.421167e-03	inf	nan
 470	8.421167e-03	inf	nan
 471	8.421167e-03	inf	nan
 472	8.421167e-03	inf	nan
 473	8.421167e-03	inf	nan
 474	8.421167e-03	inf	nan
 475	8.421167e-03	inf	nan
 476	8.421167e-03	inf	nan
 477	8.421167e-03	inf	nan
 478	8.421167e-03	inf	nan
 479	8.227855e-03	inf	nan
 480	8.227855e-03	inf	nan
 481	8.227855e-03	inf	nan
 482	8.227855e-03	inf	nan
 483	8.227855e-03	inf	nan
 484	8.227855e-03	inf	nan
 485	8.227855e-03	inf	nan
 486	8.227855e-03	inf	nan
 487	8.227855e-03	inf	nan
 488	8.227855e-03	inf	nan
 489	8.227855e-03	inf	nan
 490	8.227855e-03	inf	nan
 491	8.227855e-03	inf	nan
 492	8.227855e-03	inf	nan
 493	8.227855e-03	inf	nan
 494	8.227855e-03	inf	nan
 495	8.227855e-03	inf	nan
 496	8.227855e-03	inf	nan
 497	8.227855e-03	inf	nan
 498	8.227855e-03	inf	nan
 499	8.227855e-03	inf	nan
 500	8.227855e-03	inf	nan
 501	8.227855e-03	inf	nan
 502	7.695544e-03	inf	nan
 503	nan	nan	nan
 504	7.695544e-03	inf	nan
 505	7.695544e-03	inf	nan
 506	7.695544e-03	inf	nan
 507	7.695544e-03	inf	nan
 508	7.695544e-03	inf	nan
 509	7.695544e-03	inf	nan
 510	7.695544e-03	inf	nan
 511	7.695544e-03	inf	nan
 512	7.695544e-03	inf	nan
 513	7.695544e-03	inf	nan
 514	7.695544e-03	inf	nan
 515	7.695544e-03	inf	nan
 516	7.695544e-03	inf	nan
 517	7.695544e-03	inf	nan
 518	7.695544e-03	inf	nan
 519	7.695544e-03	inf	nan
 520	7.695544e-03	inf	nan
 521	7.695544e-03	inf	nan
 522	7.695544e-03	inf	nan
 523	7.695544e-03	inf	nan
 524	nan	nan	nan
 525	7.695544e-03	inf	nan
 526	7.695544e-03	inf	nan
 527	7.695544e-03	inf	nan
 528	7.695544e-03	inf	nan
 529	7.695544e-03	inf	nan
 530	7.695544e-03	inf	nan
 531	7.695544e-03	inf	nan
 532	7.695544e-03	inf	nan
 533	7.695544e-03	inf	nan
 534	7.695544e-03	inf	nan
 535	7.695544e-03	inf	nan
 536	7.695544e-03	inf	nan
 537	7.695544e-03	inf	nan
 538	7.695544e-03	inf	nan
 539	7.695544e-03	inf	nan
 540	7.695544e-03	inf	nan
 541	7.695544e-03	inf	nan
 542	7.695544e-03	inf	nan
 543	7.695544e-03	inf	nan
 544	7.695544e-03	inf	nan
 545	7.695544e-03	inf	nan
 546	7.695544e-03	inf	nan
 547	6.712563e-03	inf	nan
 548	6.712563e-03	inf	nan
 549	6.712563e-03	inf	nan
 550	6.712563e-03	inf	nan
 551	6.712563e-03	inf	nan
 552	6.712563e-03	inf	nan
 553	6.712563e-03	inf	nan
 554	6.712563e-03	inf	nan
 555	6.712563e-03	inf	nan
 556	6.712563e-03	inf	nan
 557	6.712563e-03	inf	nan
 558	6.712563e-03	inf	nan
 559	6.712563e-03	inf	nan
 560	6.712563e-03	inf	nan
 561	6.712563e-03	inf	nan
 562	6.712563e-03	inf	nan
 563	6.712563e-03	inf	nan
 564	6.712563e-03	inf	nan
 565	nan	nan	nan
 566	6.712563e-03	inf	nan
 567	6.712563e-03	inf	nan
 568	6.712563e-03	inf	nan
 569	6.712563e-03	inf	nan
 570	6.712563e-03	inf	nan
 571	6.712563e-03	inf	nan
 572	6.712563e-03	inf	nan
 573	6.712563e-03	inf	nan
 574	6.712563e-03	inf	nan
 575	6.712563e-03	inf	nan
 576	6.712563e-03	inf	nan
 577	6.712563e-03	inf	nan
 578	6.712563e-03	inf	nan
 579	6.712563e-03	inf	nan
 580	6.712563e-03	inf	nan
 581	6.712563e-03	inf	nan
 582	6.712563e-03	inf	nan
 583	6.712563e-03	inf	nan
 584	6.712563e-03	inf	nan
 585	6.712563e-03	inf	nan
 586	6.712563e-03	inf	nan
 587	6.712563e-03	inf	nan
 588	6.712563e-03	inf	nan
 589	6.712563e-03	inf	nan
 590	6.712563e-03	inf	nan
 591	6.712563e-03	inf	nan
 592	6.712563e-03	inf	nan
 593	6.712563e-03	inf	nan
 594	6.712563e-03	inf	nan
 595	6.712563e-03	inf	nan
 596	6.712563e-03	inf	nan
 597	6.712563e-03	inf	nan
 598	6.712563e-03	inf	nan
 599	6.712563e-03	inf	nan
 600	6.712563e-03	inf	nan
 601	6.712563e-03	inf	nan
 602	6.712563e-03	inf	nan
 603	6.712563e-03	inf	nan
 604	6.712563e-03	inf	nan
 605	6.712563e-03	inf	nan
 606	6.712563e-03	inf	nan
 607	6.712563e-03	inf	nan
 608	6.712563e-03	inf	nan
 609	6.712563e-03	inf	nan
 610	6.712563e-03	inf	nan
 611	6.712563e-03	inf	nan
 612	6.712563e-03	inf	nan
 613	6.712563e-03	inf	nan
 614	6.712563e-03	inf	nan
 615	6.712563e-03	inf	nan
 616	6.712563e-03	inf	nan
 617	6.712563e-03	inf	nan
 618	6.712563e-03	inf	nan
 619	6.712563e-03	inf	nan
 620	6.712563e-03	inf	nan
 621	nan	nan	nan
 622	6.712563e-03	inf	nan
 623	6.712563e-03	inf	nan
 624	6.712563e-03	inf	nan
 625	6.712563e-03	inf	nan
 626	6.712563e-03	inf	nan
 627	6.712563e-03	inf	nan
 628	6.712563e-03	inf	nan
 629	6.712563e-03	inf	nan
 630	6.712563e-03	inf	nan
 631	6.712563e-03	inf	nan
 632	6.712563e-03	inf	nan
 633	6.712563e-03	inf	nan
 634	6.712563e-03	inf	nan
 635	6.712563e-03	inf	nan
 636	6.712563e-03	inf	nan
 637	6.712563e-03	inf	nan
 638	6.712563e-03	inf	nan
 639	6.712563e-03	inf	nan
 640	6.712563e-03	inf	nan
 641	6.712563e-03	inf	nan
 642	6.712563e-03	inf	nan
 643	6.712563e-03	inf	nan
 644	nan	nan	nan
 645	6.712563e-03	inf	nan
 646	6.712563e-03	inf	nan
 647	6.712563e-03	inf	nan
 648	6.712563e-03	inf	nan
 649	6.712563e-03	inf	nan
 650	6.712563e-03	inf	nan
 651	6.712563e-03	inf	nan
 652	6.712563e-03	inf	nan
 653	6.712563e-03	inf	nan
 654	6.712563e-03	inf	nan
 655	6.712563e-03	inf	nan
 656	6.712563e-03	inf	nan
 657	6.712563e-03	inf	nan
 658	6.712563e-03	inf	nan
 659	6.712563e-03	inf	nan
 660	6.712563e-03	inf	nan
 661	6.712563e-03	inf	nan
 662	6.712563e-03	inf	nan
 663	6.712563e-03	inf	nan
 664	6.712563e-03	inf	nan
 665	6.712563e-03	inf	nan
 666	6.712563e-03	inf	nan
 667	6.712563e-03	inf	nan
 668	6.712563e-03	inf	nan
 669	6.712563e-03	inf	nan
 670	6.712563e-03	inf	nan
 671	6.712563e-03	inf	nan
 672	6.712563e-03	inf	nan
 673	6.712563e-03	inf	nan
 674	6.712563e-03	inf	nan
 675	6.712563e-03	inf	nan
 676	6.712563e-03	inf	nan
 677	6.712563e-03	inf	nan
 678	6.712563e-03	inf	nan
 679	6.712563e-03	inf	nan
 680	6.712563e-03	inf	nan
 681	6.712563e-03	inf	nan
 682	6.712563e-03	inf	nan
 683	6.712563e-03	inf	nan
 684	6.712563e-03	inf	nan
 685	6.712563e-03	inf	nan
 686	6.712563e-03	inf	nan
 687	6.712563e-03	inf	nan
 688	6.712563e-03	inf	nan
 689	6.712563e-03	inf	nan
 690	6.712563e-03	inf	nan
 691	6.712563e-03	inf	nan
 692	6.712563e-03	inf	nan
 693	6.712563e-03	inf	nan
 694	6.712563e-03	inf	nan
 695	6.712563e-03	inf	nan
 696	6.712563e-03	inf	nan
 697	6.712563e-03	inf	nan
 698	6.712563e-03	inf	nan
 699	6.712563e-03	inf	nan
 700	6.712563e-03	inf	nan
 701	6.712563e-03	inf	nan
 702	6.712563e-03	inf	nan
 703	6.712563e-03	inf	nan
 704	6.712563e-03	inf	nan
 705	6.712563e-03	inf	nan
 706	nan	nan	nan
 707	nan	nan	nan
 708	6.712563e-03	inf	nan
 709	6.712563e-03	inf	nan
 710	6.712563e-03	inf	nan
 711	6.712563e-03	inf	nan
 712	6.712563e-03	inf	nan
 713	6.712563e-03	inf	nan
 714	6.712563e-03	inf	nan
 715	6.712563e-03	inf	nan
 716	6.712563e-03	inf	nan
 717	6.712563e-03	inf	nan
 718	6.712563e-03	inf	nan
 719	6.712563e-03	inf	nan
 720	6.712563e-03	inf	nan
 721	6.712563e-03	inf	nan
 722	6.712563e-03	inf	nan
 723	6.712563e-03	inf	nan
 724	6.712563e-03	inf	nan
 725	6.712563e-03	inf	nan
 726	6.712563e-03	inf	nan
 727	6.712563e-03	inf	nan
 728	6.712563e-03	inf	nan
 729	6.712563e-03	inf	nan
 730	6.712563e-03	inf	nan
 731	6.712563e-03	inf	nan
 732	6.712563e-03	inf	nan
 733	6.712563e-03	inf	nan
 734	6.712563e-03	inf	nan
 735	6.712563e-03	inf	nan
 736	6.712563e-03	inf	nan
 737	6.712563e-03	inf	nan
 738	6.712563e-03	inf	nan
 739	6.712563e-03	inf	nan
 740	6.712563e-03	inf	nan
 741	6.712563e-03	inf	nan
 742	6.712563e-03	inf	nan
 743	nan	nan	nan
 744	6.712563e-03	inf	nan
 745	6.712563e-03	inf	nan
 746	6.712563e-03	inf	nan
 747	6.712563e-03	inf	nan
 748	6.712563e-03	inf	nan
 749	6.712563e-03	inf	nan
 750	6.712563e-03	inf	nan
 751	6.712563e-03	inf	nan
 752	6.712563e-03	inf	nan
 753	6.712563e-03	inf	nan
 754	6.712563e-03	inf	nan
 755	6.712563e-03	inf	nan
 756	6.712563e-03	inf	nan
 757	6.712563e-03	inf	nan
 758	6.712563e-03	inf	nan
 759	6.712563e-03	inf	nan
 760	6.712563e-03	inf	nan
 761	6.712563e-03	inf	nan
 762	6.712563e-03	inf	nan
 763	6.712563e-03	inf	nan
 764	nan	nan	nan
 765	6.712563e-03	inf	nan
 766	6.712563e-03	inf	nan
 767	6.712563e-03	inf	nan
 768	6.712563e-03	inf	nan
 769	6.712563e-03	inf	nan
 770	6.712563e-03	inf	nan
 771	6.712563e-03	inf	nan
 772	6.712563e-03	inf	nan
 773	6.712563e-03	inf	nan
 774	6.712563e-03	inf	nan
 775	6.712563e-03	inf	nan
 776	6.712563e-03	inf	nan
 777	6.712563e-03	inf	nan
 778	6.712563e-03	inf	nan
 779	6.712563e-03	inf	nan
 780	6.712563e-03	inf	nan
 781	6.712563e-03	inf	nan
 782	6.712563e-03	inf	nan
 783	6.712563e-03	inf	nan
 784	6.712563e-03	inf	nan
 785	6.712563e-03	inf	nan
 786	6.712563e-03	inf	nan
 787	6.712563e-03	inf	nan
 788	6.712563e-03	inf	nan
 789	6.712563e-03	inf	nan
 790	6.712563e-03	inf	nan
 791	6.712563e-03	inf	nan
 792	6.712563e-03	inf	nan
 793	6.712563e-03	inf	nan
 794	6.712563e-03	inf	nan
 795	6.712563e-03	inf	nan
 796	6.712563e-03	inf	nan
 797	6.712563e-03	inf	nan
 798	6.712563e-03	inf	nan
 799	6.712563e-03	inf	nan
 800	6.712563e-03	inf	nan
 801	6.712563e-03	inf	nan
 802	6.712563e-03	inf	nan
 803	6.712563e-03	inf	nan
 804	6.712563e-03	inf	nan
 805	6.712563e-03	inf	nan
 806	6.712563e-03	inf	nan
 807	6.712563e-03	inf	nan
 808	6.712563e-03	inf	nan
 809	6.712563e-03	7.704787e+64	1.721119e+66
 810	6.712563e-03	inf	nan
 811	6.712563e-03	inf	nan
 812	6.712563e-03	inf	nan
 813	6.712563e-03	inf	nan
 814	6.712563e-03	inf	nan
 815	6.712563e-03	inf	nan
 816	6.712563e-03	inf	nan
 817	6.712563e-03	inf	nan
 818	6.712563e-03	inf	nan
 819	6.712563e-03	inf	nan
 820	nan	nan	nan
 821	6.712563e-03	inf	nan
 822	6.712563e-03	inf	nan
 823	6.712563e-03	inf	nan
 824	6.712563e-03	inf	nan
 825	6.712563e-03	inf	nan
 826	6.712563e-03	inf	nan
 827	6.668493e-03	inf	nan
 828	6.668493e-03	inf	nan
 829	6.668493e-03	inf	nan
 830	6.668493e-03	inf	nan
 831	6.668493e-03	inf	nan
 832	6.549341e-03	inf	nan
 833	6.549341e-03	inf	nan
 834	6.549341e-03	inf	nan
 835	6.549341e-03	inf	nan
 836	6.549341e-03	inf	nan
 837	6.549341e-03	inf	nan
 838	6.549341e-03	inf	nan
 839	6.549341e-03	inf	nan
 840	6.549341e-03	inf	nan
 841	6.549341e-03	inf	nan
 842	6.549341e-03	inf	nan
 843	6.549341e-03	inf	nan
 844	6.549341e-03	inf	nan
 845	6.549341e-03	inf	nan
 846	6.549341e-03	inf	nan
 847	6.549341e-03	inf	nan
 848	6.549341e-03	inf	nan
 849	6.549341e-03	inf	nan
 850	6.549341e-03	inf	nan
 851	6.549341e-03	inf	nan
 852	6.549341e-03	inf	nan
 853	6.549341e-03	inf	nan
 854	6.549341e-03	inf	nan
 855	6.549341e-03	inf	nan
 856	6.549341e-03	inf	nan
 857	6.549341e-03	inf	nan
 858	6.549341e-03	inf	nan
 859	6.549341e-03	inf	nan
 860	6.549341e-03	inf	nan
 861	nan	nan	nan
 862	6.549341e-03	inf	nan
 863	6.549341e-03	inf	nan
 864	6.549341e-03	inf	nan
 865	6.549341e-03	inf	nan
 866	6.549341e-03	inf	nan
 867	6.549341e-03	inf	nan
 868	6.549341e-03	inf	nan
 869	6.549341e-03	inf	nan
 870	6.549341e-03	inf	nan
 871	6.549341e-03	inf	nan
 872	6.549341e-03	inf	nan
 873	6.549341e-03	inf	nan
 874	6.549341e-03	inf	nan
 875	6.549341e-03	inf	nan
 876	6.549341e-03	inf	nan
 877	6.549341e-03	inf	nan
 878	nan	nan	nan
 879	6.549341e-03	inf	nan
 880	6.549341e-03	inf	nan
 881	6.549341e-03	inf	nan
 882	6.549341e-03	inf	nan
 883	6.549341e-03	inf	nan
 884	6.549341e-03	inf	nan
 885	6.549341e-03	inf	nan
 886	6.549341e-03	inf	nan
 887	6.549341e-03	inf	nan
 888	6.549341e-03	inf	nan
 889	6.549341e-03	inf	nan
 890	6.549341e-03	inf	nan
 891	6.549341e-03	inf	nan
 892	6.549341e-03	inf	nan
 893	6.549341e-03	inf	nan
 894	6.549341e-03	inf	nan
 895	6.549341e-03	inf	nan
 896	6.549341e-03	inf	nan
 897	6.549341e-03	inf	nan
 898	6.549341e-03	inf	nan
 899	6.549341e-03	inf	nan
 900	6.549341e-03	inf	nan
 901	6.549341e-03	inf	nan
 902	6.549341e-03	inf	nan
 903	6.549341e-03	inf	nan
 904	6.549341e-03	inf	nan
 905	6.549341e-03	inf	nan
 906	6.549341e-03	inf	nan
 907	6.549341e-03	inf	nan
 908	6.549341e-03	inf	nan
 909	6.549341e-03	inf	nan
 910	6.549341e-03	inf	nan
 911	6.549341e-03	inf	nan
 912	6.549341e-03	inf	nan
 913	6.549341e-03	inf	nan
 914	6.549341e-03	inf	nan
 915	6.549341e-03	inf	nan
 916	6.549341e-03	inf	nan
 917	6.549341e-03	inf	nan
 918	6.549341e-03	inf	nan
 919	6.549341e-03	inf	nan
 920	6.549341e-03	inf	nan
 921	6.549341e-03	inf	nan
 922	6.549341e-03	inf	nan
 923	6.549341e-03	inf	nan
 924	6.549341e-03	inf	nan
 925	nan	nan	nan
 926	6.549341e-03	inf	nan
 927	6.549341e-03	inf	nan
 928	6.549341e-03	inf	nan
 929	6.549341e-03	inf	nan
 930	6.549341e-03	inf	nan
 931	6.549341e-03	inf	nan
 932	6.549341e-03	inf	nan
 933	6.549341e-03	inf	nan
 934	6.549341e-03	inf	nan
 935	6.549341e-03	inf	nan
 936	6.549341e-03	inf	nan
 937	6.549341e-03	inf	nan
 938	6.536549e-03	inf	nan
 939	6.536549e-03	inf	nan
 940	6.536549e-03	inf	nan
 941	6.536549e-03	inf	nan
 942	6.536549e-03	inf	nan
 943	6.536549e-03	inf	nan
 944	6.536549e-03	inf	nan
 945	6.536549e-03	inf	nan
 946	6.536549e-03	inf	nan
 947	6.536549e-03	inf	nan
 948	6.536549e-03	inf	nan
 949	6.536549e-03	inf	nan
 950	6.536549e-03	inf	nan
 951	6.536549e-03	inf	nan
 952	6.536549e-03	inf	nan
 953	6.536549e-03	inf	nan
 954	6.536549e-03	inf	nan
 955	6.536549e-03	inf	nan
 956	6.536549e-03	inf	nan
 957	6.536549e-03	inf	nan
 958	6.536549e-03	inf	nan
 959	6.536549e-03	inf	nan
 960	6.536549e-03	inf	nan
 961	6.536549e-03	inf	nan
 962	6.536549e-03	inf	nan
 963	6.536549e-03	inf	nan
 964	6.536549e-03	inf	nan
 965	6.536549e-03	inf	nan
 966	6.536549e-03	inf	nan
 967	6.536549e-03	inf	nan
 968	6.536549e-03	inf	nan
 969	6.536549e-03	inf	nan
 970	6.536549e-03	inf	nan
 971	6.536549e-03	inf	nan
 972	6.536549e-03	inf	nan
 973	6.536549e-03	inf	nan
 974	6.536549e-03	inf	nan
 975	6.536549e-03	inf	nan
 976	6.536549e-03	inf	nan
 977	6.536549e-03	inf	nan
 978	6.536549e-03	inf	nan
 979	6.536549e-03	inf	nan
 980	6.536549e-03	inf	nan
 981	6.536549e-03	inf	nan
 982	6.536549e-03	inf	nan
 983	6.536549e-03	inf	nan
 984	6.536549e-03	inf	nan
 985	6.536549e-03	inf	nan
 986	6.536549e-03	inf	nan
 987	6.536549e-03	inf	nan
 988	6.536549e-03	inf	nan
 989	6.536549e-03	inf	nan
 990	6.536549e-03	inf	nan
 991	6.536549e-03	inf	nan
 992	6.536549e-03	inf	nan
 993	6.536549e-03	inf	nan
 994	6.536549e-03	inf	nan
 995	6.536549e-03	inf	nan
 996	6.536549e-03	inf	nan
 997	nan	nan	nan
 998	6.536549e-03	inf	nan
 999	6.536549e-03	inf	nan
1000	nan	nan	nan
